user_id,item_id,rating
B000G6RYNE,A2OEUROGZDTXUJ,5
B000G6RYNE,A22PUBSSNP54L,5
B000G6RYNE,AYB4ELCS5AM8P,5
B000G6RYNE,A2MUGFV2TDQ47K,3
B000G6RYNE,A3RMGIKUWGPZOK,5
B000G6RYNE,A3PJZ8TU8FDQ1K,5
B000G6RYNE,A3PJZ8TU8FDQ1K,5
B000G6RYNE,A31N6KB160O508,4
B000G6RYNE,A31N6KB160O508,4
B000G6RYNE,A31N6KB160O508,4
B000G6RYNE,A1B05INWIDZ74O,3
B000G6RYNE,A1B05INWIDZ74O,5
B000G6RYNE,A2OEUROGZDTXUJ,4
B000G6RYNE,A38KP1POQ191WT,1
B000G6RYNE,ACYR6O588USK,5
B000G6RYNE,AY1EF0GOH80EK,5
B000G6RYNE,A2A1XYSB692L6J,5
B000G6RYNE,A3RMGIKUWGPZOK,3
B000G6RYNE,A2TN9C5E4A0I3F,1
B000G6RYNE,AR7TAEEUDHMUB,1
B000G6RYNE,ADS5APY1NKTL4,5
B000G6RYNE,A3RMGIKUWGPZOK,5
B000G6RYNE,A3PJZ8TU8FDQ1K,5
B000G6RYNE,A1Q7A78VSQ5GQ4,5
B000G6RYNE,A2A8KWCE8RKB9T,4
B000G6RYNE,A2OEUROGZDTXUJ,5
B000G6RYNE,A2II09GQGWOMTQ,5
B000G6RYNE,AQQLWCMRNDFGI,4
B000G6RYNE,A24ZV048V7J0MT,5
B000G6RYNE,A3RMGIKUWGPZOK,5
B000G6RYNE,A3PJZ8TU8FDQ1K,5
B000G6RYNE,A3PJZ8TU8FDQ1K,5
B000G6RYNE,A2YKWYC3WQJX5J,5
B000G6RYNE,AKMEY1BSHSDG7,5
B000G6RYNE,ADS5APY1NKTL4,5
B000G6RYNE,A3M174IC0VXOS2,5
B000G6RYNE,A2OL5WLCNZVD9K,3
B001RVFDOO,A3PD8JD9L4WEII,4
B001RVFDOO,A2YMCPP3KW9IXU,5
B001RVFDOO,A1I85Y08VRZ32Q,5
B001RVFDOO,A132ETQPMHQ585,2
B001RVFDOO,A1F7YU6O5RU432,3
B001RVFDOO,A2RL1RS6PWUHWI,2
B001RVFDOO,AQLL2R1PPR46X,5
B001RVFDOO,A19123D9G66E0O,3
B000F9Z1WI,A3M8R4JD1SIS76,5
B000F9Z1WI,A2R6RA8FRBS608,5
B000F9Z1WI,A2YB7DLC3FOR7W,5
B000F9Z1WI,A3DOPYDOS49I3T,4
B000F9Z1WI,A26HFSVLAGULIM,4
B000F9Z1WI,A3M174IC0VXOS2,5
B005K4Q1VI,AKJHHD5VEH7VG,3
B005K4Q1VI,A3OXHLG6DIBRW8,5
B005K4Q1VI,A3OXHLG6DIBRW8,5
B005K4Q1VI,A35R32TA60XD57,1
B005K4Q1VI,A2YHXAZLCLDT8D,5
B002TMV3E4,A281NPSIMI1C2R,5
B002TMV3E4,ALSAOZ1V546VT,5
B002TMV3E4,A1UQBFCERIP7VJ,4
B002TMV3E4,A6KL17KKN0A5L,3
B002TMV3E4,A1AEPMPA12GUJ7,4
B002TMV3E4,A1H7Y5XKPGT0OS,3
B002TMV3E4,A1X2LENOF84LCQ,3
B002TMV3E4,AK8LOFYRZJJW0,3
B002TMV3E4,A25C2M3QF9G7OQ,5
B002TMV3E4,A2FRFAQCWZJT3Q,5
B002TMV3E4,A2OWR5G2OAQF7C,4
B002TMV3E4,AF3BYMPWKWO8F,2
B001LG945O,A9NXTC0HTPSDO,5
B001LG945O,A3FY3H6F4249E0,3
B001LG945O,A1B6O7SAIYG2N0,3
B001LG945O,A2TO2BN3P4C00L,4
B001LG945O,A16AXQ11SZA8SQ,5
B001LG945O,A3M8R4JD1SIS76,3
B001LG945O,A16WPA6JV83YXT,2
B001LG945O,A35JP8KSV9281K,3
B001LG945O,A1H7Y5XKPGT0OS,2
B001LG945O,A353U0L2HAMSHV,3
B001LG945O,A1P2XYD265YE21,5
B001LG945O,A2OWR5G2OAQF7C,5
B001LG945O,A3PJZ8TU8FDQ1K,4
B001LG945O,A1ONZ8JRPLBNUI,5
B001LG945O,A11ED8O95W2103,3
B001LG945O,A2Y8IDC1FKGNJC,2
B001LG945O,A1B05INWIDZ74O,4
B001LG945O,A1SCANWWQTEG9I,1
B001LG945O,ADS5APY1NKTL4,5
B001LG945O,A1AEPMPA12GUJ7,4
B003VXFK44,A2UCZAWAN5QMJQ,4
B003VXFK44,A35R32TA60XD57,5
B003VXFK44,A2SZLNSI5KOQJT,4
B003VXFK44,A2SZLNSI5KOQJT,5
B003VXFK44,A17HMM1M7T9PJ1,4
B003VXFK44,A2SZLNSI5KOQJT,3
B003VXFK44,A26NFIQ7KWI8Y7,3
B003VXFK44,A2TJG4N8LNJW23,4
B003VXFK44,A2SZLNSI5KOQJT,3
B003VXFK44,AYOMAHLWRQHUG,5
B003VXFK44,A2D1LPEUCTNT8X,3
B003VXFK44,A3OXRFCJI67IMN,4
B003VXFK44,AQQLWCMRNDFGI,4
B003VXFK44,A2KUUWP4ZZMOBP,4
B003VXFK44,A2SZLNSI5KOQJT,4
B003VXFK44,A26NFIQ7KWI8Y7,1
B003VXFK44,AYOMAHLWRQHUG,5
B003VXFK44,A35R32TA60XD57,5
B003VXFK44,AQQLWCMRNDFGI,4
B006N3IG4K,A2UCZAWAN5QMJQ,4
B006N3IG4K,A35R32TA60XD57,5
B006N3IG4K,A2SZLNSI5KOQJT,4
B006N3IG4K,A2SZLNSI5KOQJT,5
B006N3IG4K,A17HMM1M7T9PJ1,4
B006N3IG4K,A2SZLNSI5KOQJT,3
B006N3IG4K,A26NFIQ7KWI8Y7,3
B006N3IG4K,A2TJG4N8LNJW23,4
B006N3IG4K,A2SZLNSI5KOQJT,3
B006N3IG4K,AYOMAHLWRQHUG,5
B006N3IG4K,A2D1LPEUCTNT8X,3
B006N3IG4K,A3OXRFCJI67IMN,4
B006N3IG4K,AQQLWCMRNDFGI,4
B006N3IG4K,A2KUUWP4ZZMOBP,4
B006N3IG4K,A2SZLNSI5KOQJT,4
B006N3IG4K,A26NFIQ7KWI8Y7,1
B006N3IG4K,AYOMAHLWRQHUG,5
B006N3IG4K,A35R32TA60XD57,5
B006N3IG4K,AQQLWCMRNDFGI,4
B0034KP00S,A1TMAVN4CEM8U8,5
B0034KP00S,A7EK88GF8N40F,5
B0034KP00S,A1TMAVN4CEM8U8,5
B0034KP00S,A1TMAVN4CEM8U8,5
B0034KP00S,A1TMAVN4CEM8U8,5
B0034KP00S,A1TMAVN4CEM8U8,5
B0034KP00S,A3094EPI56GKZ6,5
B0034KP00S,A1P2XYD265YE21,5
B0034KP00S,A361PLXEWB9UC1,5
B0034KP00S,A1TMAVN4CEM8U8,5
B0034KP00S,A2XNJJ9TF70P4J,1
B001KVPC0G,A2OL5WLCNZVD9K,5
B001KVPC0G,A1X1CEGHTHMBL1,5
B001KVPC0G,AJCK6OKNWGIYG,5
B001KVPC0G,A1TMAVN4CEM8U8,5
B001KVPC0G,A1TMAVN4CEM8U8,5
B001CD1VI4,A1KEK09ZA6J9P8,5
B001CD1VI4,AY1EF0GOH80EK,5
B001CD1VI4,A2A8KWCE8RKB9T,5
B001CD1VI4,A3PD8JD9L4WEII,5
B001CD1VI4,A3BH49ZKESHDID,5
B001CD1VI4,A2MUGFV2TDQ47K,5
B001CD1VI4,A1XGFW5016CGQI,5
B001CD1VI4,AJB5P7GVR0MT8,3
B001CD1VI4,A1RRMZKOMZ2M7J,2
B000FBM3YK,ALSAOZ1V546VT,5
B000FBM3YK,AXO4PQU0XG3TG,5
B000FBM3YK,A13K3ZLWAWN1EI,5
B000FBM3YK,A2OWR2PL3DLWS4,5
B000FBM3YK,A2OWR2PL3DLWS4,5
B000FBM3YK,A2OWR2PL3DLWS4,5
B000FBM3YK,A13K3ZLWAWN1EI,5
B000FBM3YK,ALSAOZ1V546VT,5
B000FBM3YK,A2IYLMDQGBB4VG,2
B004OLKF60,A1B6O7SAIYG2N0,5
B004OLKF60,A2SZLNSI5KOQJT,5
B004OLKF60,AYOMAHLWRQHUG,4
B004OLKF60,A2SZLNSI5KOQJT,3
B004OLKF60,A2SZLNSI5KOQJT,2
B0045XE32E,A100WO06OQR8BQ,5
B0045XE32E,AWKZAUC0D8DYL,5
B0045XE32E,A9NXTC0HTPSDO,5
B0045XE32E,A3T0OTH5072YRE,4
B0045XE32E,AKJHHD5VEH7VG,5
B0045XE32E,A29M09QBG9TZLP,2
B0045XE32E,A1P2XYD265YE21,5
B0045XE32E,A2SZLNSI5KOQJT,5
B0045XE32E,A2O421DTA8J0RW,4
B0045XE32E,AT9U5ZE5OO84C,5
B0045XE32E,A175N19FS2B4J,3
B0045XE32E,A3DOPYDOS49I3T,5
B0045XE32E,A16AXQ11SZA8SQ,4
B0045XE32E,A3HPCRD9RX351S,4
B0045XE32E,A1YJMG0QJXZLD4,3
B0045XE32E,A1JMR1N9NBYJ1X,5
B0045XE32E,A3MZNRSDQ32UUH,5
B0045XE32E,A3094EPI56GKZ6,4
B0045XE32E,AQLL2R1PPR46X,3
B00503DP0O,A7EK88GF8N40F,3
B00503DP0O,A11OTLEDSW8ZXD,5
B00503DP0O,A3D9NUCR4RXDPY,4
B00503DP0O,AK8LOFYRZJJW0,4
B00503DP0O,A1Q7A78VSQ5GQ4,5
B00503DP0O,AK7CAW3N1XZV6,5
B00503DP0O,A3OXHLG6DIBRW8,4
B00503DP0O,AEL6CQNQXONBX,4
B00503DP0O,AJQDIT55SZ3ZX,5
B000255OIG,A29JUMRL1US6YP,5
B000255OIG,AJD41FBJD9010,5
B000255OIG,AJD41FBJD9010,5
B000255OIG,AJD41FBJD9010,5
B000255OIG,AJD41FBJD9010,5
B000255OIG,AJD41FBJD9010,5
B000255OIG,AJD41FBJD9010,5
B007TJGZ5E,A2TJG4N8LNJW23,4
B007TJGZ5E,A3PJZ8TU8FDQ1K,5
B007TJGZ5E,A3OXHLG6DIBRW8,5
B007TJGZ5E,A17HMM1M7T9PJ1,5
B007TJGZ5E,A3OXHLG6DIBRW8,5
B007TJGZ5E,A3PJZ8TU8FDQ1K,5
B007TJGZ5E,AQQLWCMRNDFGI,3
B001LGGH40,A353U0L2HAMSHV,3
B001LGGH40,A16AXQ11SZA8SQ,5
B001LGGH40,A3DOPYDOS49I3T,5
B001LGGH40,ACAXV4V8PBCE3,2
B001LGGH40,A3D9NUCR4RXDPY,3
B001LGGH40,A25C2M3QF9G7OQ,3
B001LGGH40,A22CW0ZHY3NJH8,3
B001LGGH40,A2FRFAQCWZJT3Q,1
B001LGGH40,A1H7Y5XKPGT0OS,1
B001LGGH40,ADS5APY1NKTL4,5
B001LGGH40,A1RRMZKOMZ2M7J,4
B001LGGH40,A3HPCRD9RX351S,3
B001LGGH40,A1SCANWWQTEG9I,3
B001LGGH40,A35JP8KSV9281K,5
B001LGGH40,A250AXLRBVYKB4,2
B001LGGH40,A1P2XYD265YE21,5
B001LGGH40,A16WPA6JV83YXT,4
B001LGGH40,AWKZAUC0D8DYL,5
B001LGGH40,A2MSQNPTNAAGL1,5
B001LGGH40,A13MKSASQ6YWL7,4
B001LGGH40,AMRMK86X3PKXD,4
B001LGGH40,ACYR6O588USK,5
B001LGGH40,A1YUL9PCJR3JTY,3
B001LGGH40,A1B05INWIDZ74O,4
B001LGGH40,A1LHAXBM5GBJS2,4
B001LGGH40,A1IH42TUIZ2XJL,1
B001LGGH40,A1ZH9LWMX5UCFJ,5
B001E5E20O,A1RLP0R1N8H8C4,5
B001E5E20O,A250AXLRBVYKB4,5
B001E5E20O,ALSAOZ1V546VT,5
B001E5E20O,A2Y8IDC1FKGNJC,5
B001E5E20O,A2MSQNPTNAAGL1,5
B001E5E20O,A1AEPMPA12GUJ7,4
B001E5E20O,A2G7B7FKP2O2PU,5
B001E5E20O,A2M9D9BDHONV3Y,5
B0030VBRIU,A4DTM6B4IBYQX,5
B0030VBRIU,A4DTM6B4IBYQX,5
B0030VBRIU,A20P8VC55KPPCT,5
B0030VBRIU,A4DTM6B4IBYQX,2
B0030VBRIU,A20P8VC55KPPCT,5
B0030VBRIU,A20P8VC55KPPCT,5
B001BDDTB2,A1RRMZKOMZ2M7J,4
B001BDDTB2,A1AEPMPA12GUJ7,3
B001BDDTB2,A1Q7A78VSQ5GQ4,5
B001BDDTB2,AF3BYMPWKWO8F,1
B001BDDTB2,A3FKGKUCI3DG9U,3
B001BDDTB2,A3FKGKUCI3DG9U,3
B001BDDTB2,A3FKGKUCI3DG9U,3
B001BDDTB2,A3FKGKUCI3DG9U,3
B001BDDTB2,A2PNOU7NXB1JE4,3
B001BDDTB2,A2FRFAQCWZJT3Q,4
B001BDDTB2,A2W9I628I6SE1U,4
B001BDDTB2,A1RLP0R1N8H8C4,5
B001BDDTB2,A25C2M3QF9G7OQ,3
B001BDDTB2,A1JMR1N9NBYJ1X,4
B001BDDTB2,A2PNOU7NXB1JE4,4
B001BDDTB2,A1Z4LX3Q1YMF84,5
B001BDDTB2,A1RLP0R1N8H8C4,5
B001BDDTB2,A250AXLRBVYKB4,5
B001BDDTB2,APP8XWYYV4PAA,5
B001BDDTB2,AF3BYMPWKWO8F,3
B001BDDTB2,AF3BYMPWKWO8F,1
B001BDDTB2,A1KEK09ZA6J9P8,5
B001BDDTB2,AF3BYMPWKWO8F,1
B001BDDTB2,A2PNOU7NXB1JE4,2
B001BDDTB2,AF3BYMPWKWO8F,1
B001BDDTB2,A16AXQ11SZA8SQ,5
B001BDDTB2,AK8LOFYRZJJW0,4
B001BDDTB2,A13MKSASQ6YWL7,5
B001BDDTB2,AQLL2R1PPR46X,5
B001BDDTB2,AQLL2R1PPR46X,5
B001BDDTB2,A2G7B7FKP2O2PU,5
B001BDDTB2,AF3BYMPWKWO8F,1
B001BDDTB2,A3MZNRSDQ32UUH,5
B001BDDTB2,A2G7B7FKP2O2PU,5
B001BDDTB2,A1JMR1N9NBYJ1X,4
B001BDDTB2,APP8XWYYV4PAA,5
B001BDDTB2,A2R1HUYHXV7H18,4
B001BDDTB2,AF3BYMPWKWO8F,1
B001BDDTB2,AF3BYMPWKWO8F,1
B001BDDTB2,AF3BYMPWKWO8F,1
B001BDDTB2,A2YSFKX18XTHED,5
B001BDDTB2,A3FKGKUCI3DG9U,3
B001BDDTB2,A3FKGKUCI3DG9U,3
B001BDDTB2,A2FRFAQCWZJT3Q,5
B001BDDTB2,A1HRYC60VTMYC0,5
B001BDDTB2,A250AXLRBVYKB4,4
B001HTJ49G,A393F381MA82AY,5
B001HTJ49G,A2Y8IDC1FKGNJC,5
B001HTJ49G,ACAIEIV03NBHY,5
B001HTJ49G,AK7CAW3N1XZV6,5
B001HTJ49G,A1ZPY91VE3IDN1,5
B001HTJ49G,AY1EF0GOH80EK,5
B001HTJ49G,A1RRMZKOMZ2M7J,2
B001HTJ49G,A37CENQP0ZNKVE,5
B004ZIER34,A2MSQNPTNAAGL1,4
B004ZIER34,A1DH3QDZX8Z7GO,4
B004ZIER34,AIEEK7AHXKZCC,4
B004ZIER34,A2FRFAQCWZJT3Q,4
B004ZIER34,A1P2XYD265YE21,5
B004ZIER34,A22PUBSSNP54L,4
B004ZIER34,A35X2JJI49OBZP,4
B004ZIER34,A1H7Y5XKPGT0OS,4
B004ZIER34,A1GQAKL9CGQLP1,5
B004ZIER34,A1W415JP5WEAJK,4
B004ZIER34,A1A1BM6N28X9J0,5
B004ZIER34,ACYR6O588USK,5
B004ZIER34,A29M09QBG9TZLP,2
B004ZIER34,A1Z54EM24Y40LL,4
B004ZIER34,A1IH42TUIZ2XJL,5
B004ZIER34,AK7CAW3N1XZV6,4
B004ZIER34,A1HRYC60VTMYC0,3
B004ZIER34,A19SDJ2TSSL8HI,3
B004ZIER34,A1B6O7SAIYG2N0,2
B004ZIER34,A3HPCRD9RX351S,2
B004ZIER34,A1AEPMPA12GUJ7,2
B004ZIER34,A2YB7DLC3FOR7W,3
B004ZIER34,A2X3L31KCXBHCL,1
B004ZIER34,A2MNB77YGJ3CN0,3
B004R8J8E0,A58N07M0ZCYMB,5
B004R8J8E0,A1ONZ8JRPLBNUI,4
B004R8J8E0,AEL6CQNQXONBX,5
B004R8J8E0,A2B8GXSCB1R05T,4
B004R8J8E0,ARYSDAZNRXN6G,5
B004R8J8E0,A1B6O7SAIYG2N0,4
B004R8J8E0,A1LHAXBM5GBJS2,4
B004R8J8E0,A2G7B7FKP2O2PU,5
B004R8J8E0,A1H7Y5XKPGT0OS,3
B004R8J8E0,A2O421DTA8J0RW,4
B004R8J8E0,A16WPA6JV83YXT,5
B0013NUGDE,A2LJJ4482V9LAW,5
B0013NUGDE,A2YB7DLC3FOR7W,5
B0013NUGDE,A17V9XL4CWTQ6G,5
B0013NUGDE,A2MNB77YGJ3CN0,5
B0013NUGDE,A3T0OTH5072YRE,3
B0013NUGDE,A2NOW4U7W3F7RI,5
B0013NUGDE,A1PI8VBCXXSGC7,4
B0013NUGDE,A24ZV048V7J0MT,3
B0013NUGDE,A3AZI828WJN1CD,3
B0013NUGDE,A13MKSASQ6YWL7,3
B0013NUGDE,ALL9XFM0Q1N4E,5
B0013NUGDE,A3BBC8E7QT7N9I,4
B0013NUGDE,A1ZH9LWMX5UCFJ,5
B0013NUGDE,A3HPCRD9RX351S,5
B0013NUGDE,A13K3ZLWAWN1EI,4
B0013NUGDE,A3QNQQKJTL76H0,5
B0013NUGDE,A3V1A3C9DTLPME,5
B0013NUGDE,A1GYEGLX3P2Y7P,4
B0013NUGDE,A2SZLNSI5KOQJT,4
B0047E2I5U,A3GGXJD0BMJ2W3,5
B0047E2I5U,A3GGXJD0BMJ2W3,5
B0047E2I5U,A33AQPJYH7UUXR,4
B0047E2I5U,A9NXTC0HTPSDO,5
B0047E2I5U,A3GGXJD0BMJ2W3,5
B0078Y6OX8,A1T1YSCDW0PD25,3
B0078Y6OX8,A2SZLNSI5KOQJT,5
B0078Y6OX8,A1T1YSCDW0PD25,4
B0078Y6OX8,A1GYEGLX3P2Y7P,4
B0078Y6OX8,A3OXHLG6DIBRW8,3
B0078Y6OX8,A1IH42TUIZ2XJL,1
B0078Y6OX8,A3PJZ8TU8FDQ1K,5
B0078Y6OX8,A2KUUWP4ZZMOBP,5
B0078Y6OX8,A2TJG4N8LNJW23,4
B000EH2QP6,A1XGFW5016CGQI,5
B000EH2QP6,A1XGFW5016CGQI,5
B000EH2QP6,A6KL17KKN0A5L,5
B000EH2QP6,A35R32TA60XD57,2
B000EH2QP6,A2IYLMDQGBB4VG,5
B0051TPWUI,A1TMAVN4CEM8U8,5
B0051TPWUI,A7EK88GF8N40F,5
B0051TPWUI,A1TMAVN4CEM8U8,5
B0051TPWUI,A1TMAVN4CEM8U8,5
B0051TPWUI,A1TMAVN4CEM8U8,5
B0051TPWUI,A1TMAVN4CEM8U8,5
B0051TPWUI,A3094EPI56GKZ6,5
B0051TPWUI,A1P2XYD265YE21,5
B0051TPWUI,A361PLXEWB9UC1,5
B0051TPWUI,A1TMAVN4CEM8U8,5
B0051TPWUI,A2XNJJ9TF70P4J,1
B000EH2QPQ,A1XGFW5016CGQI,5
B000EH2QPQ,A1XGFW5016CGQI,5
B000EH2QPQ,A6KL17KKN0A5L,5
B000EH2QPQ,A35R32TA60XD57,2
B000EH2QPQ,A2IYLMDQGBB4VG,5
B005CGUTIA,A33AQPJYH7UUXR,4
B005CGUTIA,A2W9B725TZBXOX,5
B005CGUTIA,A33AQPJYH7UUXR,4
B005CGUTIA,A33AQPJYH7UUXR,4
B005CGUTIA,A2W9B725TZBXOX,5
B005CGUTIA,A2DPYMNI2HCIOI,4
B0058AMY74,A2OEUROGZDTXUJ,5
B0058AMY74,A22PUBSSNP54L,5
B0058AMY74,AYB4ELCS5AM8P,5
B0058AMY74,A2MUGFV2TDQ47K,3
B0058AMY74,A3RMGIKUWGPZOK,5
B0058AMY74,A3PJZ8TU8FDQ1K,5
B0058AMY74,A3PJZ8TU8FDQ1K,5
B0058AMY74,A31N6KB160O508,4
B0058AMY74,A31N6KB160O508,4
B0058AMY74,A31N6KB160O508,4
B0058AMY74,A1B05INWIDZ74O,3
B0058AMY74,A1B05INWIDZ74O,5
B0058AMY74,A2OEUROGZDTXUJ,4
B0058AMY74,A38KP1POQ191WT,1
B0058AMY74,ACYR6O588USK,5
B0058AMY74,AY1EF0GOH80EK,5
B0058AMY74,A2A1XYSB692L6J,5
B0058AMY74,A3RMGIKUWGPZOK,3
B0058AMY74,A2TN9C5E4A0I3F,1
B0058AMY74,AR7TAEEUDHMUB,1
B0058AMY74,ADS5APY1NKTL4,5
B0058AMY74,A3RMGIKUWGPZOK,5
B0058AMY74,A3PJZ8TU8FDQ1K,5
B0058AMY74,A1Q7A78VSQ5GQ4,5
B0058AMY74,A2A8KWCE8RKB9T,4
B0058AMY74,A2OEUROGZDTXUJ,5
B0058AMY74,A2II09GQGWOMTQ,5
B0058AMY74,AQQLWCMRNDFGI,4
B0058AMY74,A24ZV048V7J0MT,5
B0058AMY74,A3RMGIKUWGPZOK,5
B0058AMY74,A3PJZ8TU8FDQ1K,5
B0058AMY74,A3PJZ8TU8FDQ1K,5
B0058AMY74,A2YKWYC3WQJX5J,5
B0058AMY74,AKMEY1BSHSDG7,5
B0058AMY74,ADS5APY1NKTL4,5
B0058AMY74,A3M174IC0VXOS2,5
B0058AMY74,A2OL5WLCNZVD9K,3
B0029K68ZK,A24ZV048V7J0MT,4
B0029K68ZK,A35LT14WG5BX0T,5
B0029K68ZK,A36WGHR8TO5DKT,4
B0029K68ZK,AZV26LP92E6WU,5
B0029K68ZK,AYB4ELCS5AM8P,5
B0029K68ZK,ABDCYK04CL6O4,5
B005DDCKJ8,A2Y8IDC1FKGNJC,3
B005DDCKJ8,A2YHXAZLCLDT8D,5
B005DDCKJ8,AYGJ96W5KQMUJ,3
B005DDCKJ8,A2DPYMNI2HCIOI,5
B005DDCKJ8,A3OXHLG6DIBRW8,4
B005DDCKJ8,ALL9XFM0Q1N4E,4
B007M83302,A2LJJ4482V9LAW,5
B007M83302,A2YB7DLC3FOR7W,5
B007M83302,A17V9XL4CWTQ6G,5
B007M83302,A2MNB77YGJ3CN0,5
B007M83302,A3T0OTH5072YRE,3
B007M83302,A2NOW4U7W3F7RI,5
B007M83302,A1PI8VBCXXSGC7,4
B007M83302,A24ZV048V7J0MT,3
B007M83302,A3AZI828WJN1CD,3
B007M83302,A13MKSASQ6YWL7,3
B007M83302,ALL9XFM0Q1N4E,5
B007M83302,A3BBC8E7QT7N9I,4
B007M83302,A1ZH9LWMX5UCFJ,5
B007M83302,A3HPCRD9RX351S,5
B007M83302,A13K3ZLWAWN1EI,4
B007M83302,A3QNQQKJTL76H0,5
B007M83302,A3V1A3C9DTLPME,5
B007M83302,A1GYEGLX3P2Y7P,4
B007M83302,A2SZLNSI5KOQJT,4
B0062A87HA,A1HRYC60VTMYC0,5
B0062A87HA,A2FRFAQCWZJT3Q,5
B0062A87HA,A1LFSTBR7L7PUT,5
B0062A87HA,A2YKWYC3WQJX5J,5
B0062A87HA,A2OEUROGZDTXUJ,5
B0062A87HA,A1YP5WLIHGG136,5
B0083QJU72,A2158Y2U61AU9G,5
B0083QJU72,A31N6KB160O508,5
B0083QJU72,AMPGRXQMO89X9,5
B0083QJU72,A1T1YSCDW0PD25,4
B0083QJU72,A2E3WMF9RWW2X2,5
B0083QJU72,A33REC3J2JU2EL,5
B0083QJU72,A2AOD7254MCKSH,5
B007JFMH96,A1KEK09ZA6J9P8,2
B007JFMH96,A2B8GXSCB1R05T,2
B007JFMH96,A2XNOB1T796Y6B,2
B007JFMH96,A2KIVODZRTGY4U,3
B007JFMH96,A3MUSWDCTZINQZ,4
B007JFMH96,A1A1BM6N28X9J0,4
B007JFMH96,A1V1EP514B5H7Y,3
B007JFMH96,A3PJZ8TU8FDQ1K,1
B008FHUDW0,A3OXHLG6DIBRW8,5
B008FHUDW0,AK7CAW3N1XZV6,2
B008FHUDW0,A2TJG4N8LNJW23,3
B008FHUDW0,AQQLWCMRNDFGI,4
B008FHUDW0,A2SZLNSI5KOQJT,3
B008FHUDW0,A2TJG4N8LNJW23,4
B000I1RHMU,A2E3WMF9RWW2X2,5
B000I1RHMU,A2B8GXSCB1R05T,5
B000I1RHMU,A1YUL9PCJR3JTY,5
B000I1RHMU,A1YUL9PCJR3JTY,5
B000I1RHMU,A13HRSMJ5TOWEZ,5
B000I1RHMU,A281NPSIMI1C2R,5
B000I1RHMU,A1AEQZM99LO9VA,3
B000I1RHMU,A2B8GXSCB1R05T,5
B000GW46D4,A2YKWYC3WQJX5J,4
B000GW46D4,A1TMAVN4CEM8U8,3
B000GW46D4,A2Y4S4CNGKF21S,2
B000GW46D4,A1080SE9X3ECK0,5
B000GW46D4,AQLL2R1PPR46X,4
B0051OPWGC,A1ODKP5Y7DPMM1,5
B0051OPWGC,A1ODKP5Y7DPMM1,5
B0051OPWGC,ABDCYK04CL6O4,5
B0051OPWGC,ABDCYK04CL6O4,5
B0051OPWGC,ABDCYK04CL6O4,5
B0029JLVPI,A24ZV048V7J0MT,4
B0029JLVPI,A35LT14WG5BX0T,5
B0029JLVPI,A36WGHR8TO5DKT,4
B0029JLVPI,AZV26LP92E6WU,5
B0029JLVPI,AYB4ELCS5AM8P,5
B0029JLVPI,ABDCYK04CL6O4,5
B003CK2BQG,A17GK9E70O7Y9R,5
B003CK2BQG,A2OWR2PL3DLWS4,5
B003CK2BQG,A2OWR2PL3DLWS4,5
B003CK2BQG,A281NPSIMI1C2R,5
B003CK2BQG,A281NPSIMI1C2R,5
B003CK2BQG,A281NPSIMI1C2R,5
B003CK2BQG,ADS5APY1NKTL4,5
B003CK2BQG,A3MUSWDCTZINQZ,3
B003CK2BQG,ADLVFFE4VBT8,5
B003CK2BQG,A1AEQZM99LO9VA,2
B003CK2BQG,ADLVFFE4VBT8,5
B003CK2BQG,A1YUL9PCJR3JTY,4
B003CK2BQG,A1YUL9PCJR3JTY,5
B003CK2BQG,AK7CAW3N1XZV6,5
B003CK2BQG,A281NPSIMI1C2R,5
B003CK2BQG,A281NPSIMI1C2R,5
B003CK2BQG,A2DPYMNI2HCIOI,3
B003CK2BQG,AVFA1JB08RG8G,4
B003CK2BQG,A3UUTDX2WNVUS3,5
B003CK2BQG,A1AEQZM99LO9VA,3
B003CK2BQG,A1SO1PGDNVMLXC,5
B000FBO9LK,ALSAOZ1V546VT,5
B000FBO9LK,AXO4PQU0XG3TG,5
B000FBO9LK,A13K3ZLWAWN1EI,5
B000FBO9LK,A2OWR2PL3DLWS4,5
B000FBO9LK,A2OWR2PL3DLWS4,5
B000FBO9LK,A2OWR2PL3DLWS4,5
B000FBO9LK,A13K3ZLWAWN1EI,5
B000FBO9LK,ALSAOZ1V546VT,5
B000FBO9LK,A2IYLMDQGBB4VG,2
B000LKVDO6,A1YP5WLIHGG136,5
B000LKVDO6,A3OXHLG6DIBRW8,4
B000LKVDO6,A1UQBFCERIP7VJ,4
B000LKVDO6,A3EBHHCZO6V2A4,3
B000LKVDO6,AJD41FBJD9010,4
B000LKVDO6,A2DPYMNI2HCIOI,2
B005GIF5VU,A22CW0ZHY3NJH8,4
B005GIF5VU,A1I85Y08VRZ32Q,5
B005GIF5VU,A1I85Y08VRZ32Q,5
B005GIF5VU,A1PI8VBCXXSGC7,5
B005GIF5VU,ATJN4KEHJBOC8,3
B005GIF5VU,A1I85Y08VRZ32Q,3
B005GIF5VU,AY12DBB0U420B,5
B005GIF5VU,ALDAF4VVLFRHP,5
B006Q7YFLQ,A1IH42TUIZ2XJL,1
B006Q7YFLQ,A9NXTC0HTPSDO,3
B006Q7YFLQ,A3DOPYDOS49I3T,5
B006Q7YFLQ,A35X2JJI49OBZP,4
B006Q7YFLQ,A58N07M0ZCYMB,5
B006Q7YFLQ,A3FKGKUCI3DG9U,3
B006Q7YFLQ,A35LT14WG5BX0T,2
B006Q7YFLQ,APP8XWYYV4PAA,5
B006Q7YFLQ,A3LWC833HQIG7J,5
B006Q7YFLQ,A3D9NUCR4RXDPY,1
B006Q7YFLQ,ARYSDAZNRXN6G,5
B006Q7YFLQ,A1RLP0R1N8H8C4,3
B002NHYQAS,A1RRMZKOMZ2M7J,3
B002NHYQAS,A1W415JP5WEAJK,5
B002NHYQAS,A2YB7DLC3FOR7W,4
B002NHYQAS,A22PUBSSNP54L,5
B002NHYQAS,A1IH42TUIZ2XJL,5
B002NHYQAS,AEL6CQNQXONBX,5
B002NHYQAS,A37MH7ICH80QOX,5
B002NHYQAS,A1RLP0R1N8H8C4,5
B002NHYQAS,A1B6O7SAIYG2N0,5
B002NHYQAS,AK7CAW3N1XZV6,5
B002NHYQAS,A1KEK09ZA6J9P8,4
B002NHYQAS,AY1EF0GOH80EK,3
B002NHYQAS,A3MZNRSDQ32UUH,2
B002NHYQAS,A1AEPMPA12GUJ7,4
B002NHYQAS,A1UQBFCERIP7VJ,4
B002NHYQAS,A2X3L31KCXBHCL,2
B002NHYQAS,A1X2LENOF84LCQ,4
B002NHYQAS,A2MSQNPTNAAGL1,3
B002NHYQAS,A13MKSASQ6YWL7,3
B001EQ4P2I,A1X1CEGHTHMBL1,5
B001EQ4P2I,A3QNQQKJTL76H0,4
B001EQ4P2I,A1X1CEGHTHMBL1,5
B001EQ4P2I,A1X1CEGHTHMBL1,5
B001EQ4P2I,A1X1CEGHTHMBL1,5
B001EQ4P2I,A3QNQQKJTL76H0,4
B001EQ4P2I,A1TMAVN4CEM8U8,5
B001EQ4P2I,A1TMAVN4CEM8U8,5
B001EQ4P2I,A1TMAVN4CEM8U8,5
B001EQ4P2I,A1G60ANYI0HMEU,5
B001EQ4P2I,A1G60ANYI0HMEU,4
B001EQ4P2I,A1WX42M589VAMQ,5
B001EQ4P2I,A1G60ANYI0HMEU,4
B001EQ4P2I,A1SCANWWQTEG9I,3
B001EQ4P2I,A1N5FSCYN4796F,3
B001EQ4P2I,A1G60ANYI0HMEU,5
B001EQ4P2I,A1N5FSCYN4796F,5
B001EQ4P2I,A361PLXEWB9UC1,5
B001EQ4P2I,A1TMAVN4CEM8U8,5
B001EQ4P2I,A7EK88GF8N40F,5
B001EQ4P2I,A1TMAVN4CEM8U8,5
B001EQ4P2I,A3OXHLG6DIBRW8,5
B001EQ4P2I,A1SCANWWQTEG9I,3
B001EQ4P2I,A1X1CEGHTHMBL1,4
B0049ZCF9G,A1TMAVN4CEM8U8,5
B0049ZCF9G,A7EK88GF8N40F,5
B0049ZCF9G,A1TMAVN4CEM8U8,5
B0049ZCF9G,A1TMAVN4CEM8U8,5
B0049ZCF9G,A1TMAVN4CEM8U8,5
B0049ZCF9G,A1TMAVN4CEM8U8,5
B0049ZCF9G,A3094EPI56GKZ6,5
B0049ZCF9G,A1P2XYD265YE21,5
B0049ZCF9G,A361PLXEWB9UC1,5
B0049ZCF9G,A1TMAVN4CEM8U8,5
B0049ZCF9G,A2XNJJ9TF70P4J,1
B001EQ55RW,A1RRMZKOMZ2M7J,3
B001EQ55RW,AKMEY1BSHSDG7,5
B001EQ55RW,A1IH42TUIZ2XJL,5
B001EQ55RW,A2FRFAQCWZJT3Q,5
B001EQ55RW,AJQDIT55SZ3ZX,5
B001EQ55RW,AKJHHD5VEH7VG,5
B001EQ55RW,A3OXHLG6DIBRW8,4
B001EQ55RW,A3HPCRD9RX351S,5
B001EQ55RW,A1HRYC60VTMYC0,5
B001EQ55RW,A1N5FSCYN4796F,4
B001EQ55RW,A1KEK09ZA6J9P8,4
B001EQ55RW,A1H7Y5XKPGT0OS,3
B001EQ55RW,A3M174IC0VXOS2,5
B001EQ55RW,A1G60ANYI0HMEU,5
B001EQ55RW,A353U0L2HAMSHV,5
B0029NTQ1K,A22CW0ZHY3NJH8,4
B0029NTQ1K,A1I85Y08VRZ32Q,5
B0029NTQ1K,A1I85Y08VRZ32Q,5
B0029NTQ1K,A1PI8VBCXXSGC7,5
B0029NTQ1K,ATJN4KEHJBOC8,3
B0029NTQ1K,A1I85Y08VRZ32Q,3
B0029NTQ1K,AY12DBB0U420B,5
B0029NTQ1K,ALDAF4VVLFRHP,5
B0041NYV8E,A3DOPYDOS49I3T,4
B0041NYV8E,A1ONZ8JRPLBNUI,3
B0041NYV8E,A3NHUQ33CFH3VM,5
B0041NYV8E,ARYSDAZNRXN6G,1
B0041NYV8E,A1A1BM6N28X9J0,3
B0041NYV8E,A3AZI828WJN1CD,3
B0041NYV8E,A2YB7DLC3FOR7W,4
B0041NYV8E,A2SZLNSI5KOQJT,4
B0041NYV8E,A1ODOGXEYECQQ8,3
B0041NYV8E,A16WPA6JV83YXT,4
B0041NYV8E,A3PJZ8TU8FDQ1K,3
B0041NYV8E,A3OXRFCJI67IMN,5
B0041NYV8E,A353U0L2HAMSHV,3
B0041NYV8E,A3D9NUCR4RXDPY,1
B0041NYV8E,A36MP37DITBU6F,2
B0041NYV8E,A25C2M3QF9G7OQ,5
B0041NYV8E,A11OTLEDSW8ZXD,3
B0041NYV8E,A3MDETK0D5UAIN,1
B0041NYV8E,AJQDIT55SZ3ZX,1
B0041NYV8E,AK7CAW3N1XZV6,3
B0041NYV8E,A1IH42TUIZ2XJL,1
B0041NYV8E,A3OXHLG6DIBRW8,4
B0041NYV8E,A13WOT3RSXKRD5,3
B0041NYV8E,A1IU7S4HCK1XK0,3
B0041NYV8E,AIEEK7AHXKZCC,5
B0041NYV8E,A22PUBSSNP54L,4
B0041NYV8E,A35JP8KSV9281K,3
B0041NYV8E,A1YJMG0QJXZLD4,4
B0041NYV8E,A3MUSWDCTZINQZ,5
B0041NYV8E,A1B6O7SAIYG2N0,3
B0041NYV8E,A1AEPMPA12GUJ7,5
B0041NYV8E,A2XNOB1T796Y6B,1
B0041NYV8E,A1HRYC60VTMYC0,4
B0041NYV8E,A1B05INWIDZ74O,3
B0041NYV8E,A2FRFAQCWZJT3Q,2
B0041NYV8E,A3094EPI56GKZ6,5
B0041NYV8E,A3QNQQKJTL76H0,4
B0041NYV8E,A29M09QBG9TZLP,2
B0041NYV8E,A1V1EP514B5H7Y,3
B0041NYV8E,A35W3JQYP0M655,1
B0041NYV8E,A13GZCHAMKWYBT,1
B0041NYV8E,A1DH3QDZX8Z7GO,3
B0041NYV8E,AEC90GPFKLAAW,2
B0041NYV8E,A2MUGFV2TDQ47K,3
B0041NYV8E,A2MSQNPTNAAGL1,5
B0041NYV8E,A2W9I628I6SE1U,4
B0041NYV8E,A2OWR5G2OAQF7C,2
B0041NYV8E,A1JMR1N9NBYJ1X,3
B0041NYV8E,A35X2JJI49OBZP,3
B0041NYV8E,A12ENBT314RFXR,2
B0041NYV8E,A16AXQ11SZA8SQ,2
B0041NYV8E,A2B8GXSCB1R05T,5
B0041NYV8E,AEL6CQNQXONBX,1
B0041NYV8E,A1ZPY91VE3IDN1,1
B0041NYV8E,AJD41FBJD9010,4
B0041NYV8E,A2YKWYC3WQJX5J,3
B0041NYV8E,A1PI8VBCXXSGC7,4
B0041NYV8E,A1KEK09ZA6J9P8,1
B0041NYV8E,AQ6AGWKWMTY8H,4
B0041NYV8E,AQLL2R1PPR46X,2
B001EO5QZK,A16KK3YHCWE29C,3
B001EO5QZK,A1YUL9PCJR3JTY,4
B001EO5QZK,AXO4PQU0XG3TG,4
B001EO5QZK,A3MUSWDCTZINQZ,5
B001EO5QZK,A1LZJZIHUPLDV4,5
B001EO5QZK,A1YUL9PCJR3JTY,4
B001EO5QZK,A2FRFAQCWZJT3Q,5
B001EO5QZK,A1LZJZIHUPLDV4,5
B001EO5QZK,A16KK3YHCWE29C,3
B0029O10P4,A22CW0ZHY3NJH8,4
B0029O10P4,A1I85Y08VRZ32Q,5
B0029O10P4,A1I85Y08VRZ32Q,5
B0029O10P4,A1PI8VBCXXSGC7,5
B0029O10P4,ATJN4KEHJBOC8,3
B0029O10P4,A1I85Y08VRZ32Q,3
B0029O10P4,AY12DBB0U420B,5
B0029O10P4,ALDAF4VVLFRHP,5
B004SRH2B6,A1DH3QDZX8Z7GO,3
B004SRH2B6,AY1EF0GOH80EK,5
B004SRH2B6,A1WX42M589VAMQ,1
B004SRH2B6,AY12DBB0U420B,4
B004SRH2B6,A3QNQQKJTL76H0,1
B004SRH2B6,A2AOD7254MCKSH,4
B004SRH2B6,A3094EPI56GKZ6,4
B004SRH2B6,A2YHXAZLCLDT8D,1
B004SRH2B6,AY12DBB0U420B,3
B004SRH2B6,AY1EF0GOH80EK,5
B001E5E268,A16KK3YHCWE29C,3
B001E5E268,A1YUL9PCJR3JTY,4
B001E5E268,AXO4PQU0XG3TG,4
B001E5E268,A3MUSWDCTZINQZ,5
B001E5E268,A1LZJZIHUPLDV4,5
B001E5E268,A1YUL9PCJR3JTY,4
B001E5E268,A2FRFAQCWZJT3Q,5
B001E5E268,A1LZJZIHUPLDV4,5
B001E5E268,A16KK3YHCWE29C,3
B000FBQ50I,ALSAOZ1V546VT,5
B000FBQ50I,AXO4PQU0XG3TG,5
B000FBQ50I,A13K3ZLWAWN1EI,5
B000FBQ50I,A2OWR2PL3DLWS4,5
B000FBQ50I,A2OWR2PL3DLWS4,5
B000FBQ50I,A2OWR2PL3DLWS4,5
B000FBQ50I,A13K3ZLWAWN1EI,5
B000FBQ50I,ALSAOZ1V546VT,5
B000FBQ50I,A2IYLMDQGBB4VG,2
B000F9Z1XM,A1Z54EM24Y40LL,5
B000F9Z1XM,A1HRYC60VTMYC0,3
B000F9Z1XM,ALL9XFM0Q1N4E,5
B000F9Z1XM,A1WOMXOEX90ARI,5
B000F9Z1XM,AMRMK86X3PKXD,5
B00139C3P2,A1Z4LX3Q1YMF84,2
B00139C3P2,A1K82R24ROO2I7,5
B00139C3P2,A2PNOU7NXB1JE4,3
B00139C3P2,A11OTLEDSW8ZXD,3
B00139C3P2,A2UCZAWAN5QMJQ,2
B00139C3P2,A35R32TA60XD57,1
B000FIXT2I,A3PD8JD9L4WEII,5
B000FIXT2I,A1F7YU6O5RU432,5
B000FIXT2I,A2YMCPP3KW9IXU,5
B000FIXT2I,A2C9XE9I8RSKNX,5
B000FIXT2I,A2D1LPEUCTNT8X,5
B004HOLD92,A1X1CEGHTHMBL1,5
B004HOLD92,A3QNQQKJTL76H0,4
B004HOLD92,A1X1CEGHTHMBL1,5
B004HOLD92,A1X1CEGHTHMBL1,5
B004HOLD92,A1X1CEGHTHMBL1,5
B004HOLD92,A3QNQQKJTL76H0,4
B004HOLD92,A1TMAVN4CEM8U8,5
B004HOLD92,A1TMAVN4CEM8U8,5
B004HOLD92,A1TMAVN4CEM8U8,5
B004HOLD92,A1G60ANYI0HMEU,5
B004HOLD92,A1G60ANYI0HMEU,4
B004HOLD92,A1WX42M589VAMQ,5
B004HOLD92,A1G60ANYI0HMEU,4
B004HOLD92,A1SCANWWQTEG9I,3
B004HOLD92,A1N5FSCYN4796F,3
B004HOLD92,A1G60ANYI0HMEU,5
B004HOLD92,A1N5FSCYN4796F,5
B004HOLD92,A361PLXEWB9UC1,5
B004HOLD92,A1TMAVN4CEM8U8,5
B004HOLD92,A7EK88GF8N40F,5
B004HOLD92,A1TMAVN4CEM8U8,5
B004HOLD92,A3OXHLG6DIBRW8,5
B004HOLD92,A1SCANWWQTEG9I,3
B004HOLD92,A1X1CEGHTHMBL1,4
B003ANFMY8,A3TVZM3ZIXG8YW,1
B003ANFMY8,A3TVZM3ZIXG8YW,1
B003ANFMY8,A36JDIN9RAAIEC,5
B003ANFMY8,A3TVZM3ZIXG8YW,1
B003ANFMY8,A3TVZM3ZIXG8YW,1
B003ANFMY8,A3TVZM3ZIXG8YW,1
B003ANFMY8,A3TVZM3ZIXG8YW,1
B003ANFMY8,A36JDIN9RAAIEC,5
B003ANFMY8,A36JDIN9RAAIEC,5
B003ANFMY8,A3TVZM3ZIXG8YW,1
B003ANFMY8,A20OQMLRFNZADL,4
B003ANFMY8,A1HRYC60VTMYC0,5
B003ANFMY8,A2VUD4SPJO4V33,1
B003ANFMY8,A3TVZM3ZIXG8YW,1
B003ANFMY8,A3TVZM3ZIXG8YW,1
B003ANFMY8,A3TVZM3ZIXG8YW,1
B001652NBM,A35W3JQYP0M655,5
B001652NBM,A1IU7S4HCK1XK0,5
B001652NBM,AZV26LP92E6WU,5
B001652NBM,A2582KMXLK2P06,2
B001652NBM,A1T1YSCDW0PD25,5
B001652NBM,A370Z6I5GBWU44,5
B001652NBM,A22CW0ZHY3NJH8,5
B001652NBM,A383XURHVF8ON6,5
B001652NBM,APP8XWYYV4PAA,3
B0029JLS7E,A24ZV048V7J0MT,4
B0029JLS7E,A35LT14WG5BX0T,5
B0029JLS7E,A36WGHR8TO5DKT,4
B0029JLS7E,AZV26LP92E6WU,5
B0029JLS7E,AYB4ELCS5AM8P,5
B0029JLS7E,ABDCYK04CL6O4,5
B000UPALKO,A19SDJ2TSSL8HI,5
B000UPALKO,A3QJQQZTKFV7BJ,5
B000UPALKO,A3OXHLG6DIBRW8,5
B000UPALKO,AJQDIT55SZ3ZX,5
B000UPALKO,A2Y8IDC1FKGNJC,4
B004CYLW7A,A2MNB77YGJ3CN0,3
B004CYLW7A,A26LD9FQHTM8ZH,3
B004CYLW7A,A1YJMG0QJXZLD4,3
B004CYLW7A,A1SCANWWQTEG9I,4
B004CYLW7A,A1RRMZKOMZ2M7J,3
B004CYLW7A,A1ODOGXEYECQQ8,4
B004CYLW7A,A16AXQ11SZA8SQ,4
B004CYLW7A,A3FY3H6F4249E0,5
B004CYLW7A,A1TMAVN4CEM8U8,5
B004CYLW7A,A1B05INWIDZ74O,3
B004CYLW7A,A3OXHLG6DIBRW8,4
B004CYLW7A,A2SZLNSI5KOQJT,4
B004CYLW7A,A3UUTDX2WNVUS3,4
B004CYLW7A,A1A1BM6N28X9J0,4
B004CYLW7A,A12ENBT314RFXR,2
B004CYLW7A,AQLL2R1PPR46X,3
B004CYLW7A,A13MKSASQ6YWL7,4
B004CYLW7A,A3FKGKUCI3DG9U,4
B004CYLW7A,A3DOPYDOS49I3T,5
B004HONIMC,A2OL5WLCNZVD9K,5
B004HONIMC,A1X1CEGHTHMBL1,5
B004HONIMC,AJCK6OKNWGIYG,5
B004HONIMC,A1TMAVN4CEM8U8,5
B004HONIMC,A1TMAVN4CEM8U8,5
B0012XBD7I,A2OEUROGZDTXUJ,5
B0012XBD7I,A22PUBSSNP54L,5
B0012XBD7I,AYB4ELCS5AM8P,5
B0012XBD7I,A2MUGFV2TDQ47K,3
B0012XBD7I,A3RMGIKUWGPZOK,5
B0012XBD7I,A3PJZ8TU8FDQ1K,5
B0012XBD7I,A3PJZ8TU8FDQ1K,5
B0012XBD7I,A31N6KB160O508,4
B0012XBD7I,A31N6KB160O508,4
B0012XBD7I,A31N6KB160O508,4
B0012XBD7I,A1B05INWIDZ74O,3
B0012XBD7I,A1B05INWIDZ74O,5
B0012XBD7I,A2OEUROGZDTXUJ,4
B0012XBD7I,A38KP1POQ191WT,1
B0012XBD7I,ACYR6O588USK,5
B0012XBD7I,AY1EF0GOH80EK,5
B0012XBD7I,A2A1XYSB692L6J,5
B0012XBD7I,A3RMGIKUWGPZOK,3
B0012XBD7I,A2TN9C5E4A0I3F,1
B0012XBD7I,AR7TAEEUDHMUB,1
B0012XBD7I,ADS5APY1NKTL4,5
B0012XBD7I,A3RMGIKUWGPZOK,5
B0012XBD7I,A3PJZ8TU8FDQ1K,5
B0012XBD7I,A1Q7A78VSQ5GQ4,5
B0012XBD7I,A2A8KWCE8RKB9T,4
B0012XBD7I,A2OEUROGZDTXUJ,5
B0012XBD7I,A2II09GQGWOMTQ,5
B0012XBD7I,AQQLWCMRNDFGI,4
B0012XBD7I,A24ZV048V7J0MT,5
B0012XBD7I,A3RMGIKUWGPZOK,5
B0012XBD7I,A3PJZ8TU8FDQ1K,5
B0012XBD7I,A3PJZ8TU8FDQ1K,5
B0012XBD7I,A2YKWYC3WQJX5J,5
B0012XBD7I,AKMEY1BSHSDG7,5
B0012XBD7I,ADS5APY1NKTL4,5
B0012XBD7I,A3M174IC0VXOS2,5
B0012XBD7I,A2OL5WLCNZVD9K,3
B00817GPWQ,A1T1YSCDW0PD25,3
B00817GPWQ,A2SZLNSI5KOQJT,5
B00817GPWQ,A1T1YSCDW0PD25,4
B00817GPWQ,A1GYEGLX3P2Y7P,4
B00817GPWQ,A3OXHLG6DIBRW8,3
B00817GPWQ,A1IH42TUIZ2XJL,1
B00817GPWQ,A3PJZ8TU8FDQ1K,5
B00817GPWQ,A2KUUWP4ZZMOBP,5
B00817GPWQ,A2TJG4N8LNJW23,4
B002AYA6M6,A3GGXJD0BMJ2W3,5
B002AYA6M6,A3GGXJD0BMJ2W3,5
B002AYA6M6,A33AQPJYH7UUXR,4
B002AYA6M6,A9NXTC0HTPSDO,5
B002AYA6M6,A3GGXJD0BMJ2W3,5
B000FBM3RC,ALSAOZ1V546VT,5
B000FBM3RC,AXO4PQU0XG3TG,5
B000FBM3RC,A13K3ZLWAWN1EI,5
B000FBM3RC,A2OWR2PL3DLWS4,5
B000FBM3RC,A2OWR2PL3DLWS4,5
B000FBM3RC,A2OWR2PL3DLWS4,5
B000FBM3RC,A13K3ZLWAWN1EI,5
B000FBM3RC,ALSAOZ1V546VT,5
B000FBM3RC,A2IYLMDQGBB4VG,2
B000FA38ZY,A29M09QBG9TZLP,4
B000FA38ZY,A2R6RA8FRBS608,3
B000FA38ZY,AMRMK86X3PKXD,4
B000FA38ZY,A1V1EP514B5H7Y,5
B000FA38ZY,AKJHHD5VEH7VG,4
B001EO5R04,A16KK3YHCWE29C,3
B001EO5R04,A1YUL9PCJR3JTY,4
B001EO5R04,AXO4PQU0XG3TG,4
B001EO5R04,A3MUSWDCTZINQZ,5
B001EO5R04,A1LZJZIHUPLDV4,5
B001EO5R04,A1YUL9PCJR3JTY,4
B001EO5R04,A2FRFAQCWZJT3Q,5
B001EO5R04,A1LZJZIHUPLDV4,5
B001EO5R04,A16KK3YHCWE29C,3
B001EO5R0Y,A16KK3YHCWE29C,3
B001EO5R0Y,A1YUL9PCJR3JTY,4
B001EO5R0Y,AXO4PQU0XG3TG,4
B001EO5R0Y,A3MUSWDCTZINQZ,5
B001EO5R0Y,A1LZJZIHUPLDV4,5
B001EO5R0Y,A1YUL9PCJR3JTY,4
B001EO5R0Y,A2FRFAQCWZJT3Q,5
B001EO5R0Y,A1LZJZIHUPLDV4,5
B001EO5R0Y,A16KK3YHCWE29C,3
B000CQG8K8,A3UUTDX2WNVUS3,5
B000CQG8K8,A13GZCHAMKWYBT,5
B000CQG8K8,A3FY3H6F4249E0,5
B000CQG8K8,ADS5APY1NKTL4,5
B000CQG8K8,A2OWR2PL3DLWS4,1
B000CQG8K8,A1AEQZM99LO9VA,4
B000CQG8K8,A3FY3H6F4249E0,5
B000CQG8K8,A1AEQZM99LO9VA,1
B000CQG8K8,A1SCANWWQTEG9I,2
B000CQG8KS,A3UUTDX2WNVUS3,5
B000CQG8KS,A13GZCHAMKWYBT,5
B000CQG8KS,A3FY3H6F4249E0,5
B000CQG8KS,ADS5APY1NKTL4,5
B000CQG8KS,A2OWR2PL3DLWS4,1
B000CQG8KS,A1AEQZM99LO9VA,4
B000CQG8KS,A3FY3H6F4249E0,5
B000CQG8KS,A1AEQZM99LO9VA,1
B000CQG8KS,A1SCANWWQTEG9I,2
B000I1OLT2,A17GK9E70O7Y9R,5
B000I1OLT2,A2OWR2PL3DLWS4,5
B000I1OLT2,A2OWR2PL3DLWS4,5
B000I1OLT2,A281NPSIMI1C2R,5
B000I1OLT2,A281NPSIMI1C2R,5
B000I1OLT2,A281NPSIMI1C2R,5
B000I1OLT2,ADS5APY1NKTL4,5
B000I1OLT2,A3MUSWDCTZINQZ,3
B000I1OLT2,ADLVFFE4VBT8,5
B000I1OLT2,A1AEQZM99LO9VA,2
B000I1OLT2,ADLVFFE4VBT8,5
B000I1OLT2,A1YUL9PCJR3JTY,4
B000I1OLT2,A1YUL9PCJR3JTY,5
B000I1OLT2,AK7CAW3N1XZV6,5
B000I1OLT2,A281NPSIMI1C2R,5
B000I1OLT2,A281NPSIMI1C2R,5
B000I1OLT2,A2DPYMNI2HCIOI,3
B000I1OLT2,AVFA1JB08RG8G,4
B000I1OLT2,A3UUTDX2WNVUS3,5
B000I1OLT2,A1AEQZM99LO9VA,3
B000I1OLT2,A1SO1PGDNVMLXC,5
B006BXUVPY,A1V1EP514B5H7Y,4
B006BXUVPY,A3NEAETOSXDBOM,3
B006BXUVPY,A2O421DTA8J0RW,4
B006BXUVPY,A3EPHBMU07LZ50,4
B006BXUVPY,A2M9D9BDHONV3Y,4
B006BXUVPY,A1Z54EM24Y40LL,5
B006BXUVPY,A9NXTC0HTPSDO,5
B006BXUVPY,A1YJMG0QJXZLD4,5
B002IEZJMA,A3NHUQ33CFH3VM,5
B002IEZJMA,AKMEY1BSHSDG7,4
B002IEZJMA,A3FKGKUCI3DG9U,4
B002IEZJMA,AEC90GPFKLAAW,4
B002IEZJMA,A3AZI828WJN1CD,3
B002IEZJMA,A29M09QBG9TZLP,5
B002IEZJMA,A1YJMG0QJXZLD4,4
B002IEZJMA,A1V1EP514B5H7Y,5
B002IEZJMA,AYB4ELCS5AM8P,3
B002IEZJMA,A1HRYC60VTMYC0,5
B002IEZJMA,A22PUBSSNP54L,4
B002IEZJMA,ADLVFFE4VBT8,3
B002IEZJMA,A17HMM1M7T9PJ1,4
B002IEZJMA,A1UQBFCERIP7VJ,4
B002IEZJMA,A1ODOGXEYECQQ8,4
B002IEZJMA,A353U0L2HAMSHV,4
B002IEZJMA,AMRMK86X3PKXD,5
B002IEZJMA,A25C2M3QF9G7OQ,4
B002IEZJMA,ALDAF4VVLFRHP,4
B002IEZJMA,A3OXHLG6DIBRW8,3
B002IEZJMA,A11OTLEDSW8ZXD,4
B002IEZJMA,A17V9XL4CWTQ6G,5
B002IEZJMA,A1IU7S4HCK1XK0,5
B002IEZJMA,AWKZAUC0D8DYL,5
B002IEZJMA,AQLL2R1PPR46X,4
B002IEZJMA,A2TO2BN3P4C00L,4
B002IEZJMA,A2FRFAQCWZJT3Q,5
B002IEZJMA,A3R9H6OKZHHRJD,4
B002IEZJMA,ARYSDAZNRXN6G,3
B002IEZJMA,AXO4PQU0XG3TG,5
B002IEZJMA,ANCOMAI0I7LVG,2
B002IEZJMA,A2R1HUYHXV7H18,2
B002IEZJMA,A13MKSASQ6YWL7,4
B002IEZJMA,A2YKWYC3WQJX5J,5
B002IEZJMA,A1PI8VBCXXSGC7,4
B002IEZJMA,A1ONZ8JRPLBNUI,2
B002IEZJMA,A1ZPY91VE3IDN1,4
B002IEZJMA,A3094EPI56GKZ6,5
B002IEZJMA,A1JMR1N9NBYJ1X,5
B002IEZJMA,A2MUGFV2TDQ47K,2
B002IEZJMA,AKJHHD5VEH7VG,3
B002IEZJMA,A2W9I628I6SE1U,3
B002IEZJMA,A2SZLNSI5KOQJT,4
B002IEZJMA,A3QNQQKJTL76H0,4
B002IEZJMA,A2YB7DLC3FOR7W,3
B002IEZJMA,A2MSQNPTNAAGL1,5
B002IEZJMA,AIEEK7AHXKZCC,4
B002IEZJMA,AY1EF0GOH80EK,5
B002IEZJMA,A36MP37DITBU6F,1
B002IEZJMA,A1DH3QDZX8Z7GO,1
B002IEZJMA,A3D9NUCR4RXDPY,4
B002IEZJMA,A3MDETK0D5UAIN,1
B002IEZJMA,A1N5FSCYN4796F,2
B002IEZJMA,AQ6AGWKWMTY8H,1
B002IEZJMA,AEL6CQNQXONBX,3
B002IEZJMA,A1P2XYD265YE21,1
B002IEZJMA,A35JP8KSV9281K,5
B002IEZJMA,A3DOPYDOS49I3T,5
B002IEZJMA,A1A1BM6N28X9J0,2
B002IEZJMA,A1AEPMPA12GUJ7,4
B002IEZJMA,A3MUSWDCTZINQZ,3
B002IEZJMA,AJQDIT55SZ3ZX,2
B002IEZJMA,A2OL5WLCNZVD9K,4
B002IEZJMA,A3PJZ8TU8FDQ1K,3
B002IEZJMA,A2Y8IDC1FKGNJC,3
B000G82L62,A2FRFAQCWZJT3Q,5
B000G82L62,ATJN4KEHJBOC8,5
B000G82L62,A3F3B1JPACN215,4
B000G82L62,AQLL2R1PPR46X,5
B000G82L62,A250AXLRBVYKB4,5
B000G82L62,A2Y8IDC1FKGNJC,5
B000G82L62,AMPGRXQMO89X9,5
B000G82L62,AZV26LP92E6WU,5
B001EQ4QSG,A3PD8JD9L4WEII,4
B001EQ4QSG,A3QNQQKJTL76H0,5
B001EQ4QSG,A3EPHBMU07LZ50,5
B001EQ4QSG,A36WGHR8TO5DKT,3
B001EQ4QSG,A2GEZJHBV92EVR,5
B001EQ55ZO,AYOMAHLWRQHUG,3
B001EQ55ZO,A25C2M3QF9G7OQ,2
B001EQ55ZO,A1KEK09ZA6J9P8,5
B001EQ55ZO,A2PNOU7NXB1JE4,3
B001EQ55ZO,A1TMAVN4CEM8U8,2
B001EQ55ZO,A2YSFKX18XTHED,4
B001EQ55ZO,A11ED8O95W2103,2
B001EQ55ZO,A3M174IC0VXOS2,3
B001EQ55ZO,AKMEY1BSHSDG7,2
B001EQ55ZO,A2W9I628I6SE1U,4
B001EQ55ZO,A3EFSLEMHNPP6A,4
B001EQ55ZO,AJD41FBJD9010,1
B001EQ55ZO,A1IH42TUIZ2XJL,1
B001EQ55ZO,A1N5FSCYN4796F,3
B001EQ55ZO,A2X3L31KCXBHCL,2
B001EQ55ZO,A1H7Y5XKPGT0OS,1
B001EQ55ZO,A33REC3J2JU2EL,5
B001EQ55ZO,A2FRFAQCWZJT3Q,5
B001EQ55ZO,AMRMK86X3PKXD,5
B0007A0AQW,A3AZI828WJN1CD,5
B0007A0AQW,A19123D9G66E0O,5
B0007A0AQW,A33AQPJYH7UUXR,4
B0007A0AQW,AMPGRXQMO89X9,5
B0007A0AQW,A1V1EP514B5H7Y,3
B0007A0AQW,A383XURHVF8ON6,5
B0007A0AQW,A3DOPYDOS49I3T,5
B0007A0AQW,A3DOPYDOS49I3T,5
B0007A0AQW,A9NXTC0HTPSDO,5
B0007A0AQW,A9NXTC0HTPSDO,5
B0007A0AQW,A26LD9FQHTM8ZH,5
B0007A0AQW,A383XURHVF8ON6,5
B0007A0AQW,A383XURHVF8ON6,5
B0007A0AQW,A3HPCRD9RX351S,5
B0007A0AQW,A3DOPYDOS49I3T,5
B0007A0AQW,A17HMM1M7T9PJ1,5
B001ONVON4,AKMEY1BSHSDG7,5
B001ONVON4,A2MNB77YGJ3CN0,5
B001ONVON4,ALL9XFM0Q1N4E,5
B001ONVON4,A3PD8JD9L4WEII,4
B001ONVON4,A1YJMG0QJXZLD4,5
B006J4MAIQ,A13MKSASQ6YWL7,5
B006J4MAIQ,A1PI8VBCXXSGC7,4
B006J4MAIQ,A3LWC833HQIG7J,4
B006J4MAIQ,A3HPCRD9RX351S,5
B006J4MAIQ,A3MUSWDCTZINQZ,5
B006J4MAIQ,A1HRYC60VTMYC0,5
B006J4MAIQ,A35W3JQYP0M655,5
B006J4MAIQ,A1V1EP514B5H7Y,1
B006J4MAIQ,AK7CAW3N1XZV6,5
B006J4MAIQ,A2W9I628I6SE1U,3
B006J4MAIQ,A1KEK09ZA6J9P8,5
B006J4MAIQ,AWKZAUC0D8DYL,4
B006J4MAIQ,A3D9NUCR4RXDPY,4
B006J4MAIQ,A3OXHLG6DIBRW8,5
B006J4MAIQ,A13WOT3RSXKRD5,5
B006J4MAIQ,A17V9XL4CWTQ6G,5
B006J4MAIQ,A2OWR2PL3DLWS4,4
B006J4MAIQ,AMRMK86X3PKXD,5
B006J4MAIQ,A1UQBFCERIP7VJ,4
B006J4MAIQ,A3M8R4JD1SIS76,5
B006J4MAIQ,A16AXQ11SZA8SQ,4
B006J4MAIQ,ALDAF4VVLFRHP,4
B006J4MAIQ,A2O421DTA8J0RW,4
B006J4MAIQ,A1W415JP5WEAJK,4
B006J4MAIQ,A1N5FSCYN4796F,5
B001E50X84,A3M8R4JD1SIS76,5
B001E50X84,AMPGRXQMO89X9,5
B001E50X84,A2YMCPP3KW9IXU,5
B001E50X84,A2XKJ1KX6XUHYP,5
B001E50X84,A2R6RA8FRBS608,4
B000G6MBUA,A2OEUROGZDTXUJ,5
B000G6MBUA,A22PUBSSNP54L,5
B000G6MBUA,AYB4ELCS5AM8P,5
B000G6MBUA,A2MUGFV2TDQ47K,3
B000G6MBUA,A3RMGIKUWGPZOK,5
B000G6MBUA,A3PJZ8TU8FDQ1K,5
B000G6MBUA,A3PJZ8TU8FDQ1K,5
B000G6MBUA,A31N6KB160O508,4
B000G6MBUA,A31N6KB160O508,4
B000G6MBUA,A31N6KB160O508,4
B000G6MBUA,A1B05INWIDZ74O,3
B000G6MBUA,A1B05INWIDZ74O,5
B000G6MBUA,A2OEUROGZDTXUJ,4
B000G6MBUA,A38KP1POQ191WT,1
B000G6MBUA,ACYR6O588USK,5
B000G6MBUA,AY1EF0GOH80EK,5
B000G6MBUA,A2A1XYSB692L6J,5
B000G6MBUA,A3RMGIKUWGPZOK,3
B000G6MBUA,A2TN9C5E4A0I3F,1
B000G6MBUA,AR7TAEEUDHMUB,1
B000G6MBUA,ADS5APY1NKTL4,5
B000G6MBUA,A3RMGIKUWGPZOK,5
B000G6MBUA,A3PJZ8TU8FDQ1K,5
B000G6MBUA,A1Q7A78VSQ5GQ4,5
B000G6MBUA,A2A8KWCE8RKB9T,4
B000G6MBUA,A2OEUROGZDTXUJ,5
B000G6MBUA,A2II09GQGWOMTQ,5
B000G6MBUA,AQQLWCMRNDFGI,4
B000G6MBUA,A24ZV048V7J0MT,5
B000G6MBUA,A3RMGIKUWGPZOK,5
B000G6MBUA,A3PJZ8TU8FDQ1K,5
B000G6MBUA,A3PJZ8TU8FDQ1K,5
B000G6MBUA,A2YKWYC3WQJX5J,5
B000G6MBUA,AKMEY1BSHSDG7,5
B000G6MBUA,ADS5APY1NKTL4,5
B000G6MBUA,A3M174IC0VXOS2,5
B000G6MBUA,A2OL5WLCNZVD9K,3
B0018KR8V0,A3T0OTH5072YRE,5
B0018KR8V0,A2SZWFJX0783BF,5
B0018KR8V0,A1P2XYD265YE21,5
B0018KR8V0,AI0NMYA3LKXW1,5
B0018KR8V0,AYGJ96W5KQMUJ,4
B0018KR8V0,A1P2XYD265YE21,5
B0018KR8V0,A12ENBT314RFXR,5
B0018KR8V0,A1HOXKR7OKJ1X1,5
B0018KR8V0,A1P2XYD265YE21,5
B0018KR8V0,A1P2XYD265YE21,5
B0018KR8V0,A1LZJZIHUPLDV4,5
B0018KR8V0,A2LJJ4482V9LAW,1
B0018KR8V0,AJB5P7GVR0MT8,3
B0018KR8V0,A1LZJZIHUPLDV4,5
B0018KR8V0,A1P2XYD265YE21,5
B0018KR8V0,A1P2XYD265YE21,5
B003CK7O36,A3UUTDX2WNVUS3,5
B003CK7O36,A13GZCHAMKWYBT,5
B003CK7O36,A3FY3H6F4249E0,5
B003CK7O36,ADS5APY1NKTL4,5
B003CK7O36,A2OWR2PL3DLWS4,1
B003CK7O36,A1AEQZM99LO9VA,4
B003CK7O36,A3FY3H6F4249E0,5
B003CK7O36,A1AEQZM99LO9VA,1
B003CK7O36,A1SCANWWQTEG9I,2
B007I7Z3Z0,A3MUSWDCTZINQZ,4
B007I7Z3Z0,A35X2JJI49OBZP,4
B007I7Z3Z0,A11OTLEDSW8ZXD,4
B007I7Z3Z0,A1JMR1N9NBYJ1X,4
B007I7Z3Z0,A2MSQNPTNAAGL1,1
B007I7Z3Z0,AK7CAW3N1XZV6,4
B007I7Z3Z0,A2R6RA8FRBS608,5
B007I7Z3Z0,A1ONZ8JRPLBNUI,5
B007I7Z3Z0,A22PUBSSNP54L,5
B007I7Z3Z0,A1X2LENOF84LCQ,1
B007I7Z3Z0,ATJN4KEHJBOC8,4
B007I7Z3Z0,A35JP8KSV9281K,5
B007I7Z3Z0,A281NPSIMI1C2R,5
B007I7Z3Z0,A1B05INWIDZ74O,5
B007I7Z3Z0,A1B05INWIDZ74O,5
B007I7Z3Z0,A1A1BM6N28X9J0,5
B007I7Z3Z0,A1B05INWIDZ74O,5
B007I7Z3Z0,A3UUTDX2WNVUS3,2
B007I7Z3Z0,A1AEPMPA12GUJ7,4
B007I7Z3Z0,AKJHHD5VEH7VG,3
B007I7Z3Z0,A3PJZ8TU8FDQ1K,4
B007I7Z3Z0,A2XNOB1T796Y6B,3
B007I7Z3Z0,ATJN4KEHJBOC8,2
B007I7Z3Z0,A2MSQNPTNAAGL1,1
B007RTR9E2,A1GYEGLX3P2Y7P,4
B007RTR9E2,A1IH42TUIZ2XJL,4
B007RTR9E2,A2MUGFV2TDQ47K,4
B007RTR9E2,A1HRYC60VTMYC0,4
B007RTR9E2,A1QBOC76MIOJYP,2
B007RTR9E2,A3FY3H6F4249E0,5
B007RTR9E2,A1ONZ8JRPLBNUI,5
B007RTR9E2,A1DH3QDZX8Z7GO,5
B007RTR9E2,A3OXHLG6DIBRW8,3
B007RTR9E2,AEL6CQNQXONBX,2
B007RTR9E2,A353U0L2HAMSHV,4
B007RTR9E2,A3MUSWDCTZINQZ,4
B007RTR9E2,A26LD9FQHTM8ZH,2
B007RTR9E2,A3094EPI56GKZ6,5
B007RTR8AM,A29313797NGT9L,3
B007RTR8AM,A3OXHLG6DIBRW8,4
B007RTR8AM,A26LD9FQHTM8ZH,2
B007RTR8AM,ADS5APY1NKTL4,4
B007RTR8AM,AQLL2R1PPR46X,4
B007RTR8AM,A16AXQ11SZA8SQ,5
B007RTR8AM,A1GYEGLX3P2Y7P,5
B007RTR8AC,A281NPSIMI1C2R,4
B007RTR8AC,A16WPA6JV83YXT,5
B007RTR8AC,A29313797NGT9L,4
B007RTR8AC,A1X2LENOF84LCQ,3
B007RTR8AC,A1JMR1N9NBYJ1X,5
B007RTR8AC,AY1EF0GOH80EK,5
B007RTR8AC,AEC90GPFKLAAW,3
B007RTR8AC,A3D9NUCR4RXDPY,5
B007RTR8AC,A19SDJ2TSSL8HI,4
B007RTR8AC,AK7CAW3N1XZV6,5
B007K449CE,A2SZLNSI5KOQJT,4
B007K449CE,AEL6CQNQXONBX,4
B007K449CE,A2R1HUYHXV7H18,4
B007K449CE,A3OXHLG6DIBRW8,4
B007K449CE,A25C2M3QF9G7OQ,3
B007K449CE,A11OTLEDSW8ZXD,4
B007K449CE,A1AEPMPA12GUJ7,4
B007K449CE,A3FKGKUCI3DG9U,5
B007K449CE,A1TMAVN4CEM8U8,5
B007K449CE,A2Y8IDC1FKGNJC,3
B004X3VRLG,A1A1BM6N28X9J0,5
B004X3VRLG,ACYR6O588USK,1
B004X3VRLG,AEL6CQNQXONBX,5
B004X3VRLG,A3OXRFCJI67IMN,5
B004X3VRLG,A2Y8IDC1FKGNJC,2
B004X3VRLG,AWKZAUC0D8DYL,5
B004X3VRLG,ARYSDAZNRXN6G,4
B004X3VRLG,A3T0OTH5072YRE,3
B004X3VRLG,A1AEPMPA12GUJ7,3
B004X3VRLG,A1LHAXBM5GBJS2,4
B004X3VRLG,A1B6O7SAIYG2N0,3
B004X3VRLG,A9NXTC0HTPSDO,2
B004X3VRLG,A3FY3H6F4249E0,5
B004X3VRLG,AT9U5ZE5OO84C,2
B004X3VRLG,A2YKWYC3WQJX5J,3
B001ET5Y52,A3RR2P5IS3DGPR,5
B001ET5Y52,A1LFSTBR7L7PUT,5
B001ET5Y52,A2D1LPEUCTNT8X,5
B001ET5Y52,AQ52JX9ES6XYY,5
B001ET5Y52,AI0NMYA3LKXW1,4
B000EPUPSS,A26HFSVLAGULIM,5
B000EPUPSS,A3FKGKUCI3DG9U,5
B000EPUPSS,A1K82R24ROO2I7,5
B000EPUPSS,A2XKJ1KX6XUHYP,1
B000EPUPSS,A26HFSVLAGULIM,5
B0012XBCZQ,A22PUBSSNP54L,5
B0012XBCZQ,ADS5APY1NKTL4,5
B0012XBCZQ,AQQLWCMRNDFGI,4
B0012XBCZQ,A1Q7A78VSQ5GQ4,5
B0012XBCZQ,AYB4ELCS5AM8P,5
B0012XBCZQ,AJCK6OKNWGIYG,5
B000EPOC2S,AQ6AGWKWMTY8H,4
B000EPOC2S,AKMEY1BSHSDG7,4
B000EPOC2S,A37CENQP0ZNKVE,5
B000EPOC2S,AKMEY1BSHSDG7,5
B000EPOC2S,AKMEY1BSHSDG7,5
B000EPOC2S,A36WGHR8TO5DKT,5
B000EPOC2S,A1WX42M589VAMQ,2
B000EPOC2S,A18L1CVUIQRE9L,1
B004JRKEH4,AKMEY1BSHSDG7,1
B004JRKEH4,A2MNB77YGJ3CN0,4
B004JRKEH4,A3F3B1JPACN215,4
B004JRKEH4,A1H7Y5XKPGT0OS,4
B004JRKEH4,A1P2XYD265YE21,5
B004JRKEH4,A16AXQ11SZA8SQ,3
B004JRKEH4,A2B8GXSCB1R05T,3
B004JRKEH4,A3FKGKUCI3DG9U,4
B004JRKEH4,A1B05INWIDZ74O,4
B004JRKEH4,ACAXV4V8PBCE3,5
B004JRKEH4,A13GZCHAMKWYBT,4
B004JRKEH4,A35X2JJI49OBZP,5
B004JRKEH4,ARYSDAZNRXN6G,5
B004JRKEH4,A1ZH9LWMX5UCFJ,1
B004JRKEH4,A3PD8JD9L4WEII,4
B004JRKEH4,A2G7B7FKP2O2PU,5
B004JRKEH4,A58N07M0ZCYMB,5
B001BM3C0Q,APP8XWYYV4PAA,5
B001BM3C0Q,ACAIEIV03NBHY,4
B001BM3C0Q,A106ZCP7RSXMRU,5
B001BM3C0Q,A16KK3YHCWE29C,5
B001BM3C0Q,AQQLWCMRNDFGI,3
B001BM3C0Q,A3VKBFC5K2INR4,5
B001BM3C0Q,A1LZJZIHUPLDV4,5
B001BM3C0Q,A36MP37DITBU6F,5
B001BM3C0Q,A16KK3YHCWE29C,5
B001BM3C0Q,A106ZCP7RSXMRU,5
B001BM3C0Q,A17GK9E70O7Y9R,4
B001BM3C0Q,A2A8KWCE8RKB9T,5
B004MO6NI8,A16AXQ11SZA8SQ,5
B004MO6NI8,A353U0L2HAMSHV,3
B004MO6NI8,AEL6CQNQXONBX,4
B004MO6NI8,A3094EPI56GKZ6,5
B004MO6NI8,A26LD9FQHTM8ZH,2
B004MO6NI8,A2YB7DLC3FOR7W,3
B004MO6NI8,A1SCANWWQTEG9I,2
B004MO6NI8,A35LT14WG5BX0T,3
B004MO6NI8,A2MSQNPTNAAGL1,1
B004MO6NI8,A16WPA6JV83YXT,5
B004MO6NI8,AF3BYMPWKWO8F,2
B004MO6NI8,A2B8GXSCB1R05T,3
B004MO6NI8,A2W9I628I6SE1U,3
B004MO6NI8,ARYSDAZNRXN6G,4
B004MO6NI8,A1ODOGXEYECQQ8,3
B001HTKOWC,A17GK9E70O7Y9R,5
B001HTKOWC,A2OWR2PL3DLWS4,5
B001HTKOWC,A2OWR2PL3DLWS4,5
B001HTKOWC,A281NPSIMI1C2R,5
B001HTKOWC,A281NPSIMI1C2R,5
B001HTKOWC,A281NPSIMI1C2R,5
B001HTKOWC,ADS5APY1NKTL4,5
B001HTKOWC,A3MUSWDCTZINQZ,3
B001HTKOWC,ADLVFFE4VBT8,5
B001HTKOWC,A1AEQZM99LO9VA,2
B001HTKOWC,ADLVFFE4VBT8,5
B001HTKOWC,A1YUL9PCJR3JTY,4
B001HTKOWC,A1YUL9PCJR3JTY,5
B001HTKOWC,AK7CAW3N1XZV6,5
B001HTKOWC,A281NPSIMI1C2R,5
B001HTKOWC,A281NPSIMI1C2R,5
B001HTKOWC,A2DPYMNI2HCIOI,3
B001HTKOWC,AVFA1JB08RG8G,4
B001HTKOWC,A3UUTDX2WNVUS3,5
B001HTKOWC,A1AEQZM99LO9VA,3
B001HTKOWC,A1SO1PGDNVMLXC,5
B001OCKIP0,A25C2M3QF9G7OQ,5
B001OCKIP0,A3MZNRSDQ32UUH,5
B001OCKIP0,A2FRFAQCWZJT3Q,5
B001OCKIP0,AF3BYMPWKWO8F,3
B001OCKIP0,A3NEAETOSXDBOM,4
B001OCKIP0,A2TO2BN3P4C00L,4
B001OCKIP0,A2G7B7FKP2O2PU,5
B001OCKIP0,A3D9NUCR4RXDPY,4
B001OCKIP0,A11ED8O95W2103,3
B001OCKIP0,A1H7Y5XKPGT0OS,3
B001OCKIP0,A2MNB77YGJ3CN0,4
B001OCKIP0,A383XURHVF8ON6,5
B001OCKIP0,A1HRYC60VTMYC0,5
B001OCKIP0,A1PI8VBCXXSGC7,4
B001OCKIP0,A2MSQNPTNAAGL1,5
B001LG940E,A1ONZ8JRPLBNUI,4
B001LG940E,A1LHAXBM5GBJS2,3
B001LG940E,A2R1HUYHXV7H18,2
B001LG940E,AQLL2R1PPR46X,4
B001LG940E,A1X2LENOF84LCQ,3
B001LG940E,A1B05INWIDZ74O,2
B001LG940E,A2B8GXSCB1R05T,4
B001LG940E,A1SCANWWQTEG9I,4
B001LG940E,A3M8R4JD1SIS76,5
B001LG940E,A2OWR5G2OAQF7C,4
B001LG940E,A2MSQNPTNAAGL1,5
B001LG940E,A35JP8KSV9281K,5
B001LG940E,A2TO2BN3P4C00L,3
B001LG940E,A3FY3H6F4249E0,4
B001LG940E,AMRMK86X3PKXD,4
B001LG940E,A3PD8JD9L4WEII,3
B001LG940E,A16AXQ11SZA8SQ,2
B001LG940E,A1H7Y5XKPGT0OS,2
B001LG940E,A3DOPYDOS49I3T,4
B001LG940E,A1P2XYD265YE21,5
B001LG940E,A16WPA6JV83YXT,5
B001LG940E,A353U0L2HAMSHV,4
B001LG940E,A1HRYC60VTMYC0,3
B001LG940E,A3PJZ8TU8FDQ1K,4
B001LG940E,A1AEPMPA12GUJ7,4
B001LG940E,A1RRMZKOMZ2M7J,4
B004MC0CNW,A1TMAVN4CEM8U8,5
B004MC0CNW,A7EK88GF8N40F,5
B004MC0CNW,A1TMAVN4CEM8U8,5
B004MC0CNW,A1TMAVN4CEM8U8,5
B004MC0CNW,A1TMAVN4CEM8U8,5
B004MC0CNW,A1TMAVN4CEM8U8,5
B004MC0CNW,A3094EPI56GKZ6,5
B004MC0CNW,A1P2XYD265YE21,5
B004MC0CNW,A361PLXEWB9UC1,5
B004MC0CNW,A1TMAVN4CEM8U8,5
B004MC0CNW,A2XNJJ9TF70P4J,1
B00472I5A4,A2OEUROGZDTXUJ,5
B00472I5A4,A22PUBSSNP54L,5
B00472I5A4,AYB4ELCS5AM8P,5
B00472I5A4,A2MUGFV2TDQ47K,3
B00472I5A4,A3RMGIKUWGPZOK,5
B00472I5A4,A3PJZ8TU8FDQ1K,5
B00472I5A4,A3PJZ8TU8FDQ1K,5
B00472I5A4,A31N6KB160O508,4
B00472I5A4,A31N6KB160O508,4
B00472I5A4,A31N6KB160O508,4
B00472I5A4,A1B05INWIDZ74O,3
B00472I5A4,A1B05INWIDZ74O,5
B00472I5A4,A2OEUROGZDTXUJ,4
B00472I5A4,A38KP1POQ191WT,1
B00472I5A4,ACYR6O588USK,5
B00472I5A4,AY1EF0GOH80EK,5
B00472I5A4,A2A1XYSB692L6J,5
B00472I5A4,A3RMGIKUWGPZOK,3
B00472I5A4,A2TN9C5E4A0I3F,1
B00472I5A4,AR7TAEEUDHMUB,1
B00472I5A4,ADS5APY1NKTL4,5
B00472I5A4,A3RMGIKUWGPZOK,5
B00472I5A4,A3PJZ8TU8FDQ1K,5
B00472I5A4,A1Q7A78VSQ5GQ4,5
B00472I5A4,A2A8KWCE8RKB9T,4
B00472I5A4,A2OEUROGZDTXUJ,5
B00472I5A4,A2II09GQGWOMTQ,5
B00472I5A4,AQQLWCMRNDFGI,4
B00472I5A4,A24ZV048V7J0MT,5
B00472I5A4,A3RMGIKUWGPZOK,5
B00472I5A4,A3PJZ8TU8FDQ1K,5
B00472I5A4,A3PJZ8TU8FDQ1K,5
B00472I5A4,A2YKWYC3WQJX5J,5
B00472I5A4,AKMEY1BSHSDG7,5
B00472I5A4,ADS5APY1NKTL4,5
B00472I5A4,A3M174IC0VXOS2,5
B00472I5A4,A2OL5WLCNZVD9K,3
B003TNANSO,A1T1YSCDW0PD25,4
B003TNANSO,AQLL2R1PPR46X,5
B003TNANSO,A1LFSTBR7L7PUT,5
B003TNANSO,A3FY3H6F4249E0,4
B003TNANSO,A1T1YSCDW0PD25,4
B003TNANSO,AY12DBB0U420B,4
B001EQ4RBM,A1X1CEGHTHMBL1,5
B001EQ4RBM,A3QNQQKJTL76H0,4
B001EQ4RBM,A1X1CEGHTHMBL1,5
B001EQ4RBM,A1X1CEGHTHMBL1,5
B001EQ4RBM,A1X1CEGHTHMBL1,5
B001EQ4RBM,A3QNQQKJTL76H0,4
B001EQ4RBM,A1TMAVN4CEM8U8,5
B001EQ4RBM,A1TMAVN4CEM8U8,5
B001EQ4RBM,A1TMAVN4CEM8U8,5
B001EQ4RBM,A1G60ANYI0HMEU,5
B001EQ4RBM,A1G60ANYI0HMEU,4
B001EQ4RBM,A1WX42M589VAMQ,5
B001EQ4RBM,A1G60ANYI0HMEU,4
B001EQ4RBM,A1SCANWWQTEG9I,3
B001EQ4RBM,A1N5FSCYN4796F,3
B001EQ4RBM,A1G60ANYI0HMEU,5
B001EQ4RBM,A1N5FSCYN4796F,5
B001EQ4RBM,A361PLXEWB9UC1,5
B001EQ4RBM,A1TMAVN4CEM8U8,5
B001EQ4RBM,A7EK88GF8N40F,5
B001EQ4RBM,A1TMAVN4CEM8U8,5
B001EQ4RBM,A3OXHLG6DIBRW8,5
B001EQ4RBM,A1SCANWWQTEG9I,3
B001EQ4RBM,A1X1CEGHTHMBL1,4
B005CUU25G,ACYR6O588USK,4
B005CUU25G,A3PJZ8TU8FDQ1K,1
B005CUU25G,A100WO06OQR8BQ,1
B005CUU25G,A3AZI828WJN1CD,5
B005CUU25G,AKZKG2Z7CNV27,2
B005CUU25G,A36MP37DITBU6F,4
B005CUU25G,AEC90GPFKLAAW,3
B005CUU25G,A1LHAXBM5GBJS2,3
B005CUU25G,AYOMAHLWRQHUG,3
B005CUU25G,AKZKG2Z7CNV27,2
B005CUU25G,A3M8R4JD1SIS76,4
B005CUU25G,A2R1HUYHXV7H18,3
B005CUU25G,A2Y8IDC1FKGNJC,3
B005CUU25G,A2KIVODZRTGY4U,3
B005CUU25G,A9NXTC0HTPSDO,4
B005CUU25G,A1DH3QDZX8Z7GO,3
B005CUU25G,AY1EF0GOH80EK,3
B005CUU25G,A1QBOC76MIOJYP,2
B005ZBZLT4,A2YHXAZLCLDT8D,5
B005ZBZLT4,A1FP5ZLSKR07SU,3
B005ZBZLT4,A35R32TA60XD57,2
B005ZBZLT4,A1IH42TUIZ2XJL,5
B005ZBZLT4,A3AZI828WJN1CD,4
B000FYVKRS,A1TMAVN4CEM8U8,5
B000FYVKRS,A1TMAVN4CEM8U8,5
B000FYVKRS,A37CENQP0ZNKVE,5
B000FYVKRS,A1TMAVN4CEM8U8,5
B000FYVKRS,A3QA0BBQW08DLZ,3
B000F9Z29U,A1Z54EM24Y40LL,5
B000F9Z29U,A1HRYC60VTMYC0,3
B000F9Z29U,ALL9XFM0Q1N4E,5
B000F9Z29U,A1WOMXOEX90ARI,5
B000F9Z29U,AMRMK86X3PKXD,5
B002ZJSSEE,A1Z54EM24Y40LL,5
B002ZJSSEE,A1HRYC60VTMYC0,3
B002ZJSSEE,ALL9XFM0Q1N4E,5
B002ZJSSEE,A1WOMXOEX90ARI,5
B002ZJSSEE,AMRMK86X3PKXD,5
B008O3G25W,ACYR6O588USK,4
B008O3G25W,A3PJZ8TU8FDQ1K,1
B008O3G25W,A100WO06OQR8BQ,1
B008O3G25W,A3AZI828WJN1CD,5
B008O3G25W,AKZKG2Z7CNV27,2
B008O3G25W,A36MP37DITBU6F,4
B008O3G25W,AEC90GPFKLAAW,3
B008O3G25W,A1LHAXBM5GBJS2,3
B008O3G25W,AYOMAHLWRQHUG,3
B008O3G25W,AKZKG2Z7CNV27,2
B008O3G25W,A3M8R4JD1SIS76,4
B008O3G25W,A2R1HUYHXV7H18,3
B008O3G25W,A2Y8IDC1FKGNJC,3
B008O3G25W,A2KIVODZRTGY4U,3
B008O3G25W,A9NXTC0HTPSDO,4
B008O3G25W,A1DH3QDZX8Z7GO,3
B008O3G25W,AY1EF0GOH80EK,3
B008O3G25W,A1QBOC76MIOJYP,2
B0030VBQOK,A20P8VC55KPPCT,5
B0030VBQOK,A20P8VC55KPPCT,5
B0030VBQOK,A4DTM6B4IBYQX,5
B0030VBQOK,A4DTM6B4IBYQX,5
B0030VBQOK,A4DTM6B4IBYQX,4
B0030VBQOK,A20P8VC55KPPCT,5
B0030VBQOK,A20P8VC55KPPCT,5
B000PMJLJO,A2YKWYC3WQJX5J,4
B000PMJLJO,A1TMAVN4CEM8U8,3
B000PMJLJO,A2Y4S4CNGKF21S,2
B000PMJLJO,A1080SE9X3ECK0,5
B000PMJLJO,AQLL2R1PPR46X,4
B0014WYXQK,A1IU7S4HCK1XK0,5
B0014WYXQK,A1YUL9PCJR3JTY,5
B0014WYXQK,A2MNB77YGJ3CN0,5
B0014WYXQK,A2PNOU7NXB1JE4,5
B0014WYXQK,AJCK6OKNWGIYG,5
B0014WYXQK,A1X2LENOF84LCQ,4
B002LANN56,ACYR6O588USK,4
B002LANN56,A35LT14WG5BX0T,2
B002LANN56,A2YKWYC3WQJX5J,2
B002LANN56,A383XURHVF8ON6,3
B002LANN56,ALSAOZ1V546VT,5
B002LANN56,A1YJMG0QJXZLD4,1
B002LANN56,A35JP8KSV9281K,1
B002LANN56,APP8XWYYV4PAA,5
B002LANN56,AEL6CQNQXONBX,5
B002LANN56,AK8LOFYRZJJW0,3
B002LANN56,A3DOPYDOS49I3T,5
B002LANN56,A3094EPI56GKZ6,5
B002LANN56,A1AEPMPA12GUJ7,4
B002LANN56,ARYSDAZNRXN6G,3
B002LANN56,A2YB7DLC3FOR7W,5
B002LANN56,AKJHHD5VEH7VG,3
B002LANN56,AYOMAHLWRQHUG,3
B002LANN56,A1A1BM6N28X9J0,5
B002LANN56,AYB4ELCS5AM8P,5
B002LANN56,A1F7YU6O5RU432,4
B002LANN56,A2W9I628I6SE1U,4
B002LANN56,A13GZCHAMKWYBT,5
B002LANN56,A3D9NUCR4RXDPY,5
B002LANN56,A11OTLEDSW8ZXD,3
B002LANN56,A17HMM1M7T9PJ1,3
B002LANN56,A1RLP0R1N8H8C4,1
B002LANN56,A2R1HUYHXV7H18,4
B002LANN56,ADLVFFE4VBT8,5
B002LANN56,A1PI8VBCXXSGC7,3
B002LANN56,A3OXHLG6DIBRW8,4
B002LANN56,A1V1EP514B5H7Y,5
B002LANN56,A1ZPY91VE3IDN1,3
B002LANN56,A3MDETK0D5UAIN,2
B002LANN56,ALDAF4VVLFRHP,4
B002LANN56,A2DPYMNI2HCIOI,5
B002LANN56,A29M09QBG9TZLP,5
B002LANN56,A1LHAXBM5GBJS2,4
B002LANN56,A3OXRFCJI67IMN,5
B002LANN56,A1B6O7SAIYG2N0,5
B002LANN56,A1QBOC76MIOJYP,4
B002LANN56,A35W3JQYP0M655,4
B002LANN56,A1JMR1N9NBYJ1X,5
B002LANN56,A1W415JP5WEAJK,4
B002LANN56,A1Q7A78VSQ5GQ4,5
B002LANN56,AIEEK7AHXKZCC,3
B002LANN56,A26LD9FQHTM8ZH,1
B002LANN56,AJQDIT55SZ3ZX,3
B002LANN56,A2G7B7FKP2O2PU,3
B002LANN56,A2Y8IDC1FKGNJC,3
B002LANN56,A1DH3QDZX8Z7GO,1
B002LANN56,A1IU7S4HCK1XK0,3
B002LANN56,A36MP37DITBU6F,2
B002LANN56,A2MUGFV2TDQ47K,4
B002LANN56,A100WO06OQR8BQ,5
B002LANN56,AWKZAUC0D8DYL,4
B002LANN56,AQ6AGWKWMTY8H,4
B000FBM3PO,ALSAOZ1V546VT,5
B000FBM3PO,AXO4PQU0XG3TG,5
B000FBM3PO,A13K3ZLWAWN1EI,5
B000FBM3PO,A2OWR2PL3DLWS4,5
B000FBM3PO,A2OWR2PL3DLWS4,5
B000FBM3PO,A2OWR2PL3DLWS4,5
B000FBM3PO,A13K3ZLWAWN1EI,5
B000FBM3PO,ALSAOZ1V546VT,5
B000FBM3PO,A2IYLMDQGBB4VG,2
B004YV80O4,A1W415JP5WEAJK,4
B004YV80O4,A1P2XYD265YE21,5
B004YV80O4,A383XURHVF8ON6,4
B004YV80O4,A1AEPMPA12GUJ7,3
B004YV80O4,A3MZNRSDQ32UUH,5
B004YV80O4,A3MUSWDCTZINQZ,3
B004YV80O4,ARYSDAZNRXN6G,5
B004YV80O4,A100WO06OQR8BQ,5
B004YV80O4,AMRMK86X3PKXD,4
B004YV80O4,A1ZH9LWMX5UCFJ,1
B004YV80O4,A3R9H6OKZHHRJD,2
B004YV80O4,A3EPHBMU07LZ50,4
B004YV80O4,A1Z54EM24Y40LL,5
B004YV80O4,A16AXQ11SZA8SQ,5
B004YV80O4,A35JP8KSV9281K,5
B004YV80O4,A1ONZ8JRPLBNUI,5
B004YV80O4,A2O421DTA8J0RW,4
B004YV80O4,A25C2M3QF9G7OQ,3
B004YV80O4,A16WPA6JV83YXT,5
B0007R9L4M,AKMEY1BSHSDG7,5
B0007R9L4M,A1UQBFCERIP7VJ,5
B0007R9L4M,A353U0L2HAMSHV,4
B0007R9L4M,A35X2JJI49OBZP,5
B0007R9L4M,AJB5P7GVR0MT8,4
B001AHJ2D8,APP8XWYYV4PAA,4
B001AHJ2D8,A2FRFAQCWZJT3Q,5
B001AHJ2D8,A1X2LENOF84LCQ,4
B001AHJ2D8,A1ODOGXEYECQQ8,5
B001AHJ2D8,A25C2M3QF9G7OQ,5
B001AHJ2D8,A3EFSLEMHNPP6A,5
B001AHJ2D8,A2MSQNPTNAAGL1,5
B001AHJ2D8,A2FRFAQCWZJT3Q,5
B001AHJ2D8,AQLL2R1PPR46X,5
B001AHJ2D8,A2B8GXSCB1R05T,3
B001AHJ2D8,A2MNB77YGJ3CN0,5
B001AHJ2D8,AT9U5ZE5OO84C,5
B001AHJ2D8,AT9U5ZE5OO84C,5
B001AHJ2D8,A2Y8IDC1FKGNJC,5
B001AHJ2D8,A17V9XL4CWTQ6G,5
B001AHJ2D8,A1GQAKL9CGQLP1,5
B001AHJ2D8,A3VKBFC5K2INR4,5
B001AHJ2D8,ACYR6O588USK,5
B001AHJ2D8,A1LZJZIHUPLDV4,5
B001AHJ2D8,AWKZAUC0D8DYL,5
B001AHJ2D8,A2TO2BN3P4C00L,3
B001AHJ2D8,A1LZJZIHUPLDV4,5
B001AHJ2D8,A2R1HUYHXV7H18,5
B004YV80OE,AQLL2R1PPR46X,2
B004YV80OE,A1PI8VBCXXSGC7,3
B004YV80OE,A100WO06OQR8BQ,3
B004YV80OE,AMRMK86X3PKXD,4
B004YV80OE,A1AEPMPA12GUJ7,2
B004YV80OE,ACAXV4V8PBCE3,5
B004YV80OE,A19SDJ2TSSL8HI,3
B004YV80OE,A3EPHBMU07LZ50,4
B004YV80OE,A29M09QBG9TZLP,4
B004YV80OE,A1B6O7SAIYG2N0,4
B004YV80OE,AWKZAUC0D8DYL,4
B004YV80OE,A3R9H6OKZHHRJD,4
B004YV80OE,A16AXQ11SZA8SQ,5
B004YV80OE,A2MUGFV2TDQ47K,4
B004YV80OE,A1P2XYD265YE21,5
B004YV80OE,ARYSDAZNRXN6G,4
B004YV80OE,A58N07M0ZCYMB,5
B004YV80OE,A1A1BM6N28X9J0,5
B004YV80OE,A3HPCRD9RX351S,4
B004YV80OE,A3MZNRSDQ32UUH,1
B004YV80OE,A3D9NUCR4RXDPY,2
B004YV80OE,A35JP8KSV9281K,5
B004YV80OE,A2G7B7FKP2O2PU,3
B004YV80OE,AF3BYMPWKWO8F,3
B004OLKF6K,A1B6O7SAIYG2N0,5
B004OLKF6K,A2SZLNSI5KOQJT,5
B004OLKF6K,AYOMAHLWRQHUG,4
B004OLKF6K,A2SZLNSI5KOQJT,3
B004OLKF6K,A2SZLNSI5KOQJT,2
B004IJMVQK,A3VKBFC5K2INR4,5
B004IJMVQK,A1KEK09ZA6J9P8,5
B004IJMVQK,AY12DBB0U420B,5
B004IJMVQK,A2TN9C5E4A0I3F,5
B004IJMVQK,A2OEUROGZDTXUJ,5
B0002DGRPC,A29JUMRL1US6YP,5
B0002DGRPC,AJD41FBJD9010,5
B0002DGRPC,AJD41FBJD9010,5
B0002DGRPC,AJD41FBJD9010,5
B0002DGRPC,AJD41FBJD9010,5
B0002DGRPC,AJD41FBJD9010,5
B0002DGRPC,AJD41FBJD9010,5
B000EQYW0E,APP8XWYYV4PAA,5
B000EQYW0E,ACAIEIV03NBHY,4
B000EQYW0E,A106ZCP7RSXMRU,5
B000EQYW0E,A16KK3YHCWE29C,5
B000EQYW0E,AQQLWCMRNDFGI,3
B000EQYW0E,A3VKBFC5K2INR4,5
B000EQYW0E,A1LZJZIHUPLDV4,5
B000EQYW0E,A36MP37DITBU6F,5
B000EQYW0E,A16KK3YHCWE29C,5
B000EQYW0E,A106ZCP7RSXMRU,5
B000EQYW0E,A17GK9E70O7Y9R,4
B000EQYW0E,A2A8KWCE8RKB9T,5
B0029NM8KQ,A2T5VEAFT6PUH3,4
B0029NM8KQ,A2T5VEAFT6PUH3,4
B0029NM8KQ,A2T5VEAFT6PUH3,4
B0029NM8KQ,A2T5VEAFT6PUH3,5
B0029NM8KQ,A2T5VEAFT6PUH3,5
B006BXUYN8,ANCOMAI0I7LVG,2
B006BXUYN8,A29M09QBG9TZLP,4
B006BXUYN8,A3PD8JD9L4WEII,4
B006BXUYN8,A3OXHLG6DIBRW8,4
B006BXUYN8,A2O421DTA8J0RW,5
B004HOLD4W,A1X1CEGHTHMBL1,5
B004HOLD4W,A3QNQQKJTL76H0,4
B004HOLD4W,A1X1CEGHTHMBL1,5
B004HOLD4W,A1X1CEGHTHMBL1,5
B004HOLD4W,A1X1CEGHTHMBL1,5
B004HOLD4W,A3QNQQKJTL76H0,4
B004HOLD4W,A1TMAVN4CEM8U8,5
B004HOLD4W,A1TMAVN4CEM8U8,5
B004HOLD4W,A1TMAVN4CEM8U8,5
B004HOLD4W,A1G60ANYI0HMEU,5
B004HOLD4W,A1G60ANYI0HMEU,4
B004HOLD4W,A1WX42M589VAMQ,5
B004HOLD4W,A1G60ANYI0HMEU,4
B004HOLD4W,A1SCANWWQTEG9I,3
B004HOLD4W,A1N5FSCYN4796F,3
B004HOLD4W,A1G60ANYI0HMEU,5
B004HOLD4W,A1N5FSCYN4796F,5
B004HOLD4W,A361PLXEWB9UC1,5
B004HOLD4W,A1TMAVN4CEM8U8,5
B004HOLD4W,A7EK88GF8N40F,5
B004HOLD4W,A1TMAVN4CEM8U8,5
B004HOLD4W,A3OXHLG6DIBRW8,5
B004HOLD4W,A1SCANWWQTEG9I,3
B004HOLD4W,A1X1CEGHTHMBL1,4
B003WK0D8O,A3TVZM3ZIXG8YW,1
B003WK0D8O,A3TVZM3ZIXG8YW,1
B003WK0D8O,A36JDIN9RAAIEC,5
B003WK0D8O,A3TVZM3ZIXG8YW,1
B003WK0D8O,A3TVZM3ZIXG8YW,1
B003WK0D8O,A3TVZM3ZIXG8YW,1
B003WK0D8O,A3TVZM3ZIXG8YW,1
B003WK0D8O,A36JDIN9RAAIEC,5
B003WK0D8O,A36JDIN9RAAIEC,5
B003WK0D8O,A3TVZM3ZIXG8YW,1
B003WK0D8O,A20OQMLRFNZADL,4
B003WK0D8O,A1HRYC60VTMYC0,5
B003WK0D8O,A2VUD4SPJO4V33,1
B003WK0D8O,A3TVZM3ZIXG8YW,1
B003WK0D8O,A3TVZM3ZIXG8YW,1
B003WK0D8O,A3TVZM3ZIXG8YW,1
B006W5WDS4,A3M8R4JD1SIS76,3
B006W5WDS4,A2MNB77YGJ3CN0,5
B006W5WDS4,A16WPA6JV83YXT,5
B006W5WDS4,A3EPHBMU07LZ50,5
B006W5WDS4,A2MUGFV2TDQ47K,4
B006W5WDS4,A1ZH9LWMX5UCFJ,5
B006W5WDS4,A2NOW4U7W3F7RI,5
B006W5WDS4,A2NOW4U7W3F7RI,5
B006W5WDS4,A19123D9G66E0O,3
B0002MLA5K,A3TVZM3ZIXG8YW,1
B0002MLA5K,A3TVZM3ZIXG8YW,1
B0002MLA5K,A36JDIN9RAAIEC,5
B0002MLA5K,A3TVZM3ZIXG8YW,1
B0002MLA5K,A3TVZM3ZIXG8YW,1
B0002MLA5K,A3TVZM3ZIXG8YW,1
B0002MLA5K,A3TVZM3ZIXG8YW,1
B0002MLA5K,A36JDIN9RAAIEC,5
B0002MLA5K,A36JDIN9RAAIEC,5
B0002MLA5K,A3TVZM3ZIXG8YW,1
B0002MLA5K,A20OQMLRFNZADL,4
B0002MLA5K,A1HRYC60VTMYC0,5
B0002MLA5K,A2VUD4SPJO4V33,1
B0002MLA5K,A3TVZM3ZIXG8YW,1
B0002MLA5K,A3TVZM3ZIXG8YW,1
B0002MLA5K,A3TVZM3ZIXG8YW,1
B004GW6O9E,A3T0OTH5072YRE,5
B004GW6O9E,A2SZWFJX0783BF,5
B004GW6O9E,A1P2XYD265YE21,5
B004GW6O9E,AI0NMYA3LKXW1,5
B004GW6O9E,AYGJ96W5KQMUJ,4
B004GW6O9E,A1P2XYD265YE21,5
B004GW6O9E,A12ENBT314RFXR,5
B004GW6O9E,A1HOXKR7OKJ1X1,5
B004GW6O9E,A1P2XYD265YE21,5
B004GW6O9E,A1P2XYD265YE21,5
B004GW6O9E,A1LZJZIHUPLDV4,5
B004GW6O9E,A2LJJ4482V9LAW,1
B004GW6O9E,AJB5P7GVR0MT8,3
B004GW6O9E,A1LZJZIHUPLDV4,5
B004GW6O9E,A1P2XYD265YE21,5
B004GW6O9E,A1P2XYD265YE21,5
B000Q6XR0S,A3VKBFC5K2INR4,5
B000Q6XR0S,A1KEK09ZA6J9P8,5
B000Q6XR0S,AY12DBB0U420B,5
B000Q6XR0S,A2TN9C5E4A0I3F,5
B000Q6XR0S,A2OEUROGZDTXUJ,5
B000YSRK7E,APP8XWYYV4PAA,4
B000YSRK7E,A2FRFAQCWZJT3Q,5
B000YSRK7E,A1X2LENOF84LCQ,4
B000YSRK7E,A1ODOGXEYECQQ8,5
B000YSRK7E,A25C2M3QF9G7OQ,5
B000YSRK7E,A3EFSLEMHNPP6A,5
B000YSRK7E,A2MSQNPTNAAGL1,5
B000YSRK7E,A2FRFAQCWZJT3Q,5
B000YSRK7E,AQLL2R1PPR46X,5
B000YSRK7E,A2B8GXSCB1R05T,3
B000YSRK7E,A2MNB77YGJ3CN0,5
B000YSRK7E,AT9U5ZE5OO84C,5
B000YSRK7E,AT9U5ZE5OO84C,5
B000YSRK7E,A2Y8IDC1FKGNJC,5
B000YSRK7E,A17V9XL4CWTQ6G,5
B000YSRK7E,A1GQAKL9CGQLP1,5
B000YSRK7E,A3VKBFC5K2INR4,5
B000YSRK7E,ACYR6O588USK,5
B000YSRK7E,A1LZJZIHUPLDV4,5
B000YSRK7E,AWKZAUC0D8DYL,5
B000YSRK7E,A2TO2BN3P4C00L,3
B000YSRK7E,A1LZJZIHUPLDV4,5
B000YSRK7E,A2R1HUYHXV7H18,5
B00286KM8E,A1K82R24ROO2I7,5
B00286KM8E,AIEEK7AHXKZCC,5
B00286KM8E,A19123D9G66E0O,4
B00286KM8E,AZV26LP92E6WU,5
B00286KM8E,A1YJMG0QJXZLD4,4
B001EQ4QJK,A1X1CEGHTHMBL1,5
B001EQ4QJK,A3QNQQKJTL76H0,4
B001EQ4QJK,A1X1CEGHTHMBL1,5
B001EQ4QJK,A1X1CEGHTHMBL1,5
B001EQ4QJK,A1X1CEGHTHMBL1,5
B001EQ4QJK,A3QNQQKJTL76H0,4
B001EQ4QJK,A1TMAVN4CEM8U8,5
B001EQ4QJK,A1TMAVN4CEM8U8,5
B001EQ4QJK,A1TMAVN4CEM8U8,5
B001EQ4QJK,A1G60ANYI0HMEU,5
B001EQ4QJK,A1G60ANYI0HMEU,4
B001EQ4QJK,A1WX42M589VAMQ,5
B001EQ4QJK,A1G60ANYI0HMEU,4
B001EQ4QJK,A1SCANWWQTEG9I,3
B001EQ4QJK,A1N5FSCYN4796F,3
B001EQ4QJK,A1G60ANYI0HMEU,5
B001EQ4QJK,A1N5FSCYN4796F,5
B001EQ4QJK,A361PLXEWB9UC1,5
B001EQ4QJK,A1TMAVN4CEM8U8,5
B001EQ4QJK,A7EK88GF8N40F,5
B001EQ4QJK,A1TMAVN4CEM8U8,5
B001EQ4QJK,A3OXHLG6DIBRW8,5
B001EQ4QJK,A1SCANWWQTEG9I,3
B001EQ4QJK,A1X1CEGHTHMBL1,4
B005DFL4PM,A3V1A3C9DTLPME,4
B005DFL4PM,A19123D9G66E0O,2
B005DFL4PM,A1N5FSCYN4796F,5
B005DFL4PM,AEC90GPFKLAAW,5
B005DFL4PM,A19123D9G66E0O,2
B005DFL4PM,A2TO2BN3P4C00L,3
B007TJGY46,A2YSFKX18XTHED,1
B007TJGY46,A33REC3J2JU2EL,5
B007TJGY46,A26NFIQ7KWI8Y7,3
B007TJGY46,A35R32TA60XD57,3
B007TJGY46,A2KUUWP4ZZMOBP,5
B0030VJ97Q,A4DTM6B4IBYQX,5
B0030VJ97Q,A4DTM6B4IBYQX,5
B0030VJ97Q,A20P8VC55KPPCT,5
B0030VJ97Q,A4DTM6B4IBYQX,2
B0030VJ97Q,A20P8VC55KPPCT,5
B0030VJ97Q,A20P8VC55KPPCT,5
B001PMC3O8,A1Z4LX3Q1YMF84,2
B001PMC3O8,A1K82R24ROO2I7,5
B001PMC3O8,A2PNOU7NXB1JE4,3
B001PMC3O8,A11OTLEDSW8ZXD,3
B001PMC3O8,A2UCZAWAN5QMJQ,2
B001PMC3O8,A35R32TA60XD57,1
B004867T24,A35X2JJI49OBZP,4
B004867T24,A3T0OTH5072YRE,3
B004867T24,A2SZLNSI5KOQJT,4
B004867T24,A3FKGKUCI3DG9U,5
B004867T24,A1Q7A78VSQ5GQ4,4
B004867T24,A9NXTC0HTPSDO,4
B004867T24,A58N07M0ZCYMB,5
B004867T24,AQLL2R1PPR46X,3
B0014WYXYW,A3BH49ZKESHDID,5
B0014WYXYW,A3M174IC0VXOS2,4
B0014WYXYW,AJCK6OKNWGIYG,4
B0014WYXYW,ACYR6O588USK,5
B0014WYXYW,AQ6AGWKWMTY8H,4
B003R0LKTA,A1XGFW5016CGQI,5
B003R0LKTA,A1XGFW5016CGQI,5
B003R0LKTA,A6KL17KKN0A5L,5
B003R0LKTA,A35R32TA60XD57,2
B003R0LKTA,A2IYLMDQGBB4VG,5
B003R0LKTK,A1XGFW5016CGQI,5
B003R0LKTK,A1XGFW5016CGQI,5
B003R0LKTK,A6KL17KKN0A5L,5
B003R0LKTK,A35R32TA60XD57,2
B003R0LKTK,A2IYLMDQGBB4VG,5
B002ZJSWO0,A3M8R4JD1SIS76,5
B002ZJSWO0,A2R6RA8FRBS608,5
B002ZJSWO0,A2YB7DLC3FOR7W,5
B002ZJSWO0,A3DOPYDOS49I3T,4
B002ZJSWO0,A26HFSVLAGULIM,4
B002ZJSWO0,A3M174IC0VXOS2,5
B004LL97EO,A22PUBSSNP54L,5
B004LL97EO,ADS5APY1NKTL4,5
B004LL97EO,AQQLWCMRNDFGI,4
B004LL97EO,A1Q7A78VSQ5GQ4,5
B004LL97EO,AYB4ELCS5AM8P,5
B004LL97EO,AJCK6OKNWGIYG,5
B000LKXBL4,A2OEUROGZDTXUJ,5
B000LKXBL4,A22PUBSSNP54L,5
B000LKXBL4,AYB4ELCS5AM8P,5
B000LKXBL4,A2MUGFV2TDQ47K,3
B000LKXBL4,A3RMGIKUWGPZOK,5
B000LKXBL4,A3PJZ8TU8FDQ1K,5
B000LKXBL4,A3PJZ8TU8FDQ1K,5
B000LKXBL4,A31N6KB160O508,4
B000LKXBL4,A31N6KB160O508,4
B000LKXBL4,A31N6KB160O508,4
B000LKXBL4,A1B05INWIDZ74O,3
B000LKXBL4,A1B05INWIDZ74O,5
B000LKXBL4,A2OEUROGZDTXUJ,4
B000LKXBL4,A38KP1POQ191WT,1
B000LKXBL4,ACYR6O588USK,5
B000LKXBL4,AY1EF0GOH80EK,5
B000LKXBL4,A2A1XYSB692L6J,5
B000LKXBL4,A3RMGIKUWGPZOK,3
B000LKXBL4,A2TN9C5E4A0I3F,1
B000LKXBL4,AR7TAEEUDHMUB,1
B000LKXBL4,ADS5APY1NKTL4,5
B000LKXBL4,A3RMGIKUWGPZOK,5
B000LKXBL4,A3PJZ8TU8FDQ1K,5
B000LKXBL4,A1Q7A78VSQ5GQ4,5
B000LKXBL4,A2A8KWCE8RKB9T,4
B000LKXBL4,A2OEUROGZDTXUJ,5
B000LKXBL4,A2II09GQGWOMTQ,5
B000LKXBL4,AQQLWCMRNDFGI,4
B000LKXBL4,A24ZV048V7J0MT,5
B000LKXBL4,A3RMGIKUWGPZOK,5
B000LKXBL4,A3PJZ8TU8FDQ1K,5
B000LKXBL4,A3PJZ8TU8FDQ1K,5
B000LKXBL4,A2YKWYC3WQJX5J,5
B000LKXBL4,AKMEY1BSHSDG7,5
B000LKXBL4,ADS5APY1NKTL4,5
B000LKXBL4,A3M174IC0VXOS2,5
B000LKXBL4,A2OL5WLCNZVD9K,3
B004FELBH8,A3FKGKUCI3DG9U,3
B004FELBH8,A1W415JP5WEAJK,4
B004FELBH8,A2M9D9BDHONV3Y,4
B004FELBH8,A16WPA6JV83YXT,5
B004FELBH8,A35X2JJI49OBZP,4
B004FELBH8,A100WO06OQR8BQ,3
B004FELBH8,A3EFSLEMHNPP6A,3
B004FELBH8,A3HPCRD9RX351S,5
B004FELBH8,A22PUBSSNP54L,4
B004FELBH8,A1ZH9LWMX5UCFJ,5
B000EPP588,AQ6AGWKWMTY8H,4
B000EPP588,AKMEY1BSHSDG7,4
B000EPP588,A37CENQP0ZNKVE,5
B000EPP588,AKMEY1BSHSDG7,5
B000EPP588,AKMEY1BSHSDG7,5
B000EPP588,A36WGHR8TO5DKT,5
B000EPP588,A1WX42M589VAMQ,2
B000EPP588,A18L1CVUIQRE9L,1
B000N30EC8,A1KEK09ZA6J9P8,5
B000N30EC8,A2MUGFV2TDQ47K,5
B000N30EC8,A1XGFW5016CGQI,5
B000N30EC8,AJB5P7GVR0MT8,2
B000N30EC8,ACYR6O588USK,5
B000WFUL3E,A29JUMRL1US6YP,5
B000WFUL3E,A58N07M0ZCYMB,5
B000WFUL3E,A2FRFAQCWZJT3Q,3
B000WFUL3E,A29JUMRL1US6YP,5
B000WFUL3E,A29JUMRL1US6YP,5
B000WFUL3E,A29JUMRL1US6YP,5
B000WFUL3E,A29JUMRL1US6YP,5
B000WFUL3E,A29JUMRL1US6YP,5
B000WFUL3E,A29JUMRL1US6YP,5
B000WFUL3E,A29JUMRL1US6YP,5
B000WFUL3E,A29JUMRL1US6YP,5
B000WFUL3E,A29JUMRL1US6YP,5
B000WFUL3E,A29JUMRL1US6YP,5
B001BCVY9W,A1RRMZKOMZ2M7J,4
B001BCVY9W,A1AEPMPA12GUJ7,3
B001BCVY9W,A1Q7A78VSQ5GQ4,5
B001BCVY9W,AF3BYMPWKWO8F,1
B001BCVY9W,A3FKGKUCI3DG9U,3
B001BCVY9W,A3FKGKUCI3DG9U,3
B001BCVY9W,A3FKGKUCI3DG9U,3
B001BCVY9W,A3FKGKUCI3DG9U,3
B001BCVY9W,A2PNOU7NXB1JE4,3
B001BCVY9W,A2FRFAQCWZJT3Q,4
B001BCVY9W,A2W9I628I6SE1U,4
B001BCVY9W,A1RLP0R1N8H8C4,5
B001BCVY9W,A25C2M3QF9G7OQ,3
B001BCVY9W,A1JMR1N9NBYJ1X,4
B001BCVY9W,A2PNOU7NXB1JE4,4
B001BCVY9W,A1Z4LX3Q1YMF84,5
B001BCVY9W,A1RLP0R1N8H8C4,5
B001BCVY9W,A250AXLRBVYKB4,5
B001BCVY9W,APP8XWYYV4PAA,5
B001BCVY9W,AF3BYMPWKWO8F,3
B001BCVY9W,AF3BYMPWKWO8F,1
B001BCVY9W,A1KEK09ZA6J9P8,5
B001BCVY9W,AF3BYMPWKWO8F,1
B001BCVY9W,A2PNOU7NXB1JE4,2
B001BCVY9W,AF3BYMPWKWO8F,1
B001BCVY9W,A16AXQ11SZA8SQ,5
B001BCVY9W,AK8LOFYRZJJW0,4
B001BCVY9W,A13MKSASQ6YWL7,5
B001BCVY9W,AQLL2R1PPR46X,5
B001BCVY9W,AQLL2R1PPR46X,5
B001BCVY9W,A2G7B7FKP2O2PU,5
B001BCVY9W,AF3BYMPWKWO8F,1
B001BCVY9W,A3MZNRSDQ32UUH,5
B001BCVY9W,A2G7B7FKP2O2PU,5
B001BCVY9W,A1JMR1N9NBYJ1X,4
B001BCVY9W,APP8XWYYV4PAA,5
B001BCVY9W,A2R1HUYHXV7H18,4
B001BCVY9W,AF3BYMPWKWO8F,1
B001BCVY9W,AF3BYMPWKWO8F,1
B001BCVY9W,AF3BYMPWKWO8F,1
B001BCVY9W,A2YSFKX18XTHED,5
B001BCVY9W,A3FKGKUCI3DG9U,3
B001BCVY9W,A3FKGKUCI3DG9U,3
B001BCVY9W,A2FRFAQCWZJT3Q,5
B001BCVY9W,A1HRYC60VTMYC0,5
B001BCVY9W,A250AXLRBVYKB4,4
B0054TWQMM,AK8LOFYRZJJW0,5
B0054TWQMM,A19SDJ2TSSL8HI,4
B0054TWQMM,A2E3WMF9RWW2X2,5
B0054TWQMM,A22PUBSSNP54L,5
B0054TWQMM,A3D9NUCR4RXDPY,5
B0054TWQMM,A1Q7A78VSQ5GQ4,5
B007RTR89S,AIEEK7AHXKZCC,5
B007RTR89S,A1P2XYD265YE21,1
B007RTR89S,A19SDJ2TSSL8HI,5
B007RTR89S,A3R9H6OKZHHRJD,4
B007RTR89S,A35JP8KSV9281K,4
B007RTR89S,ARYSDAZNRXN6G,4
B007RTR89S,A3MUSWDCTZINQZ,4
B000XSJLW2,A18L1CVUIQRE9L,5
B000XSJLW2,A18L1CVUIQRE9L,5
B000XSJLW2,A36WGHR8TO5DKT,2
B000XSJLW2,A281NPSIMI1C2R,5
B000XSJLW2,A2PNOU7NXB1JE4,5
B000XSJLW2,A2PNOU7NXB1JE4,4
B000XSJLW2,A281NPSIMI1C2R,5
B000XSJLW2,AKMEY1BSHSDG7,5
B000XSJLW2,ANCOMAI0I7LVG,4
B000XSJLW2,A2OWR2PL3DLWS4,5
B000XSJLW2,A35LT14WG5BX0T,3
B005K4Q37A,A35R32TA60XD57,1
B005K4Q37A,AKJHHD5VEH7VG,3
B005K4Q37A,ALDAF4VVLFRHP,5
B005K4Q37A,ALDAF4VVLFRHP,5
B005K4Q37A,A1X2LENOF84LCQ,2
B005K4Q37A,A35X2JJI49OBZP,4
B000EGZ2R6,A1XGFW5016CGQI,5
B000EGZ2R6,A1XGFW5016CGQI,5
B000EGZ2R6,A6KL17KKN0A5L,5
B000EGZ2R6,A35R32TA60XD57,2
B000EGZ2R6,A2IYLMDQGBB4VG,5
B000CQBZOW,A1Z54EM24Y40LL,5
B000CQBZOW,A1SO1PGDNVMLXC,5
B000CQBZOW,A2IYLMDQGBB4VG,3
B000CQBZOW,A3FY3H6F4249E0,5
B000CQBZOW,A2OWR5G2OAQF7C,4
B000CQBZOW,A1SO1PGDNVMLXC,3
B000CQBZOW,A1YUL9PCJR3JTY,3
B000CQBZOW,A1YUL9PCJR3JTY,4
B000CQBZOW,A1SO1PGDNVMLXC,5
B000CQBZOW,A3FY3H6F4249E0,5
B000CQBZOW,A1YJMG0QJXZLD4,4
B000CQBZOW,A1YUL9PCJR3JTY,5
B000CQBZOW,A3FY3H6F4249E0,5
B000CQBZOW,A3FY3H6F4249E0,5
B000CQBZOW,A281NPSIMI1C2R,5
B000CQBZOW,A1YUL9PCJR3JTY,4
B000CQBZOW,ADS5APY1NKTL4,5
B000CQBZOW,AI0NMYA3LKXW1,5
B000CQBZOW,A1UQBFCERIP7VJ,4
B001E5E060,A3NEAETOSXDBOM,5
B001E5E060,A1N5FSCYN4796F,4
B001E5E060,A2NOW4U7W3F7RI,2
B001E5E060,AZV26LP92E6WU,5
B001E5E060,A2XNOB1T796Y6B,4
B001E5E060,AKMEY1BSHSDG7,5
B001E5E060,A2E3WMF9RWW2X2,5
B000XQ5HDQ,A3OXHLG6DIBRW8,5
B000XQ5HDQ,A3RMGIKUWGPZOK,5
B000XQ5HDQ,A2MNB77YGJ3CN0,5
B000XQ5HDQ,A2UCZAWAN5QMJQ,4
B000XQ5HDQ,A33REC3J2JU2EL,5
B000XQ5HDQ,A2Y8IDC1FKGNJC,5
B005VOONKI,AIEEK7AHXKZCC,5
B005VOONKI,A2OL5WLCNZVD9K,5
B005VOONKI,ADS5APY1NKTL4,5
B005VOONKI,A3R9H6OKZHHRJD,3
B005VOONKI,AEL6CQNQXONBX,5
B005VOONKI,A16WPA6JV83YXT,3
B005VOONKI,A26LD9FQHTM8ZH,4
B005VOONKI,A1P2XYD265YE21,5
B005VOONKI,AT9U5ZE5OO84C,5
B005VOONKI,A1JMR1N9NBYJ1X,5
B005VOONKI,A100WO06OQR8BQ,2
B005VOONKI,A1ONZ8JRPLBNUI,5
B005VOONKI,A1IH42TUIZ2XJL,4
B005VOONKI,A2R1HUYHXV7H18,4
B005VOONKI,A1AEPMPA12GUJ7,4
B005VOONKI,AMRMK86X3PKXD,5
B005VOONKI,A2Y8IDC1FKGNJC,5
B005VOONKI,A2FRFAQCWZJT3Q,5
B005VOONKI,ACAXV4V8PBCE3,4
B005VOONKI,A2XNOB1T796Y6B,4
B005VOONKI,A1A1BM6N28X9J0,4
B005VOONKI,A13WOT3RSXKRD5,4
B005VOONKI,A29M09QBG9TZLP,4
B005VOONKI,A1LHAXBM5GBJS2,3
B005VOONKI,A1H7Y5XKPGT0OS,4
B005VOONKI,ANCOMAI0I7LVG,3
B005VOONKI,A35JP8KSV9281K,5
B005VOONKI,A175N19FS2B4J,4
B005VOONKI,A1B6O7SAIYG2N0,4
B005VOONKI,ARYSDAZNRXN6G,5
B005VOONKI,A3M8R4JD1SIS76,5
B005VOONKI,A1HRYC60VTMYC0,5
B005VOONKI,A3FKGKUCI3DG9U,4
B001KVPBS4,A1X1CEGHTHMBL1,5
B001KVPBS4,A3QNQQKJTL76H0,4
B001KVPBS4,A1X1CEGHTHMBL1,5
B001KVPBS4,A1X1CEGHTHMBL1,5
B001KVPBS4,A1X1CEGHTHMBL1,5
B001KVPBS4,A3QNQQKJTL76H0,4
B001KVPBS4,A1TMAVN4CEM8U8,5
B001KVPBS4,A1TMAVN4CEM8U8,5
B001KVPBS4,A1TMAVN4CEM8U8,5
B001KVPBS4,A1G60ANYI0HMEU,5
B001KVPBS4,A1G60ANYI0HMEU,4
B001KVPBS4,A1WX42M589VAMQ,5
B001KVPBS4,A1G60ANYI0HMEU,4
B001KVPBS4,A1SCANWWQTEG9I,3
B001KVPBS4,A1N5FSCYN4796F,3
B001KVPBS4,A1G60ANYI0HMEU,5
B001KVPBS4,A1N5FSCYN4796F,5
B001KVPBS4,A361PLXEWB9UC1,5
B001KVPBS4,A1TMAVN4CEM8U8,5
B001KVPBS4,A7EK88GF8N40F,5
B001KVPBS4,A1TMAVN4CEM8U8,5
B001KVPBS4,A3OXHLG6DIBRW8,5
B001KVPBS4,A1SCANWWQTEG9I,3
B001KVPBS4,A1X1CEGHTHMBL1,4
B0029K0HBG,A24ZV048V7J0MT,4
B0029K0HBG,A35LT14WG5BX0T,5
B0029K0HBG,A36WGHR8TO5DKT,4
B0029K0HBG,AZV26LP92E6WU,5
B0029K0HBG,AYB4ELCS5AM8P,5
B0029K0HBG,ABDCYK04CL6O4,5
B000CQY378,A393F381MA82AY,5
B000CQY378,A2Y8IDC1FKGNJC,5
B000CQY378,ACAIEIV03NBHY,5
B000CQY378,AK7CAW3N1XZV6,5
B000CQY378,A1ZPY91VE3IDN1,5
B000CQY378,AY1EF0GOH80EK,5
B000CQY378,A1RRMZKOMZ2M7J,2
B000CQY378,A37CENQP0ZNKVE,5
B000E4ALHY,A18L1CVUIQRE9L,5
B000E4ALHY,A18L1CVUIQRE9L,5
B000E4ALHY,A36WGHR8TO5DKT,2
B000E4ALHY,A281NPSIMI1C2R,5
B000E4ALHY,A2PNOU7NXB1JE4,5
B000E4ALHY,A2PNOU7NXB1JE4,4
B000E4ALHY,A281NPSIMI1C2R,5
B000E4ALHY,AKMEY1BSHSDG7,5
B000E4ALHY,ANCOMAI0I7LVG,4
B000E4ALHY,A2OWR2PL3DLWS4,5
B000E4ALHY,A35LT14WG5BX0T,3
B000CQIDHY,A3UUTDX2WNVUS3,5
B000CQIDHY,A13GZCHAMKWYBT,5
B000CQIDHY,A3FY3H6F4249E0,5
B000CQIDHY,ADS5APY1NKTL4,5
B000CQIDHY,A2OWR2PL3DLWS4,1
B000CQIDHY,A1AEQZM99LO9VA,4
B000CQIDHY,A3FY3H6F4249E0,5
B000CQIDHY,A1AEQZM99LO9VA,1
B000CQIDHY,A1SCANWWQTEG9I,2
B000CQIDHE,A1Z54EM24Y40LL,5
B000CQIDHE,A1SO1PGDNVMLXC,5
B000CQIDHE,A2IYLMDQGBB4VG,3
B000CQIDHE,A3FY3H6F4249E0,5
B000CQIDHE,A2OWR5G2OAQF7C,4
B000CQIDHE,A1SO1PGDNVMLXC,3
B000CQIDHE,A1YUL9PCJR3JTY,3
B000CQIDHE,A1YUL9PCJR3JTY,4
B000CQIDHE,A1SO1PGDNVMLXC,5
B000CQIDHE,A3FY3H6F4249E0,5
B000CQIDHE,A1YJMG0QJXZLD4,4
B000CQIDHE,A1YUL9PCJR3JTY,5
B000CQIDHE,A3FY3H6F4249E0,5
B000CQIDHE,A3FY3H6F4249E0,5
B000CQIDHE,A281NPSIMI1C2R,5
B000CQIDHE,A1YUL9PCJR3JTY,4
B000CQIDHE,ADS5APY1NKTL4,5
B000CQIDHE,AI0NMYA3LKXW1,5
B000CQIDHE,A1UQBFCERIP7VJ,4
B0090X8IPM,AQQLWCMRNDFGI,4
B0090X8IPM,A2X3L31KCXBHCL,4
B0090X8IPM,A1B6O7SAIYG2N0,3
B0090X8IPM,A35JP8KSV9281K,3
B0090X8IPM,A3HPCRD9RX351S,3
B0090X8IPM,A1AEPMPA12GUJ7,3
B0090X8IPM,ACAXV4V8PBCE3,3
B0090X8IPM,A1UQBFCERIP7VJ,3
B0090X8IPM,A16WPA6JV83YXT,1
B0090X8IPM,A250AXLRBVYKB4,4
B0090X8IPM,A1JMR1N9NBYJ1X,4
B0090X8IPM,A3FKGKUCI3DG9U,3
B0090X8IPM,A1RRMZKOMZ2M7J,4
B0090X8IPM,A3PJZ8TU8FDQ1K,5
B0090X8IPM,A3D9NUCR4RXDPY,3
B0090X8IPM,A2TO2BN3P4C00L,3
B0090X8IPM,A3F3B1JPACN215,4
B0090X8IPM,AK7CAW3N1XZV6,4
B0090X8IPM,A1H7Y5XKPGT0OS,4
B0090X8IPM,AJQDIT55SZ3ZX,4
B0090X8IPM,A25C2M3QF9G7OQ,5
B0090X8IPM,ALSAOZ1V546VT,5
B0090X8IPM,AY1EF0GOH80EK,4
B0090X8IPM,AKJHHD5VEH7VG,4
B0090X8IPM,A13MKSASQ6YWL7,4
B0090X8IPM,A100WO06OQR8BQ,3
B0090X8IPM,A1A1BM6N28X9J0,5
B002AR14WO,A1Q7A78VSQ5GQ4,5
B002AR14WO,AK8LOFYRZJJW0,5
B002AR14WO,A3EFSLEMHNPP6A,3
B002AR14WO,A2TO2BN3P4C00L,2
B002AR14WO,A2FRFAQCWZJT3Q,4
B002AR14WO,A25C2M3QF9G7OQ,4
B002AR14WO,A1RRMZKOMZ2M7J,5
B002AR14WO,A2MSQNPTNAAGL1,1
B001F0RJHQ,A24ZV048V7J0MT,4
B001F0RJHQ,A35LT14WG5BX0T,5
B001F0RJHQ,A36WGHR8TO5DKT,4
B001F0RJHQ,AZV26LP92E6WU,5
B001F0RJHQ,AYB4ELCS5AM8P,5
B001F0RJHQ,ABDCYK04CL6O4,5
B001F0RJHG,A24ZV048V7J0MT,4
B001F0RJHG,A35LT14WG5BX0T,5
B001F0RJHG,A36WGHR8TO5DKT,4
B001F0RJHG,AZV26LP92E6WU,5
B001F0RJHG,AYB4ELCS5AM8P,5
B001F0RJHG,ABDCYK04CL6O4,5
B004HOQE64,A1X1CEGHTHMBL1,5
B004HOQE64,A3QNQQKJTL76H0,4
B004HOQE64,A1X1CEGHTHMBL1,5
B004HOQE64,A1X1CEGHTHMBL1,5
B004HOQE64,A1X1CEGHTHMBL1,5
B004HOQE64,A3QNQQKJTL76H0,4
B004HOQE64,A1TMAVN4CEM8U8,5
B004HOQE64,A1TMAVN4CEM8U8,5
B004HOQE64,A1TMAVN4CEM8U8,5
B004HOQE64,A1G60ANYI0HMEU,5
B004HOQE64,A1G60ANYI0HMEU,4
B004HOQE64,A1WX42M589VAMQ,5
B004HOQE64,A1G60ANYI0HMEU,4
B004HOQE64,A1SCANWWQTEG9I,3
B004HOQE64,A1N5FSCYN4796F,3
B004HOQE64,A1G60ANYI0HMEU,5
B004HOQE64,A1N5FSCYN4796F,5
B004HOQE64,A361PLXEWB9UC1,5
B004HOQE64,A1TMAVN4CEM8U8,5
B004HOQE64,A7EK88GF8N40F,5
B004HOQE64,A1TMAVN4CEM8U8,5
B004HOQE64,A3OXHLG6DIBRW8,5
B004HOQE64,A1SCANWWQTEG9I,3
B004HOQE64,A1X1CEGHTHMBL1,4
B005VOOM4A,AIEEK7AHXKZCC,5
B005VOOM4A,A2OL5WLCNZVD9K,5
B005VOOM4A,ADS5APY1NKTL4,5
B005VOOM4A,A3R9H6OKZHHRJD,3
B005VOOM4A,AEL6CQNQXONBX,5
B005VOOM4A,A16WPA6JV83YXT,3
B005VOOM4A,A26LD9FQHTM8ZH,4
B005VOOM4A,A1P2XYD265YE21,5
B005VOOM4A,AT9U5ZE5OO84C,5
B005VOOM4A,A1JMR1N9NBYJ1X,5
B005VOOM4A,A100WO06OQR8BQ,2
B005VOOM4A,A1ONZ8JRPLBNUI,5
B005VOOM4A,A1IH42TUIZ2XJL,4
B005VOOM4A,A2R1HUYHXV7H18,4
B005VOOM4A,A1AEPMPA12GUJ7,4
B005VOOM4A,AMRMK86X3PKXD,5
B005VOOM4A,A2Y8IDC1FKGNJC,5
B005VOOM4A,A2FRFAQCWZJT3Q,5
B005VOOM4A,ACAXV4V8PBCE3,4
B005VOOM4A,A2XNOB1T796Y6B,4
B005VOOM4A,A1A1BM6N28X9J0,4
B005VOOM4A,A13WOT3RSXKRD5,4
B005VOOM4A,A29M09QBG9TZLP,4
B005VOOM4A,A1LHAXBM5GBJS2,3
B005VOOM4A,A1H7Y5XKPGT0OS,4
B005VOOM4A,ANCOMAI0I7LVG,3
B005VOOM4A,A35JP8KSV9281K,5
B005VOOM4A,A175N19FS2B4J,4
B005VOOM4A,A1B6O7SAIYG2N0,4
B005VOOM4A,ARYSDAZNRXN6G,5
B005VOOM4A,A3M8R4JD1SIS76,5
B005VOOM4A,A1HRYC60VTMYC0,5
B005VOOM4A,A3FKGKUCI3DG9U,4
B0029NIOYU,A2T5VEAFT6PUH3,4
B0029NIOYU,A2T5VEAFT6PUH3,4
B0029NIOYU,A2T5VEAFT6PUH3,4
B0029NIOYU,A2T5VEAFT6PUH3,5
B0029NIOYU,A2T5VEAFT6PUH3,5
B000GINU0S,A3FY3H6F4249E0,5
B000GINU0S,A3FY3H6F4249E0,5
B000GINU0S,A3FY3H6F4249E0,5
B000GINU0S,A3FY3H6F4249E0,5
B000GINU0S,A13HRSMJ5TOWEZ,3
B000GINU0S,A13HRSMJ5TOWEZ,3
B000GINU0S,A13HRSMJ5TOWEZ,5
B000GINU0S,A1SO1PGDNVMLXC,3
B000GINU0S,A3FY3H6F4249E0,3
B000GINU0S,A3FY3H6F4249E0,5
B005SPQENY,A1X2LENOF84LCQ,1
B005SPQENY,A2OWR5G2OAQF7C,2
B005SPQENY,A3R9H6OKZHHRJD,2
B005SPQENY,AT9U5ZE5OO84C,3
B005SPQENY,A1YJMG0QJXZLD4,3
B005SPQENY,A35X2JJI49OBZP,4
B005SPQENY,A1DH3QDZX8Z7GO,4
B005SPQENY,ANCOMAI0I7LVG,4
B005SPQENY,A1KEK09ZA6J9P8,5
B005SPQENY,A175N19FS2B4J,3
B005SPQENY,A2MSQNPTNAAGL1,1
B005SPQENY,A281NPSIMI1C2R,3
B005SPQENY,A2O421DTA8J0RW,1
B005SPQENY,A1ONZ8JRPLBNUI,4
B005SPQENY,A3FY3H6F4249E0,5
B005SPQENY,ACAXV4V8PBCE3,4
B005SPQENY,A35JP8KSV9281K,5
B005SPQENY,A58N07M0ZCYMB,3
B005SPQENY,A1LHAXBM5GBJS2,4
B000EPOC1Y,AQ6AGWKWMTY8H,4
B000EPOC1Y,AKMEY1BSHSDG7,4
B000EPOC1Y,A37CENQP0ZNKVE,5
B000EPOC1Y,AKMEY1BSHSDG7,5
B000EPOC1Y,AKMEY1BSHSDG7,5
B000EPOC1Y,A36WGHR8TO5DKT,5
B000EPOC1Y,A1WX42M589VAMQ,2
B000EPOC1Y,A18L1CVUIQRE9L,1
B000E46GGO,A18L1CVUIQRE9L,5
B000E46GGO,A18L1CVUIQRE9L,5
B000E46GGO,A36WGHR8TO5DKT,2
B000E46GGO,A281NPSIMI1C2R,5
B000E46GGO,A2PNOU7NXB1JE4,5
B000E46GGO,A2PNOU7NXB1JE4,4
B000E46GGO,A281NPSIMI1C2R,5
B000E46GGO,AKMEY1BSHSDG7,5
B000E46GGO,ANCOMAI0I7LVG,4
B000E46GGO,A2OWR2PL3DLWS4,5
B000E46GGO,A35LT14WG5BX0T,3
B000CQE3HS,A3OXHLG6DIBRW8,4
B000CQE3HS,A2O421DTA8J0RW,5
B000CQE3HS,A1TMAVN4CEM8U8,5
B000CQE3HS,A1B05INWIDZ74O,5
B000CQE3HS,A2C9XE9I8RSKNX,5
B000CQE3HS,AQLL2R1PPR46X,5
B000CQE3HS,AEC90GPFKLAAW,4
B000CQE3HS,A3QA0BBQW08DLZ,4
B0041CIR62,A3094EPI56GKZ6,5
B0041CIR62,A7EK88GF8N40F,3
B0041CIR62,ANCOMAI0I7LVG,4
B0041CIR62,A175N19FS2B4J,4
B0041CIR62,A2MSQNPTNAAGL1,5
B0041CIR62,A3D9NUCR4RXDPY,3
B0041CIR62,A3T0OTH5072YRE,4
B0041CIR62,ADS5APY1NKTL4,5
B0041CIR62,AWKZAUC0D8DYL,5
B0041CIR62,A1GYEGLX3P2Y7P,4
B0041CIR62,A1A1BM6N28X9J0,1
B0041CIR62,A35LT14WG5BX0T,3
B0041CIR62,AT9U5ZE5OO84C,4
B0041CIR62,A12ENBT314RFXR,5
B0041CIR62,AEC90GPFKLAAW,2
B0041CIR62,AK8LOFYRZJJW0,4
B0041CIR62,A13WOT3RSXKRD5,2
B0041CIR62,A1P2XYD265YE21,5
B0041CIR62,A16AXQ11SZA8SQ,4
B0041CIR62,AQQLWCMRNDFGI,3
B004T80BYE,A2FRFAQCWZJT3Q,5
B004T80BYE,A1YJMG0QJXZLD4,5
B004T80BYE,A2MSQNPTNAAGL1,4
B004T80BYE,A2158Y2U61AU9G,2
B004T80BYE,A1YUL9PCJR3JTY,4
B004T80BYE,A2UCZAWAN5QMJQ,5
B004T80BYE,A1RLP0R1N8H8C4,3
B004T80BYE,A2Y8IDC1FKGNJC,5
B004T80BYE,A7EK88GF8N40F,3
B004T80BYE,AEC90GPFKLAAW,4
B004T80BYE,ADS5APY1NKTL4,5
B004T80BYE,ARYSDAZNRXN6G,5
B004T80BYE,A1Z54EM24Y40LL,3
B004T80BYE,A16AXQ11SZA8SQ,3
B004T80BYE,A1AEPMPA12GUJ7,4
B004T80BYE,A2MUGFV2TDQ47K,4
B001BCXTGS,A1RRMZKOMZ2M7J,4
B001BCXTGS,A1AEPMPA12GUJ7,3
B001BCXTGS,A1Q7A78VSQ5GQ4,5
B001BCXTGS,AF3BYMPWKWO8F,1
B001BCXTGS,A3FKGKUCI3DG9U,3
B001BCXTGS,A3FKGKUCI3DG9U,3
B001BCXTGS,A3FKGKUCI3DG9U,3
B001BCXTGS,A3FKGKUCI3DG9U,3
B001BCXTGS,A2PNOU7NXB1JE4,3
B001BCXTGS,A2FRFAQCWZJT3Q,4
B001BCXTGS,A2W9I628I6SE1U,4
B001BCXTGS,A1RLP0R1N8H8C4,5
B001BCXTGS,A25C2M3QF9G7OQ,3
B001BCXTGS,A1JMR1N9NBYJ1X,4
B001BCXTGS,A2PNOU7NXB1JE4,4
B001BCXTGS,A1Z4LX3Q1YMF84,5
B001BCXTGS,A1RLP0R1N8H8C4,5
B001BCXTGS,A250AXLRBVYKB4,5
B001BCXTGS,APP8XWYYV4PAA,5
B001BCXTGS,AF3BYMPWKWO8F,3
B001BCXTGS,AF3BYMPWKWO8F,1
B001BCXTGS,A1KEK09ZA6J9P8,5
B001BCXTGS,AF3BYMPWKWO8F,1
B001BCXTGS,A2PNOU7NXB1JE4,2
B001BCXTGS,AF3BYMPWKWO8F,1
B001BCXTGS,A16AXQ11SZA8SQ,5
B001BCXTGS,AK8LOFYRZJJW0,4
B001BCXTGS,A13MKSASQ6YWL7,5
B001BCXTGS,AQLL2R1PPR46X,5
B001BCXTGS,AQLL2R1PPR46X,5
B001BCXTGS,A2G7B7FKP2O2PU,5
B001BCXTGS,AF3BYMPWKWO8F,1
B001BCXTGS,A3MZNRSDQ32UUH,5
B001BCXTGS,A2G7B7FKP2O2PU,5
B001BCXTGS,A1JMR1N9NBYJ1X,4
B001BCXTGS,APP8XWYYV4PAA,5
B001BCXTGS,A2R1HUYHXV7H18,4
B001BCXTGS,AF3BYMPWKWO8F,1
B001BCXTGS,AF3BYMPWKWO8F,1
B001BCXTGS,AF3BYMPWKWO8F,1
B001BCXTGS,A2YSFKX18XTHED,5
B001BCXTGS,A3FKGKUCI3DG9U,3
B001BCXTGS,A3FKGKUCI3DG9U,3
B001BCXTGS,A2FRFAQCWZJT3Q,5
B001BCXTGS,A1HRYC60VTMYC0,5
B001BCXTGS,A250AXLRBVYKB4,4
B0061IUKDM,A22PUBSSNP54L,5
B0061IUKDM,AQ6AGWKWMTY8H,4
B0061IUKDM,A13WOT3RSXKRD5,4
B0061IUKDM,A1AEPMPA12GUJ7,4
B0061IUKDM,A3FY3H6F4249E0,5
B0061IUKDM,ARYSDAZNRXN6G,3
B0061IUKDM,A3R9H6OKZHHRJD,3
B0061IUKDM,A2OL5WLCNZVD9K,5
B0061IUKDM,A16WPA6JV83YXT,5
B0061IUKDM,A3OXHLG6DIBRW8,5
B0061IUKDM,A1YJMG0QJXZLD4,4
B0061IUKDM,ACAXV4V8PBCE3,5
B0061IUKDM,A3FKGKUCI3DG9U,4
B0061IUKDM,A1KEK09ZA6J9P8,5
B0061IUKDM,A2B8GXSCB1R05T,4
B0061IUKDM,A3OXRFCJI67IMN,5
B000FA3912,A3M8R4JD1SIS76,5
B000FA3912,A2R6RA8FRBS608,5
B000FA3912,A2YB7DLC3FOR7W,5
B000FA3912,A3DOPYDOS49I3T,4
B000FA3912,A26HFSVLAGULIM,4
B000FA3912,A3M174IC0VXOS2,5
B0029NIFXK,A3GGXJD0BMJ2W3,4
B0029NIFXK,A3GGXJD0BMJ2W3,4
B0029NIFXK,A20OQMLRFNZADL,4
B0029NIFXK,A1Z4LX3Q1YMF84,4
B0029NIFXK,A1QBOC76MIOJYP,5
B0029NIFXK,A3GGXJD0BMJ2W3,4
B003GTR8IO,AQQLWCMRNDFGI,4
B003GTR8IO,A2X3L31KCXBHCL,4
B003GTR8IO,A1B6O7SAIYG2N0,3
B003GTR8IO,A35JP8KSV9281K,3
B003GTR8IO,A3HPCRD9RX351S,3
B003GTR8IO,A1AEPMPA12GUJ7,3
B003GTR8IO,ACAXV4V8PBCE3,3
B003GTR8IO,A1UQBFCERIP7VJ,3
B003GTR8IO,A16WPA6JV83YXT,1
B003GTR8IO,A250AXLRBVYKB4,4
B003GTR8IO,A1JMR1N9NBYJ1X,4
B003GTR8IO,A3FKGKUCI3DG9U,3
B003GTR8IO,A1RRMZKOMZ2M7J,4
B003GTR8IO,A3PJZ8TU8FDQ1K,5
B003GTR8IO,A3D9NUCR4RXDPY,3
B003GTR8IO,A2TO2BN3P4C00L,3
B003GTR8IO,A3F3B1JPACN215,4
B003GTR8IO,AK7CAW3N1XZV6,4
B003GTR8IO,A1H7Y5XKPGT0OS,4
B003GTR8IO,AJQDIT55SZ3ZX,4
B003GTR8IO,A25C2M3QF9G7OQ,5
B003GTR8IO,ALSAOZ1V546VT,5
B003GTR8IO,AY1EF0GOH80EK,4
B003GTR8IO,AKJHHD5VEH7VG,4
B003GTR8IO,A13MKSASQ6YWL7,4
B003GTR8IO,A100WO06OQR8BQ,3
B003GTR8IO,A1A1BM6N28X9J0,5
B0007A0AQM,A3AZI828WJN1CD,5
B0007A0AQM,A19123D9G66E0O,5
B0007A0AQM,A33AQPJYH7UUXR,4
B0007A0AQM,AMPGRXQMO89X9,5
B0007A0AQM,A1V1EP514B5H7Y,3
B0007A0AQM,A383XURHVF8ON6,5
B0007A0AQM,A3DOPYDOS49I3T,5
B0007A0AQM,A3DOPYDOS49I3T,5
B0007A0AQM,A9NXTC0HTPSDO,5
B0007A0AQM,A9NXTC0HTPSDO,5
B0007A0AQM,A26LD9FQHTM8ZH,5
B0007A0AQM,A383XURHVF8ON6,5
B0007A0AQM,A383XURHVF8ON6,5
B0007A0AQM,A3HPCRD9RX351S,5
B0007A0AQM,A3DOPYDOS49I3T,5
B0007A0AQM,A17HMM1M7T9PJ1,5
B002AYAMIE,A3GGXJD0BMJ2W3,5
B002AYAMIE,A3GGXJD0BMJ2W3,5
B002AYAMIE,A33AQPJYH7UUXR,4
B002AYAMIE,A9NXTC0HTPSDO,5
B002AYAMIE,A3GGXJD0BMJ2W3,5
B002OFUBJO,A2Y4S4CNGKF21S,3
B002OFUBJO,A1YP5WLIHGG136,4
B002OFUBJO,A2II09GQGWOMTQ,5
B002OFUBJO,A370Z6I5GBWU44,4
B002OFUBJO,A250AXLRBVYKB4,5
B003MA8P02,A3TVZM3ZIXG8YW,1
B003MA8P02,A3TVZM3ZIXG8YW,1
B003MA8P02,A36JDIN9RAAIEC,5
B003MA8P02,A3TVZM3ZIXG8YW,1
B003MA8P02,A3TVZM3ZIXG8YW,1
B003MA8P02,A3TVZM3ZIXG8YW,1
B003MA8P02,A3TVZM3ZIXG8YW,1
B003MA8P02,A36JDIN9RAAIEC,5
B003MA8P02,A36JDIN9RAAIEC,5
B003MA8P02,A3TVZM3ZIXG8YW,1
B003MA8P02,A20OQMLRFNZADL,4
B003MA8P02,A1HRYC60VTMYC0,5
B003MA8P02,A2VUD4SPJO4V33,1
B003MA8P02,A3TVZM3ZIXG8YW,1
B003MA8P02,A3TVZM3ZIXG8YW,1
B003MA8P02,A3TVZM3ZIXG8YW,1
B000FBM3WC,ALSAOZ1V546VT,5
B000FBM3WC,AXO4PQU0XG3TG,5
B000FBM3WC,A13K3ZLWAWN1EI,5
B000FBM3WC,A2OWR2PL3DLWS4,5
B000FBM3WC,A2OWR2PL3DLWS4,5
B000FBM3WC,A2OWR2PL3DLWS4,5
B000FBM3WC,A13K3ZLWAWN1EI,5
B000FBM3WC,ALSAOZ1V546VT,5
B000FBM3WC,A2IYLMDQGBB4VG,2
B003D4F1QS,A3UUTDX2WNVUS3,5
B003D4F1QS,A13HRSMJ5TOWEZ,5
B003D4F1QS,A1Z54EM24Y40LL,5
B003D4F1QS,A1YJMG0QJXZLD4,4
B003D4F1QS,A13HRSMJ5TOWEZ,5
B003D4F1QS,A3UUTDX2WNVUS3,5
B003D4F1QS,A1AEQZM99LO9VA,5
B003D4F1QS,AIEEK7AHXKZCC,5
B003D4F1QS,A2DPYMNI2HCIOI,2
B003D4F1QS,A3MUSWDCTZINQZ,3
B003D4F1QS,A1UQBFCERIP7VJ,4
B003D4F1QS,A3UUTDX2WNVUS3,5
B003D4F1QS,A13HRSMJ5TOWEZ,5
B003D4F1QS,A13HRSMJ5TOWEZ,5
B003D4F1QS,A1YUL9PCJR3JTY,4
B003D4F1QS,A16KK3YHCWE29C,5
B003D4F1QS,A3FY3H6F4249E0,4
B003D4F1QS,A3MUSWDCTZINQZ,3
B003D4F1QS,A13HRSMJ5TOWEZ,2
B003D4F1QS,A13HRSMJ5TOWEZ,5
B003D4F1QS,AIEEK7AHXKZCC,5
B000WFKWDI,A29JUMRL1US6YP,5
B000WFKWDI,A58N07M0ZCYMB,5
B000WFKWDI,A2FRFAQCWZJT3Q,3
B000WFKWDI,A29JUMRL1US6YP,5
B000WFKWDI,A29JUMRL1US6YP,5
B000WFKWDI,A29JUMRL1US6YP,5
B000WFKWDI,A29JUMRL1US6YP,5
B000WFKWDI,A29JUMRL1US6YP,5
B000WFKWDI,A29JUMRL1US6YP,5
B000WFKWDI,A29JUMRL1US6YP,5
B000WFKWDI,A29JUMRL1US6YP,5
B000WFKWDI,A29JUMRL1US6YP,5
B000WFKWDI,A29JUMRL1US6YP,5
B001D0IZBM,A3OXRFCJI67IMN,5
B001D0IZBM,A35JP8KSV9281K,5
B001D0IZBM,A19123D9G66E0O,4
B001D0IZBM,AYOMAHLWRQHUG,5
B001D0IZBM,A2KUUWP4ZZMOBP,2
B001D0IZBM,A3OXHLG6DIBRW8,5
B003JA5KLM,A2TJG4N8LNJW23,4
B003JA5KLM,A3PJZ8TU8FDQ1K,5
B003JA5KLM,A3OXHLG6DIBRW8,5
B003JA5KLM,A17HMM1M7T9PJ1,5
B003JA5KLM,A3OXHLG6DIBRW8,5
B003JA5KLM,A3PJZ8TU8FDQ1K,5
B003JA5KLM,AQQLWCMRNDFGI,3
B001OCBT3U,A1KEK09ZA6J9P8,5
B001OCBT3U,A17V9XL4CWTQ6G,5
B001OCBT3U,A1IH42TUIZ2XJL,4
B001OCBT3U,A2B8GXSCB1R05T,5
B001OCBT3U,A1PI8VBCXXSGC7,4
B001OCBT3U,A3FKGKUCI3DG9U,5
B001OCBT3U,A3M174IC0VXOS2,5
B001OCBT3U,AY1EF0GOH80EK,3
B001OCBT3U,A13MKSASQ6YWL7,4
B001OCBT3U,AKJHHD5VEH7VG,5
B001OCBT3U,A3D9NUCR4RXDPY,4
B001OCBT3U,AMRMK86X3PKXD,4
B000H7F78Q,A2LJJ4482V9LAW,3
B000H7F78Q,A1RLP0R1N8H8C4,5
B000H7F78Q,A3RR2P5IS3DGPR,5
B000H7F78Q,A3LWC833HQIG7J,4
B000H7F78Q,A1T1YSCDW0PD25,4
B003M60K54,A3TVZM3ZIXG8YW,1
B003M60K54,A3TVZM3ZIXG8YW,1
B003M60K54,A36JDIN9RAAIEC,5
B003M60K54,A3TVZM3ZIXG8YW,1
B003M60K54,A3TVZM3ZIXG8YW,1
B003M60K54,A3TVZM3ZIXG8YW,1
B003M60K54,A3TVZM3ZIXG8YW,1
B003M60K54,A36JDIN9RAAIEC,5
B003M60K54,A36JDIN9RAAIEC,5
B003M60K54,A3TVZM3ZIXG8YW,1
B003M60K54,A20OQMLRFNZADL,4
B003M60K54,A1HRYC60VTMYC0,5
B003M60K54,A2VUD4SPJO4V33,1
B003M60K54,A3TVZM3ZIXG8YW,1
B003M60K54,A3TVZM3ZIXG8YW,1
B003M60K54,A3TVZM3ZIXG8YW,1
B001Q9EFW8,A2O421DTA8J0RW,4
B001Q9EFW8,A3DOPYDOS49I3T,5
B001Q9EFW8,A2Y8IDC1FKGNJC,4
B001Q9EFW8,ACYR6O588USK,5
B001Q9EFW8,A16AXQ11SZA8SQ,5
B001Q9EFW8,A35JP8KSV9281K,5
B001Q9EFW8,A100WO06OQR8BQ,5
B004OVATO8,ACYR6O588USK,5
B004OVATO8,A35LT14WG5BX0T,4
B004OVATO8,A2TO2BN3P4C00L,4
B004OVATO8,A1V1EP514B5H7Y,5
B004OVATO8,AEC90GPFKLAAW,5
B004OVATO8,A1KEK09ZA6J9P8,5
B001HTP04E,A393F381MA82AY,5
B001HTP04E,A2Y8IDC1FKGNJC,5
B001HTP04E,ACAIEIV03NBHY,5
B001HTP04E,AK7CAW3N1XZV6,5
B001HTP04E,A1ZPY91VE3IDN1,5
B001HTP04E,AY1EF0GOH80EK,5
B001HTP04E,A1RRMZKOMZ2M7J,2
B001HTP04E,A37CENQP0ZNKVE,5
B005VOOM2W,AIEEK7AHXKZCC,5
B005VOOM2W,A2OL5WLCNZVD9K,5
B005VOOM2W,ADS5APY1NKTL4,5
B005VOOM2W,A3R9H6OKZHHRJD,3
B005VOOM2W,AEL6CQNQXONBX,5
B005VOOM2W,A16WPA6JV83YXT,3
B005VOOM2W,A26LD9FQHTM8ZH,4
B005VOOM2W,A1P2XYD265YE21,5
B005VOOM2W,AT9U5ZE5OO84C,5
B005VOOM2W,A1JMR1N9NBYJ1X,5
B005VOOM2W,A100WO06OQR8BQ,2
B005VOOM2W,A1ONZ8JRPLBNUI,5
B005VOOM2W,A1IH42TUIZ2XJL,4
B005VOOM2W,A2R1HUYHXV7H18,4
B005VOOM2W,A1AEPMPA12GUJ7,4
B005VOOM2W,AMRMK86X3PKXD,5
B005VOOM2W,A2Y8IDC1FKGNJC,5
B005VOOM2W,A2FRFAQCWZJT3Q,5
B005VOOM2W,ACAXV4V8PBCE3,4
B005VOOM2W,A2XNOB1T796Y6B,4
B005VOOM2W,A1A1BM6N28X9J0,4
B005VOOM2W,A13WOT3RSXKRD5,4
B005VOOM2W,A29M09QBG9TZLP,4
B005VOOM2W,A1LHAXBM5GBJS2,3
B005VOOM2W,A1H7Y5XKPGT0OS,4
B005VOOM2W,ANCOMAI0I7LVG,3
B005VOOM2W,A35JP8KSV9281K,5
B005VOOM2W,A175N19FS2B4J,4
B005VOOM2W,A1B6O7SAIYG2N0,4
B005VOOM2W,ARYSDAZNRXN6G,5
B005VOOM2W,A3M8R4JD1SIS76,5
B005VOOM2W,A1HRYC60VTMYC0,5
B005VOOM2W,A3FKGKUCI3DG9U,4
B0029NIIKK,A3GGXJD0BMJ2W3,4
B0029NIIKK,A3GGXJD0BMJ2W3,4
B0029NIIKK,A20OQMLRFNZADL,4
B0029NIIKK,A1Z4LX3Q1YMF84,4
B0029NIIKK,A1QBOC76MIOJYP,5
B0029NIIKK,A3GGXJD0BMJ2W3,4
B002TMV3GC,A13MKSASQ6YWL7,5
B002TMV3GC,A2MSQNPTNAAGL1,1
B002TMV3GC,A2D1LPEUCTNT8X,5
B002TMV3GC,A3MUSWDCTZINQZ,3
B002TMV3GC,A16WPA6JV83YXT,4
B002TMV3GC,A1Z54EM24Y40LL,5
B002TMV3GC,ACAXV4V8PBCE3,5
B002TMV3GC,A3D9NUCR4RXDPY,5
B002TMV3GC,A2TO2BN3P4C00L,3
B002TMV3GC,A1ODOGXEYECQQ8,3
B002TMV3GC,A100WO06OQR8BQ,3
B000TK6LBS,A3OXHLG6DIBRW8,5
B000TK6LBS,AK7CAW3N1XZV6,2
B000TK6LBS,A2TJG4N8LNJW23,3
B000TK6LBS,AQQLWCMRNDFGI,4
B000TK6LBS,A2SZLNSI5KOQJT,3
B000TK6LBS,A2TJG4N8LNJW23,4
B001TH4C2A,A1TMAVN4CEM8U8,5
B001TH4C2A,A7EK88GF8N40F,5
B001TH4C2A,A1TMAVN4CEM8U8,5
B001TH4C2A,A1TMAVN4CEM8U8,5
B001TH4C2A,A1TMAVN4CEM8U8,5
B001TH4C2A,A1TMAVN4CEM8U8,5
B001TH4C2A,A3094EPI56GKZ6,5
B001TH4C2A,A1P2XYD265YE21,5
B001TH4C2A,A361PLXEWB9UC1,5
B001TH4C2A,A1TMAVN4CEM8U8,5
B001TH4C2A,A2XNJJ9TF70P4J,1
B005VOONLW,AIEEK7AHXKZCC,5
B005VOONLW,A2OL5WLCNZVD9K,5
B005VOONLW,ADS5APY1NKTL4,5
B005VOONLW,A3R9H6OKZHHRJD,3
B005VOONLW,AEL6CQNQXONBX,5
B005VOONLW,A16WPA6JV83YXT,3
B005VOONLW,A26LD9FQHTM8ZH,4
B005VOONLW,A1P2XYD265YE21,5
B005VOONLW,AT9U5ZE5OO84C,5
B005VOONLW,A1JMR1N9NBYJ1X,5
B005VOONLW,A100WO06OQR8BQ,2
B005VOONLW,A1ONZ8JRPLBNUI,5
B005VOONLW,A1IH42TUIZ2XJL,4
B005VOONLW,A2R1HUYHXV7H18,4
B005VOONLW,A1AEPMPA12GUJ7,4
B005VOONLW,AMRMK86X3PKXD,5
B005VOONLW,A2Y8IDC1FKGNJC,5
B005VOONLW,A2FRFAQCWZJT3Q,5
B005VOONLW,ACAXV4V8PBCE3,4
B005VOONLW,A2XNOB1T796Y6B,4
B005VOONLW,A1A1BM6N28X9J0,4
B005VOONLW,A13WOT3RSXKRD5,4
B005VOONLW,A29M09QBG9TZLP,4
B005VOONLW,A1LHAXBM5GBJS2,3
B005VOONLW,A1H7Y5XKPGT0OS,4
B005VOONLW,ANCOMAI0I7LVG,3
B005VOONLW,A35JP8KSV9281K,5
B005VOONLW,A175N19FS2B4J,4
B005VOONLW,A1B6O7SAIYG2N0,4
B005VOONLW,ARYSDAZNRXN6G,5
B005VOONLW,A3M8R4JD1SIS76,5
B005VOONLW,A1HRYC60VTMYC0,5
B005VOONLW,A3FKGKUCI3DG9U,4
B004P7QDLY,A1ODKP5Y7DPMM1,5
B004P7QDLY,A1ODKP5Y7DPMM1,5
B004P7QDLY,ABDCYK04CL6O4,5
B004P7QDLY,ABDCYK04CL6O4,5
B004P7QDLY,ABDCYK04CL6O4,5
B008O3G2K2,ACYR6O588USK,4
B008O3G2K2,A3PJZ8TU8FDQ1K,1
B008O3G2K2,A100WO06OQR8BQ,1
B008O3G2K2,A3AZI828WJN1CD,5
B008O3G2K2,AKZKG2Z7CNV27,2
B008O3G2K2,A36MP37DITBU6F,4
B008O3G2K2,AEC90GPFKLAAW,3
B008O3G2K2,A1LHAXBM5GBJS2,3
B008O3G2K2,AYOMAHLWRQHUG,3
B008O3G2K2,AKZKG2Z7CNV27,2
B008O3G2K2,A3M8R4JD1SIS76,4
B008O3G2K2,A2R1HUYHXV7H18,3
B008O3G2K2,A2Y8IDC1FKGNJC,3
B008O3G2K2,A2KIVODZRTGY4U,3
B008O3G2K2,A9NXTC0HTPSDO,4
B008O3G2K2,A1DH3QDZX8Z7GO,3
B008O3G2K2,AY1EF0GOH80EK,3
B008O3G2K2,A1QBOC76MIOJYP,2
B000CQID1A,A3OXHLG6DIBRW8,4
B000CQID1A,A2O421DTA8J0RW,5
B000CQID1A,A1TMAVN4CEM8U8,5
B000CQID1A,A1B05INWIDZ74O,5
B000CQID1A,A2C9XE9I8RSKNX,5
B000CQID1A,AQLL2R1PPR46X,5
B000CQID1A,AEC90GPFKLAAW,4
B000CQID1A,A3QA0BBQW08DLZ,4
B002ZJTX16,A3M8R4JD1SIS76,5
B002ZJTX16,A2R6RA8FRBS608,5
B002ZJTX16,A2YB7DLC3FOR7W,5
B002ZJTX16,A3DOPYDOS49I3T,4
B002ZJTX16,A26HFSVLAGULIM,4
B002ZJTX16,A3M174IC0VXOS2,5
B000FBKFRW,ALSAOZ1V546VT,5
B000FBKFRW,AXO4PQU0XG3TG,5
B000FBKFRW,A13K3ZLWAWN1EI,5
B000FBKFRW,A2OWR2PL3DLWS4,5
B000FBKFRW,A2OWR2PL3DLWS4,5
B000FBKFRW,A2OWR2PL3DLWS4,5
B000FBKFRW,A13K3ZLWAWN1EI,5
B000FBKFRW,ALSAOZ1V546VT,5
B000FBKFRW,A2IYLMDQGBB4VG,2
B000CQE3NM,A17GK9E70O7Y9R,5
B000CQE3NM,A2OWR2PL3DLWS4,5
B000CQE3NM,A2OWR2PL3DLWS4,5
B000CQE3NM,A281NPSIMI1C2R,5
B000CQE3NM,A281NPSIMI1C2R,5
B000CQE3NM,A281NPSIMI1C2R,5
B000CQE3NM,ADS5APY1NKTL4,5
B000CQE3NM,A3MUSWDCTZINQZ,3
B000CQE3NM,ADLVFFE4VBT8,5
B000CQE3NM,A1AEQZM99LO9VA,2
B000CQE3NM,ADLVFFE4VBT8,5
B000CQE3NM,A1YUL9PCJR3JTY,4
B000CQE3NM,A1YUL9PCJR3JTY,5
B000CQE3NM,AK7CAW3N1XZV6,5
B000CQE3NM,A281NPSIMI1C2R,5
B000CQE3NM,A281NPSIMI1C2R,5
B000CQE3NM,A2DPYMNI2HCIOI,3
B000CQE3NM,AVFA1JB08RG8G,4
B000CQE3NM,A3UUTDX2WNVUS3,5
B000CQE3NM,A1AEQZM99LO9VA,3
B000CQE3NM,A1SO1PGDNVMLXC,5
B007RTR8TS,A1P2XYD265YE21,1
B007RTR8TS,AKMEY1BSHSDG7,1
B007RTR8TS,A3MZNRSDQ32UUH,3
B007RTR8TS,A3094EPI56GKZ6,5
B007RTR8TS,A3M8R4JD1SIS76,5
B007RTR8TS,A3MUSWDCTZINQZ,4
B007RTR8TS,A16WPA6JV83YXT,5
B007RTR8TS,A35JP8KSV9281K,4
B007RTR8TS,A3R9H6OKZHHRJD,4
B007RTR8TS,A353U0L2HAMSHV,3
B007RTR8TS,A26LD9FQHTM8ZH,1
B004DN9LCS,A3OXHLG6DIBRW8,5
B004DN9LCS,AK7CAW3N1XZV6,2
B004DN9LCS,A2TJG4N8LNJW23,3
B004DN9LCS,AQQLWCMRNDFGI,4
B004DN9LCS,A2SZLNSI5KOQJT,3
B004DN9LCS,A2TJG4N8LNJW23,4
B007PE7ANY,AY12DBB0U420B,5
B007PE7ANY,A353U0L2HAMSHV,5
B007PE7ANY,A1ZPY91VE3IDN1,4
B007PE7ANY,A3EFSLEMHNPP6A,4
B007PE7ANY,A2M9D9BDHONV3Y,5
B007PE7ANY,A1N5FSCYN4796F,4
B007PE7ANY,A17V9XL4CWTQ6G,5
B007PE7ANY,A19123D9G66E0O,5
B006BXUZVO,A25C2M3QF9G7OQ,5
B006BXUZVO,AMRMK86X3PKXD,5
B006BXUZVO,A1H7Y5XKPGT0OS,5
B006BXUZVO,A3EFSLEMHNPP6A,3
B006BXUZVO,A1Z54EM24Y40LL,5
B006BXUZVO,AWKZAUC0D8DYL,5
B006BXUZVO,A1LHAXBM5GBJS2,5
B006BXUZVO,A1X2LENOF84LCQ,3
B006BXUZVO,A16AXQ11SZA8SQ,5
B006BXUZVO,A3D9NUCR4RXDPY,4
B006BXUZVO,A2M9D9BDHONV3Y,3
B001AHL6CI,APP8XWYYV4PAA,4
B001AHL6CI,A2FRFAQCWZJT3Q,5
B001AHL6CI,A1X2LENOF84LCQ,4
B001AHL6CI,A1ODOGXEYECQQ8,5
B001AHL6CI,A25C2M3QF9G7OQ,5
B001AHL6CI,A3EFSLEMHNPP6A,5
B001AHL6CI,A2MSQNPTNAAGL1,5
B001AHL6CI,A2FRFAQCWZJT3Q,5
B001AHL6CI,AQLL2R1PPR46X,5
B001AHL6CI,A2B8GXSCB1R05T,3
B001AHL6CI,A2MNB77YGJ3CN0,5
B001AHL6CI,AT9U5ZE5OO84C,5
B001AHL6CI,AT9U5ZE5OO84C,5
B001AHL6CI,A2Y8IDC1FKGNJC,5
B001AHL6CI,A17V9XL4CWTQ6G,5
B001AHL6CI,A1GQAKL9CGQLP1,5
B001AHL6CI,A3VKBFC5K2INR4,5
B001AHL6CI,ACYR6O588USK,5
B001AHL6CI,A1LZJZIHUPLDV4,5
B001AHL6CI,AWKZAUC0D8DYL,5
B001AHL6CI,A2TO2BN3P4C00L,3
B001AHL6CI,A1LZJZIHUPLDV4,5
B001AHL6CI,A2R1HUYHXV7H18,5
B005VOOKS8,AIEEK7AHXKZCC,5
B005VOOKS8,A2OL5WLCNZVD9K,5
B005VOOKS8,ADS5APY1NKTL4,5
B005VOOKS8,A3R9H6OKZHHRJD,3
B005VOOKS8,AEL6CQNQXONBX,5
B005VOOKS8,A16WPA6JV83YXT,3
B005VOOKS8,A26LD9FQHTM8ZH,4
B005VOOKS8,A1P2XYD265YE21,5
B005VOOKS8,AT9U5ZE5OO84C,5
B005VOOKS8,A1JMR1N9NBYJ1X,5
B005VOOKS8,A100WO06OQR8BQ,2
B005VOOKS8,A1ONZ8JRPLBNUI,5
B005VOOKS8,A1IH42TUIZ2XJL,4
B005VOOKS8,A2R1HUYHXV7H18,4
B005VOOKS8,A1AEPMPA12GUJ7,4
B005VOOKS8,AMRMK86X3PKXD,5
B005VOOKS8,A2Y8IDC1FKGNJC,5
B005VOOKS8,A2FRFAQCWZJT3Q,5
B005VOOKS8,ACAXV4V8PBCE3,4
B005VOOKS8,A2XNOB1T796Y6B,4
B005VOOKS8,A1A1BM6N28X9J0,4
B005VOOKS8,A13WOT3RSXKRD5,4
B005VOOKS8,A29M09QBG9TZLP,4
B005VOOKS8,A1LHAXBM5GBJS2,3
B005VOOKS8,A1H7Y5XKPGT0OS,4
B005VOOKS8,ANCOMAI0I7LVG,3
B005VOOKS8,A35JP8KSV9281K,5
B005VOOKS8,A175N19FS2B4J,4
B005VOOKS8,A1B6O7SAIYG2N0,4
B005VOOKS8,ARYSDAZNRXN6G,5
B005VOOKS8,A3M8R4JD1SIS76,5
B005VOOKS8,A1HRYC60VTMYC0,5
B005VOOKS8,A3FKGKUCI3DG9U,4
B001397WV2,A1Z4LX3Q1YMF84,2
B001397WV2,A1K82R24ROO2I7,5
B001397WV2,A2PNOU7NXB1JE4,3
B001397WV2,A11OTLEDSW8ZXD,3
B001397WV2,A2UCZAWAN5QMJQ,2
B001397WV2,A35R32TA60XD57,1
B004JGQ16I,A1DH3QDZX8Z7GO,4
B004JGQ16I,A1KEK09ZA6J9P8,5
B004JGQ16I,A25C2M3QF9G7OQ,2
B004JGQ16I,A2TO2BN3P4C00L,4
B004JGQ16I,AMRMK86X3PKXD,4
B004JGQ16I,A3M174IC0VXOS2,3
B004JGQ16I,A3DOPYDOS49I3T,5
B004JGQ16I,A13MKSASQ6YWL7,5
B000FBM480,ALSAOZ1V546VT,5
B000FBM480,AXO4PQU0XG3TG,5
B000FBM480,A13K3ZLWAWN1EI,5
B000FBM480,A2OWR2PL3DLWS4,5
B000FBM480,A2OWR2PL3DLWS4,5
B000FBM480,A2OWR2PL3DLWS4,5
B000FBM480,A13K3ZLWAWN1EI,5
B000FBM480,ALSAOZ1V546VT,5
B000FBM480,A2IYLMDQGBB4VG,2
7310172001,A29JUMRL1US6YP,5
7310172001,AJD41FBJD9010,5
7310172001,AJD41FBJD9010,5
7310172001,AJD41FBJD9010,5
7310172001,AJD41FBJD9010,5
7310172001,AJD41FBJD9010,5
7310172001,AJD41FBJD9010,5
B000WFORH0,A29JUMRL1US6YP,5
B000WFORH0,A58N07M0ZCYMB,5
B000WFORH0,A2FRFAQCWZJT3Q,3
B000WFORH0,A29JUMRL1US6YP,5
B000WFORH0,A29JUMRL1US6YP,5
B000WFORH0,A29JUMRL1US6YP,5
B000WFORH0,A29JUMRL1US6YP,5
B000WFORH0,A29JUMRL1US6YP,5
B000WFORH0,A29JUMRL1US6YP,5
B000WFORH0,A29JUMRL1US6YP,5
B000WFORH0,A29JUMRL1US6YP,5
B000WFORH0,A29JUMRL1US6YP,5
B000WFORH0,A29JUMRL1US6YP,5
B008BLFCK8,A3LWC833HQIG7J,5
B008BLFCK8,A3OXHLG6DIBRW8,5
B008BLFCK8,A3FY3H6F4249E0,5
B008BLFCK8,A3PD8JD9L4WEII,5
B008BLFCK8,A3M8R4JD1SIS76,5
B008BLFCK8,A2G7B7FKP2O2PU,5
B008BLFCK8,A2OWR5G2OAQF7C,5
B008BLFCK8,A3EFSLEMHNPP6A,5
B008BLFCK8,A3FKGKUCI3DG9U,5
B007RTR8T8,AQ6AGWKWMTY8H,5
B007RTR8T8,A26LD9FQHTM8ZH,1
B007RTR8T8,AEL6CQNQXONBX,5
B007RTR8T8,A1GYEGLX3P2Y7P,5
B007RTR8T8,A2X3L31KCXBHCL,3
B007RTR8T8,A1QBOC76MIOJYP,3
B007RTR8T8,A1F7YU6O5RU432,4
B007RTR8T8,A13WOT3RSXKRD5,4
B007RTR8T8,A1W415JP5WEAJK,5
B007RTR8T8,A3D9NUCR4RXDPY,2
B007RTR8T8,AJQDIT55SZ3ZX,5
B007RTR8T8,ALDAF4VVLFRHP,5
B007RTR8T8,A29M09QBG9TZLP,3
B007RTR8T8,A1DH3QDZX8Z7GO,5
B0037QGKSK,A3M8R4JD1SIS76,5
B0037QGKSK,A3EFSLEMHNPP6A,5
B0037QGKSK,AEL6CQNQXONBX,4
B0037QGKSK,A2MNB77YGJ3CN0,3
B0037QGKSK,A17V9XL4CWTQ6G,5
B0037QGKSK,A1B05INWIDZ74O,3
B0037QGKSK,A11OTLEDSW8ZXD,4
B002EDGYN8,AVFA1JB08RG8G,4
B002EDGYN8,A2MNB77YGJ3CN0,5
B002EDGYN8,A36WGHR8TO5DKT,5
B002EDGYN8,A2C9XE9I8RSKNX,5
B002EDGYN8,A31N6KB160O508,5
B002EDGYN8,A2MUGFV2TDQ47K,1
B000CR008I,A393F381MA82AY,5
B000CR008I,A2Y8IDC1FKGNJC,5
B000CR008I,ACAIEIV03NBHY,5
B000CR008I,AK7CAW3N1XZV6,5
B000CR008I,A1ZPY91VE3IDN1,5
B000CR008I,AY1EF0GOH80EK,5
B000CR008I,A1RRMZKOMZ2M7J,2
B000CR008I,A37CENQP0ZNKVE,5
B007TGO1U8,A1JMR1N9NBYJ1X,3
B007TGO1U8,A35JP8KSV9281K,2
B007TGO1U8,A2TO2BN3P4C00L,4
B007TGO1U8,AKMEY1BSHSDG7,5
B007TGO1U8,AEC90GPFKLAAW,4
B007TGO1U8,A1X2LENOF84LCQ,3
B004FEJ968,A281NPSIMI1C2R,5
B004FEJ968,A2MSQNPTNAAGL1,5
B004FEJ968,A13GZCHAMKWYBT,5
B004FEJ968,A2MNB77YGJ3CN0,5
B004FEJ968,A1A1BM6N28X9J0,5
B004FEJ968,A1SCANWWQTEG9I,3
B004FEJ968,A3FKGKUCI3DG9U,4
B004FEJ968,A2XNOB1T796Y6B,3
B0030VJ8E0,A20P8VC55KPPCT,5
B0030VJ8E0,A20P8VC55KPPCT,5
B0030VJ8E0,A4DTM6B4IBYQX,5
B0030VJ8E0,A4DTM6B4IBYQX,5
B0030VJ8E0,A4DTM6B4IBYQX,4
B0030VJ8E0,A20P8VC55KPPCT,5
B0030VJ8E0,A20P8VC55KPPCT,5
B004U49QU2,A3EFSLEMHNPP6A,3
B004U49QU2,A11OTLEDSW8ZXD,5
B004U49QU2,A2KIVODZRTGY4U,2
B004U49QU2,A2O421DTA8J0RW,5
B004U49QU2,A1B05INWIDZ74O,2
B004U49QU2,A3MZNRSDQ32UUH,1
B004U49QU2,A1W415JP5WEAJK,3
B004U49QU2,A22PUBSSNP54L,2
B004U49QU2,ALDAF4VVLFRHP,5
B004U49QU2,A35W3JQYP0M655,5
B004U49QU2,A1V1EP514B5H7Y,5
B004U49QU2,A2XNOB1T796Y6B,3
B004U49QU2,ADS5APY1NKTL4,5
B004U49QU2,A1N5FSCYN4796F,3
B004U49QU2,AEL6CQNQXONBX,5
B004U49QU2,A1DH3QDZX8Z7GO,4
B004U49QU2,AWKZAUC0D8DYL,5
B004U49QU2,A35LT14WG5BX0T,2
B002AY5BHG,A3GGXJD0BMJ2W3,5
B002AY5BHG,A3GGXJD0BMJ2W3,5
B002AY5BHG,A33AQPJYH7UUXR,4
B002AY5BHG,A9NXTC0HTPSDO,5
B002AY5BHG,A3GGXJD0BMJ2W3,5
B000CQC050,A1Z54EM24Y40LL,5
B000CQC050,A1SO1PGDNVMLXC,5
B000CQC050,A2IYLMDQGBB4VG,3
B000CQC050,A3FY3H6F4249E0,5
B000CQC050,A2OWR5G2OAQF7C,4
B000CQC050,A1SO1PGDNVMLXC,3
B000CQC050,A1YUL9PCJR3JTY,3
B000CQC050,A1YUL9PCJR3JTY,4
B000CQC050,A1SO1PGDNVMLXC,5
B000CQC050,A3FY3H6F4249E0,5
B000CQC050,A1YJMG0QJXZLD4,4
B000CQC050,A1YUL9PCJR3JTY,5
B000CQC050,A3FY3H6F4249E0,5
B000CQC050,A3FY3H6F4249E0,5
B000CQC050,A281NPSIMI1C2R,5
B000CQC050,A1YUL9PCJR3JTY,4
B000CQC050,ADS5APY1NKTL4,5
B000CQC050,AI0NMYA3LKXW1,5
B000CQC050,A1UQBFCERIP7VJ,4
B000AYFATW,AJQDIT55SZ3ZX,5
B000AYFATW,A29313797NGT9L,4
B000AYFATW,A1GYEGLX3P2Y7P,5
B000AYFATW,A19SDJ2TSSL8HI,5
B000AYFATW,A3OXHLG6DIBRW8,4
B000AYFATW,A3OXHLG6DIBRW8,4
B000AYFATW,AJQDIT55SZ3ZX,5
B000AYFATW,AI0NMYA3LKXW1,5
B005DDCKHK,A2Y8IDC1FKGNJC,3
B005DDCKHK,A2YHXAZLCLDT8D,5
B005DDCKHK,AYGJ96W5KQMUJ,3
B005DDCKHK,A2DPYMNI2HCIOI,5
B005DDCKHK,A3OXHLG6DIBRW8,4
B005DDCKHK,ALL9XFM0Q1N4E,4
B007Y59HVM,A2YHXAZLCLDT8D,5
B007Y59HVM,A1FP5ZLSKR07SU,3
B007Y59HVM,A35R32TA60XD57,2
B007Y59HVM,A1IH42TUIZ2XJL,5
B007Y59HVM,A3AZI828WJN1CD,4
B001J9QBU4,A2TJG4N8LNJW23,4
B001J9QBU4,A3PJZ8TU8FDQ1K,5
B001J9QBU4,A3OXHLG6DIBRW8,5
B001J9QBU4,A17HMM1M7T9PJ1,5
B001J9QBU4,A3OXHLG6DIBRW8,5
B001J9QBU4,A3PJZ8TU8FDQ1K,5
B001J9QBU4,AQQLWCMRNDFGI,3
B000EMM9WG,A3LWC833HQIG7J,5
B000EMM9WG,A3OXHLG6DIBRW8,5
B000EMM9WG,A3FY3H6F4249E0,5
B000EMM9WG,A3PD8JD9L4WEII,5
B000EMM9WG,A3M8R4JD1SIS76,5
B000EMM9WG,A2G7B7FKP2O2PU,5
B000EMM9WG,A2OWR5G2OAQF7C,5
B000EMM9WG,A3EFSLEMHNPP6A,5
B000EMM9WG,A3FKGKUCI3DG9U,5
B000E63L7O,A1IU7S4HCK1XK0,5
B000E63L7O,A3EBHHCZO6V2A4,5
B000E63L7O,ADS5APY1NKTL4,5
B000E63L7O,A3NEAETOSXDBOM,5
B000E63L7O,A3QJQQZTKFV7BJ,5
B008RWUKXK,ACAXV4V8PBCE3,4
B008RWUKXK,AEC90GPFKLAAW,4
B008RWUKXK,AEC90GPFKLAAW,4
B008RWUKXK,A1H7Y5XKPGT0OS,4
B008RWUKXK,ADS5APY1NKTL4,5
B008RWUKXK,A3FKGKUCI3DG9U,5
B008RWUKXK,A29313797NGT9L,4
B008RWUKXK,A1DH3QDZX8Z7GO,3
B008RWUKXK,A1B05INWIDZ74O,5
B008RWUKXK,A3MZNRSDQ32UUH,5
B008RWUKXK,A2FRFAQCWZJT3Q,5
B008RWUKXK,A3FKGKUCI3DG9U,5
B008RWUKXK,A2XNOB1T796Y6B,3
B008RWUKXK,A2TO2BN3P4C00L,3
B008RWUKXK,A1SCANWWQTEG9I,3
B008RWUKXK,A1P2XYD265YE21,1
B008RWUKXK,A3MUSWDCTZINQZ,4
B008RWUKXK,A2R6RA8FRBS608,5
B008RWUKXK,AK7CAW3N1XZV6,5
B000PMHLZK,A2YKWYC3WQJX5J,4
B000PMHLZK,A1TMAVN4CEM8U8,3
B000PMHLZK,A2Y4S4CNGKF21S,2
B000PMHLZK,A1080SE9X3ECK0,5
B000PMHLZK,AQLL2R1PPR46X,4
B004U43ZO0,A3R9H6OKZHHRJD,4
B004U43ZO0,A100WO06OQR8BQ,5
B004U43ZO0,AYB4ELCS5AM8P,4
B004U43ZO0,A1KEK09ZA6J9P8,3
B004U43ZO0,A25C2M3QF9G7OQ,3
B004U43ZO0,A3D9NUCR4RXDPY,4
B004U43ZO0,A3EPHBMU07LZ50,5
B004U43ZO0,AWKZAUC0D8DYL,5
B004U43ZO0,A2KIVODZRTGY4U,2
B004U43ZO0,A2G7B7FKP2O2PU,5
B004U43ZO0,A1ONZ8JRPLBNUI,3
B004U43ZO0,AQLL2R1PPR46X,3
B004U43ZO0,A16AXQ11SZA8SQ,2
B001BCVY4W,A1RRMZKOMZ2M7J,4
B001BCVY4W,A1AEPMPA12GUJ7,3
B001BCVY4W,A1Q7A78VSQ5GQ4,5
B001BCVY4W,AF3BYMPWKWO8F,1
B001BCVY4W,A3FKGKUCI3DG9U,3
B001BCVY4W,A3FKGKUCI3DG9U,3
B001BCVY4W,A3FKGKUCI3DG9U,3
B001BCVY4W,A3FKGKUCI3DG9U,3
B001BCVY4W,A2PNOU7NXB1JE4,3
B001BCVY4W,A2FRFAQCWZJT3Q,4
B001BCVY4W,A2W9I628I6SE1U,4
B001BCVY4W,A1RLP0R1N8H8C4,5
B001BCVY4W,A25C2M3QF9G7OQ,3
B001BCVY4W,A1JMR1N9NBYJ1X,4
B001BCVY4W,A2PNOU7NXB1JE4,4
B001BCVY4W,A1Z4LX3Q1YMF84,5
B001BCVY4W,A1RLP0R1N8H8C4,5
B001BCVY4W,A250AXLRBVYKB4,5
B001BCVY4W,APP8XWYYV4PAA,5
B001BCVY4W,AF3BYMPWKWO8F,3
B001BCVY4W,AF3BYMPWKWO8F,1
B001BCVY4W,A1KEK09ZA6J9P8,5
B001BCVY4W,AF3BYMPWKWO8F,1
B001BCVY4W,A2PNOU7NXB1JE4,2
B001BCVY4W,AF3BYMPWKWO8F,1
B001BCVY4W,A16AXQ11SZA8SQ,5
B001BCVY4W,AK8LOFYRZJJW0,4
B001BCVY4W,A13MKSASQ6YWL7,5
B001BCVY4W,AQLL2R1PPR46X,5
B001BCVY4W,AQLL2R1PPR46X,5
B001BCVY4W,A2G7B7FKP2O2PU,5
B001BCVY4W,AF3BYMPWKWO8F,1
B001BCVY4W,A3MZNRSDQ32UUH,5
B001BCVY4W,A2G7B7FKP2O2PU,5
B001BCVY4W,A1JMR1N9NBYJ1X,4
B001BCVY4W,APP8XWYYV4PAA,5
B001BCVY4W,A2R1HUYHXV7H18,4
B001BCVY4W,AF3BYMPWKWO8F,1
B001BCVY4W,AF3BYMPWKWO8F,1
B001BCVY4W,AF3BYMPWKWO8F,1
B001BCVY4W,A2YSFKX18XTHED,5
B001BCVY4W,A3FKGKUCI3DG9U,3
B001BCVY4W,A3FKGKUCI3DG9U,3
B001BCVY4W,A2FRFAQCWZJT3Q,5
B001BCVY4W,A1HRYC60VTMYC0,5
B001BCVY4W,A250AXLRBVYKB4,4
B001AHFVHO,APP8XWYYV4PAA,4
B001AHFVHO,A2FRFAQCWZJT3Q,5
B001AHFVHO,A1X2LENOF84LCQ,4
B001AHFVHO,A1ODOGXEYECQQ8,5
B001AHFVHO,A25C2M3QF9G7OQ,5
B001AHFVHO,A3EFSLEMHNPP6A,5
B001AHFVHO,A2MSQNPTNAAGL1,5
B001AHFVHO,A2FRFAQCWZJT3Q,5
B001AHFVHO,AQLL2R1PPR46X,5
B001AHFVHO,A2B8GXSCB1R05T,3
B001AHFVHO,A2MNB77YGJ3CN0,5
B001AHFVHO,AT9U5ZE5OO84C,5
B001AHFVHO,AT9U5ZE5OO84C,5
B001AHFVHO,A2Y8IDC1FKGNJC,5
B001AHFVHO,A17V9XL4CWTQ6G,5
B001AHFVHO,A1GQAKL9CGQLP1,5
B001AHFVHO,A3VKBFC5K2INR4,5
B001AHFVHO,ACYR6O588USK,5
B001AHFVHO,A1LZJZIHUPLDV4,5
B001AHFVHO,AWKZAUC0D8DYL,5
B001AHFVHO,A2TO2BN3P4C00L,3
B001AHFVHO,A1LZJZIHUPLDV4,5
B001AHFVHO,A2R1HUYHXV7H18,5
B001SIY414,A2Y4S4CNGKF21S,3
B001SIY414,A1YP5WLIHGG136,4
B001SIY414,A2II09GQGWOMTQ,5
B001SIY414,A370Z6I5GBWU44,4
B001SIY414,A250AXLRBVYKB4,5
B001Q9EGFY,A2FRFAQCWZJT3Q,3
B001Q9EGFY,A3F3B1JPACN215,5
B001Q9EGFY,A1JMR1N9NBYJ1X,5
B001Q9EGFY,A3F3B1JPACN215,5
B001Q9EGFY,ACYR6O588USK,5
B001Q9EGFY,A1KEK09ZA6J9P8,5
B001Q9EGFY,A3D9NUCR4RXDPY,2
B001NXM3I0,A20P8VC55KPPCT,5
B001NXM3I0,A20P8VC55KPPCT,5
B001NXM3I0,A20P8VC55KPPCT,5
B001NXM3I0,A3LWC833HQIG7J,5
B001NXM3I0,A4DTM6B4IBYQX,5
B001EO5Q64,A22PUBSSNP54L,5
B001EO5Q64,A2582KMXLK2P06,5
B001EO5Q64,A1WX42M589VAMQ,5
B001EO5Q64,A37CENQP0ZNKVE,5
B001EO5Q64,A393F381MA82AY,5
B001EO5Q64,A33REC3J2JU2EL,5
B001EO5Q64,A2MSQNPTNAAGL1,5
B001EO5Q64,A132ETQPMHQ585,5
B001EO5Q64,A1YP5WLIHGG136,5
B001SIY5NQ,A2Y4S4CNGKF21S,3
B001SIY5NQ,A1YP5WLIHGG136,4
B001SIY5NQ,A2II09GQGWOMTQ,5
B001SIY5NQ,A370Z6I5GBWU44,4
B001SIY5NQ,A250AXLRBVYKB4,5
B000WFN0VO,A29JUMRL1US6YP,5
B000WFN0VO,A58N07M0ZCYMB,5
B000WFN0VO,A2FRFAQCWZJT3Q,3
B000WFN0VO,A29JUMRL1US6YP,5
B000WFN0VO,A29JUMRL1US6YP,5
B000WFN0VO,A29JUMRL1US6YP,5
B000WFN0VO,A29JUMRL1US6YP,5
B000WFN0VO,A29JUMRL1US6YP,5
B000WFN0VO,A29JUMRL1US6YP,5
B000WFN0VO,A29JUMRL1US6YP,5
B000WFN0VO,A29JUMRL1US6YP,5
B000WFN0VO,A29JUMRL1US6YP,5
B000WFN0VO,A29JUMRL1US6YP,5
B000Q5X876,A2X3L31KCXBHCL,3
B000Q5X876,A2Y8IDC1FKGNJC,5
B000Q5X876,A1AEPMPA12GUJ7,4
B000Q5X876,A1LZJZIHUPLDV4,5
B000Q5X876,A1X2LENOF84LCQ,3
B000Q5X876,A16AXQ11SZA8SQ,5
B000Q5X876,A1LHAXBM5GBJS2,4
B000Q5X876,A13MKSASQ6YWL7,5
B000Q5X876,A25C2M3QF9G7OQ,4
B000Q5X876,A26LD9FQHTM8ZH,5
B000Q5X876,A2LJJ4482V9LAW,2
B000Q5X876,AXO4PQU0XG3TG,4
B000Q5X876,AQLL2R1PPR46X,5
B000Q5X876,AWKZAUC0D8DYL,5
B000Q5X876,AJCK6OKNWGIYG,5
B000Q5X876,A35X2JJI49OBZP,5
B006GA666U,A3OXRFCJI67IMN,5
B006GA666U,A35JP8KSV9281K,5
B006GA666U,A19123D9G66E0O,4
B006GA666U,AYOMAHLWRQHUG,5
B006GA666U,A2KUUWP4ZZMOBP,2
B006GA666U,A3OXHLG6DIBRW8,5
B005IW4WFY,ACAXV4V8PBCE3,4
B005IW4WFY,AEC90GPFKLAAW,4
B005IW4WFY,AEC90GPFKLAAW,4
B005IW4WFY,A1H7Y5XKPGT0OS,4
B005IW4WFY,ADS5APY1NKTL4,5
B005IW4WFY,A3FKGKUCI3DG9U,5
B005IW4WFY,A29313797NGT9L,4
B005IW4WFY,A1DH3QDZX8Z7GO,3
B005IW4WFY,A1B05INWIDZ74O,5
B005IW4WFY,A3MZNRSDQ32UUH,5
B005IW4WFY,A2FRFAQCWZJT3Q,5
B005IW4WFY,A3FKGKUCI3DG9U,5
B005IW4WFY,A2XNOB1T796Y6B,3
B005IW4WFY,A2TO2BN3P4C00L,3
B005IW4WFY,A1SCANWWQTEG9I,3
B005IW4WFY,A1P2XYD265YE21,1
B005IW4WFY,A3MUSWDCTZINQZ,4
B005IW4WFY,A2R6RA8FRBS608,5
B005IW4WFY,AK7CAW3N1XZV6,5
B003ZT61E2,A2XNOB1T796Y6B,3
B003ZT61E2,AKJHHD5VEH7VG,4
B003ZT61E2,A1KEK09ZA6J9P8,5
B003ZT61E2,ALDAF4VVLFRHP,5
B003ZT61E2,A2MSQNPTNAAGL1,5
B003ZT61E2,A2O421DTA8J0RW,4
B003ZT61E2,A3UUTDX2WNVUS3,5
B003ZT61E2,A3HPCRD9RX351S,3
B003ZT61E2,A35JP8KSV9281K,2
B003ZT61E2,A1AEPMPA12GUJ7,4
B003ZT61E2,A9NXTC0HTPSDO,4
B003ZT61E2,AT9U5ZE5OO84C,5
B003ZT61E2,A1X2LENOF84LCQ,3
B003ZT61E2,A3MUSWDCTZINQZ,5
B0049Z5OSK,A1TMAVN4CEM8U8,5
B0049Z5OSK,A7EK88GF8N40F,5
B0049Z5OSK,A1TMAVN4CEM8U8,5
B0049Z5OSK,A1TMAVN4CEM8U8,5
B0049Z5OSK,A1TMAVN4CEM8U8,5
B0049Z5OSK,A1TMAVN4CEM8U8,5
B0049Z5OSK,A3094EPI56GKZ6,5
B0049Z5OSK,A1P2XYD265YE21,5
B0049Z5OSK,A361PLXEWB9UC1,5
B0049Z5OSK,A1TMAVN4CEM8U8,5
B0049Z5OSK,A2XNJJ9TF70P4J,1
B000CQC0BE,A2E3WMF9RWW2X2,5
B000CQC0BE,A2B8GXSCB1R05T,5
B000CQC0BE,A1YUL9PCJR3JTY,5
B000CQC0BE,A1YUL9PCJR3JTY,5
B000CQC0BE,A13HRSMJ5TOWEZ,5
B000CQC0BE,A281NPSIMI1C2R,5
B000CQC0BE,A1AEQZM99LO9VA,3
B000CQC0BE,A2B8GXSCB1R05T,5
B008JKTTUA,A1T1YSCDW0PD25,4
B008JKTTUA,AQLL2R1PPR46X,5
B008JKTTUA,A1LFSTBR7L7PUT,5
B008JKTTUA,A3FY3H6F4249E0,4
B008JKTTUA,A1T1YSCDW0PD25,4
B008JKTTUA,AY12DBB0U420B,4
B000EMQFY4,ACYR6O588USK,4
B000EMQFY4,A2TO2BN3P4C00L,4
B000EMQFY4,A3FKGKUCI3DG9U,5
B000EMQFY4,A2G7B7FKP2O2PU,5
B000EMQFY4,A1RRMZKOMZ2M7J,1
B000Q71L5U,A3VKBFC5K2INR4,5
B000Q71L5U,A1KEK09ZA6J9P8,5
B000Q71L5U,AY12DBB0U420B,5
B000Q71L5U,A2TN9C5E4A0I3F,5
B000Q71L5U,A2OEUROGZDTXUJ,5
B0078Y6CN0,A1T1YSCDW0PD25,3
B0078Y6CN0,A2SZLNSI5KOQJT,5
B0078Y6CN0,A1T1YSCDW0PD25,4
B0078Y6CN0,A1GYEGLX3P2Y7P,4
B0078Y6CN0,A3OXHLG6DIBRW8,3
B0078Y6CN0,A1IH42TUIZ2XJL,1
B0078Y6CN0,A3PJZ8TU8FDQ1K,5
B0078Y6CN0,A2KUUWP4ZZMOBP,5
B0078Y6CN0,A2TJG4N8LNJW23,4
B000CQIDK6,A2E3WMF9RWW2X2,5
B000CQIDK6,A2B8GXSCB1R05T,5
B000CQIDK6,A1YUL9PCJR3JTY,5
B000CQIDK6,A1YUL9PCJR3JTY,5
B000CQIDK6,A13HRSMJ5TOWEZ,5
B000CQIDK6,A281NPSIMI1C2R,5
B000CQIDK6,A1AEQZM99LO9VA,3
B000CQIDK6,A2B8GXSCB1R05T,5
B001SIY3EC,A2Y4S4CNGKF21S,3
B001SIY3EC,A1YP5WLIHGG136,4
B001SIY3EC,A2II09GQGWOMTQ,5
B001SIY3EC,A370Z6I5GBWU44,4
B001SIY3EC,A250AXLRBVYKB4,5
B00395570G,A1T1YSCDW0PD25,3
B00395570G,A2SZLNSI5KOQJT,5
B00395570G,A1T1YSCDW0PD25,4
B00395570G,A1GYEGLX3P2Y7P,4
B00395570G,A3OXHLG6DIBRW8,3
B00395570G,A1IH42TUIZ2XJL,1
B00395570G,A3PJZ8TU8FDQ1K,5
B00395570G,A2KUUWP4ZZMOBP,5
B00395570G,A2TJG4N8LNJW23,4
B000GW46DE,A2YKWYC3WQJX5J,4
B000GW46DE,A1TMAVN4CEM8U8,3
B000GW46DE,A2Y4S4CNGKF21S,2
B000GW46DE,A1080SE9X3ECK0,5
B000GW46DE,AQLL2R1PPR46X,4
B001EO5TJ8,A16KK3YHCWE29C,3
B001EO5TJ8,A1YUL9PCJR3JTY,4
B001EO5TJ8,AXO4PQU0XG3TG,4
B001EO5TJ8,A3MUSWDCTZINQZ,5
B001EO5TJ8,A1LZJZIHUPLDV4,5
B001EO5TJ8,A1YUL9PCJR3JTY,4
B001EO5TJ8,A2FRFAQCWZJT3Q,5
B001EO5TJ8,A1LZJZIHUPLDV4,5
B001EO5TJ8,A16KK3YHCWE29C,3
B002OFZMPW,A2Y4S4CNGKF21S,3
B002OFZMPW,A1YP5WLIHGG136,4
B002OFZMPW,A2II09GQGWOMTQ,5
B002OFZMPW,A370Z6I5GBWU44,4
B002OFZMPW,A250AXLRBVYKB4,5
B000CQC04Q,A1Z54EM24Y40LL,5
B000CQC04Q,A1SO1PGDNVMLXC,5
B000CQC04Q,A2IYLMDQGBB4VG,3
B000CQC04Q,A3FY3H6F4249E0,5
B000CQC04Q,A2OWR5G2OAQF7C,4
B000CQC04Q,A1SO1PGDNVMLXC,3
B000CQC04Q,A1YUL9PCJR3JTY,3
B000CQC04Q,A1YUL9PCJR3JTY,4
B000CQC04Q,A1SO1PGDNVMLXC,5
B000CQC04Q,A3FY3H6F4249E0,5
B000CQC04Q,A1YJMG0QJXZLD4,4
B000CQC04Q,A1YUL9PCJR3JTY,5
B000CQC04Q,A3FY3H6F4249E0,5
B000CQC04Q,A3FY3H6F4249E0,5
B000CQC04Q,A281NPSIMI1C2R,5
B000CQC04Q,A1YUL9PCJR3JTY,4
B000CQC04Q,ADS5APY1NKTL4,5
B000CQC04Q,AI0NMYA3LKXW1,5
B000CQC04Q,A1UQBFCERIP7VJ,4
B004OQ257M,A2OL5WLCNZVD9K,3
B004OQ257M,A3MZNRSDQ32UUH,5
B004OQ257M,A1B6O7SAIYG2N0,5
B004OQ257M,AQLL2R1PPR46X,5
B004OQ257M,A3OXHLG6DIBRW8,4
B004OQ257M,A100WO06OQR8BQ,5
B004OQ257M,AT9U5ZE5OO84C,4
B000LKXFTC,A2Y8IDC1FKGNJC,5
B000LKXFTC,A36MP37DITBU6F,5
B000LKXFTC,ALSAOZ1V546VT,5
B000LKXFTC,A38KP1POQ191WT,5
B000LKXFTC,A2OWR5G2OAQF7C,5
B003D4IYSU,A3UUTDX2WNVUS3,5
B003D4IYSU,A13HRSMJ5TOWEZ,5
B003D4IYSU,A1Z54EM24Y40LL,5
B003D4IYSU,A1YJMG0QJXZLD4,4
B003D4IYSU,A13HRSMJ5TOWEZ,5
B003D4IYSU,A3UUTDX2WNVUS3,5
B003D4IYSU,A1AEQZM99LO9VA,5
B003D4IYSU,AIEEK7AHXKZCC,5
B003D4IYSU,A2DPYMNI2HCIOI,2
B003D4IYSU,A3MUSWDCTZINQZ,3
B003D4IYSU,A1UQBFCERIP7VJ,4
B003D4IYSU,A3UUTDX2WNVUS3,5
B003D4IYSU,A13HRSMJ5TOWEZ,5
B003D4IYSU,A13HRSMJ5TOWEZ,5
B003D4IYSU,A1YUL9PCJR3JTY,4
B003D4IYSU,A16KK3YHCWE29C,5
B003D4IYSU,A3FY3H6F4249E0,4
B003D4IYSU,A3MUSWDCTZINQZ,3
B003D4IYSU,A13HRSMJ5TOWEZ,2
B003D4IYSU,A13HRSMJ5TOWEZ,5
B003D4IYSU,AIEEK7AHXKZCC,5
B000CQID2Y,A1Z54EM24Y40LL,5
B000CQID2Y,A1SO1PGDNVMLXC,5
B000CQID2Y,A2IYLMDQGBB4VG,3
B000CQID2Y,A3FY3H6F4249E0,5
B000CQID2Y,A2OWR5G2OAQF7C,4
B000CQID2Y,A1SO1PGDNVMLXC,3
B000CQID2Y,A1YUL9PCJR3JTY,3
B000CQID2Y,A1YUL9PCJR3JTY,4
B000CQID2Y,A1SO1PGDNVMLXC,5
B000CQID2Y,A3FY3H6F4249E0,5
B000CQID2Y,A1YJMG0QJXZLD4,4
B000CQID2Y,A1YUL9PCJR3JTY,5
B000CQID2Y,A3FY3H6F4249E0,5
B000CQID2Y,A3FY3H6F4249E0,5
B000CQID2Y,A281NPSIMI1C2R,5
B000CQID2Y,A1YUL9PCJR3JTY,4
B000CQID2Y,ADS5APY1NKTL4,5
B000CQID2Y,AI0NMYA3LKXW1,5
B000CQID2Y,A1UQBFCERIP7VJ,4
B005CUU23S,ACYR6O588USK,4
B005CUU23S,A3PJZ8TU8FDQ1K,1
B005CUU23S,A100WO06OQR8BQ,1
B005CUU23S,A3AZI828WJN1CD,5
B005CUU23S,AKZKG2Z7CNV27,2
B005CUU23S,A36MP37DITBU6F,4
B005CUU23S,AEC90GPFKLAAW,3
B005CUU23S,A1LHAXBM5GBJS2,3
B005CUU23S,AYOMAHLWRQHUG,3
B005CUU23S,AKZKG2Z7CNV27,2
B005CUU23S,A3M8R4JD1SIS76,4
B005CUU23S,A2R1HUYHXV7H18,3
B005CUU23S,A2Y8IDC1FKGNJC,3
B005CUU23S,A2KIVODZRTGY4U,3
B005CUU23S,A9NXTC0HTPSDO,4
B005CUU23S,A1DH3QDZX8Z7GO,3
B005CUU23S,AY1EF0GOH80EK,3
B005CUU23S,A1QBOC76MIOJYP,2
B002ZJQQK2,A1Z54EM24Y40LL,5
B002ZJQQK2,A1HRYC60VTMYC0,3
B002ZJQQK2,ALL9XFM0Q1N4E,5
B002ZJQQK2,A1WOMXOEX90ARI,5
B002ZJQQK2,AMRMK86X3PKXD,5
B000Q75354,A3VKBFC5K2INR4,5
B000Q75354,A1KEK09ZA6J9P8,5
B000Q75354,AY12DBB0U420B,5
B000Q75354,A2TN9C5E4A0I3F,5
B000Q75354,A2OEUROGZDTXUJ,5
B000Q7535Y,A3VKBFC5K2INR4,5
B000Q7535Y,A1KEK09ZA6J9P8,5
B000Q7535Y,AY12DBB0U420B,5
B000Q7535Y,A2TN9C5E4A0I3F,5
B000Q7535Y,A2OEUROGZDTXUJ,5
B001EO5Y5M,A3QNQQKJTL76H0,5
B001EO5Y5M,A370Z6I5GBWU44,5
B001EO5Y5M,A1GYEGLX3P2Y7P,4
B001EO5Y5M,A2GEZJHBV92EVR,5
B001EO5Y5M,A33AQPJYH7UUXR,4
B000CR41D8,A393F381MA82AY,5
B000CR41D8,A2Y8IDC1FKGNJC,5
B000CR41D8,ACAIEIV03NBHY,5
B000CR41D8,AK7CAW3N1XZV6,5
B000CR41D8,A1ZPY91VE3IDN1,5
B000CR41D8,AY1EF0GOH80EK,5
B000CR41D8,A1RRMZKOMZ2M7J,2
B000CR41D8,A37CENQP0ZNKVE,5
B000WFU8O6,A29JUMRL1US6YP,5
B000WFU8O6,A58N07M0ZCYMB,5
B000WFU8O6,A2FRFAQCWZJT3Q,3
B000WFU8O6,A29JUMRL1US6YP,5
B000WFU8O6,A29JUMRL1US6YP,5
B000WFU8O6,A29JUMRL1US6YP,5
B000WFU8O6,A29JUMRL1US6YP,5
B000WFU8O6,A29JUMRL1US6YP,5
B000WFU8O6,A29JUMRL1US6YP,5
B000WFU8O6,A29JUMRL1US6YP,5
B000WFU8O6,A29JUMRL1US6YP,5
B000WFU8O6,A29JUMRL1US6YP,5
B000WFU8O6,A29JUMRL1US6YP,5
B000CNB4LE,A1DH3QDZX8Z7GO,3
B000CNB4LE,AY1EF0GOH80EK,5
B000CNB4LE,A1WX42M589VAMQ,1
B000CNB4LE,AY12DBB0U420B,4
B000CNB4LE,A3QNQQKJTL76H0,1
B000CNB4LE,A2AOD7254MCKSH,4
B000CNB4LE,A3094EPI56GKZ6,4
B000CNB4LE,A2YHXAZLCLDT8D,1
B000CNB4LE,AY12DBB0U420B,3
B000CNB4LE,AY1EF0GOH80EK,5
B0030VJ818,A20P8VC55KPPCT,5
B0030VJ818,A20P8VC55KPPCT,5
B0030VJ818,A4DTM6B4IBYQX,5
B0030VJ818,A4DTM6B4IBYQX,5
B0030VJ818,A4DTM6B4IBYQX,4
B0030VJ818,A20P8VC55KPPCT,5
B0030VJ818,A20P8VC55KPPCT,5
B007RTR898,A2MSQNPTNAAGL1,5
B007RTR898,A2XNOB1T796Y6B,4
B007RTR898,A3R9H6OKZHHRJD,4
B007RTR898,A1KEK09ZA6J9P8,4
B007RTR898,A1HRYC60VTMYC0,4
B004TES39I,A22PUBSSNP54L,5
B004TES39I,ADS5APY1NKTL4,5
B004TES39I,AQQLWCMRNDFGI,4
B004TES39I,A1Q7A78VSQ5GQ4,5
B004TES39I,AYB4ELCS5AM8P,5
B004TES39I,AJCK6OKNWGIYG,5
B0030VBRCG,A20P8VC55KPPCT,5
B0030VBRCG,A20P8VC55KPPCT,5
B0030VBRCG,A4DTM6B4IBYQX,5
B0030VBRCG,A4DTM6B4IBYQX,5
B0030VBRCG,A4DTM6B4IBYQX,4
B0030VBRCG,A20P8VC55KPPCT,5
B0030VBRCG,A20P8VC55KPPCT,5
B001EO5QPA,A16KK3YHCWE29C,3
B001EO5QPA,A1YUL9PCJR3JTY,4
B001EO5QPA,AXO4PQU0XG3TG,4
B001EO5QPA,A3MUSWDCTZINQZ,5
B001EO5QPA,A1LZJZIHUPLDV4,5
B001EO5QPA,A1YUL9PCJR3JTY,4
B001EO5QPA,A2FRFAQCWZJT3Q,5
B001EO5QPA,A1LZJZIHUPLDV4,5
B001EO5QPA,A16KK3YHCWE29C,3
B0014X5O1C,AKMEY1BSHSDG7,5
B0014X5O1C,A1B05INWIDZ74O,5
B0014X5O1C,A281NPSIMI1C2R,5
B0014X5O1C,AJCK6OKNWGIYG,5
B0014X5O1C,A3FKGKUCI3DG9U,5
B0014X5O1C,A3EFSLEMHNPP6A,3
B0039556K2,A1T1YSCDW0PD25,3
B0039556K2,A2SZLNSI5KOQJT,5
B0039556K2,A1T1YSCDW0PD25,4
B0039556K2,A1GYEGLX3P2Y7P,4
B0039556K2,A3OXHLG6DIBRW8,3
B0039556K2,A1IH42TUIZ2XJL,1
B0039556K2,A3PJZ8TU8FDQ1K,5
B0039556K2,A2KUUWP4ZZMOBP,5
B0039556K2,A2TJG4N8LNJW23,4
B001COJ860,A2PNOU7NXB1JE4,5
B001COJ860,A3F3B1JPACN215,5
B001COJ860,A1Q7A78VSQ5GQ4,5
B001COJ860,A2IYLMDQGBB4VG,5
B001COJ860,A2OWR5G2OAQF7C,5
7310172101,A29JUMRL1US6YP,5
7310172101,AJD41FBJD9010,5
7310172101,AJD41FBJD9010,5
7310172101,AJD41FBJD9010,5
7310172101,AJD41FBJD9010,5
7310172101,AJD41FBJD9010,5
7310172101,AJD41FBJD9010,5
B000CQG87Q,A1Z54EM24Y40LL,5
B000CQG87Q,A1SO1PGDNVMLXC,5
B000CQG87Q,A2IYLMDQGBB4VG,3
B000CQG87Q,A3FY3H6F4249E0,5
B000CQG87Q,A2OWR5G2OAQF7C,4
B000CQG87Q,A1SO1PGDNVMLXC,3
B000CQG87Q,A1YUL9PCJR3JTY,3
B000CQG87Q,A1YUL9PCJR3JTY,4
B000CQG87Q,A1SO1PGDNVMLXC,5
B000CQG87Q,A3FY3H6F4249E0,5
B000CQG87Q,A1YJMG0QJXZLD4,4
B000CQG87Q,A1YUL9PCJR3JTY,5
B000CQG87Q,A3FY3H6F4249E0,5
B000CQG87Q,A3FY3H6F4249E0,5
B000CQG87Q,A281NPSIMI1C2R,5
B000CQG87Q,A1YUL9PCJR3JTY,4
B000CQG87Q,ADS5APY1NKTL4,5
B000CQG87Q,AI0NMYA3LKXW1,5
B000CQG87Q,A1UQBFCERIP7VJ,4
B003YK72LS,A3VKBFC5K2INR4,5
B003YK72LS,A1KEK09ZA6J9P8,5
B003YK72LS,AY12DBB0U420B,5
B003YK72LS,A2TN9C5E4A0I3F,5
B003YK72LS,A2OEUROGZDTXUJ,5
B0016511UG,A35W3JQYP0M655,5
B0016511UG,A1IU7S4HCK1XK0,5
B0016511UG,AZV26LP92E6WU,5
B0016511UG,A2582KMXLK2P06,2
B0016511UG,A1T1YSCDW0PD25,5
B0016511UG,A370Z6I5GBWU44,5
B0016511UG,A22CW0ZHY3NJH8,5
B0016511UG,A383XURHVF8ON6,5
B0016511UG,APP8XWYYV4PAA,3
B000EQT9MK,APP8XWYYV4PAA,5
B000EQT9MK,ACAIEIV03NBHY,4
B000EQT9MK,A106ZCP7RSXMRU,5
B000EQT9MK,A16KK3YHCWE29C,5
B000EQT9MK,AQQLWCMRNDFGI,3
B000EQT9MK,A3VKBFC5K2INR4,5
B000EQT9MK,A1LZJZIHUPLDV4,5
B000EQT9MK,A36MP37DITBU6F,5
B000EQT9MK,A16KK3YHCWE29C,5
B000EQT9MK,A106ZCP7RSXMRU,5
B000EQT9MK,A17GK9E70O7Y9R,4
B000EQT9MK,A2A8KWCE8RKB9T,5
B0043WOANY,A3V1A3C9DTLPME,4
B0043WOANY,A19123D9G66E0O,2
B0043WOANY,A1N5FSCYN4796F,5
B0043WOANY,AEC90GPFKLAAW,5
B0043WOANY,A19123D9G66E0O,2
B0043WOANY,A2TO2BN3P4C00L,3
B0034EDLS2,A2AOD7254MCKSH,5
B0034EDLS2,A2C9XE9I8RSKNX,4
B0034EDLS2,A2D1LPEUCTNT8X,5
B0034EDLS2,A2158Y2U61AU9G,2
B0034EDLS2,A1WX42M589VAMQ,5
B0034EDLS2,A2TN9C5E4A0I3F,2
B002AYC7TG,A3GGXJD0BMJ2W3,5
B002AYC7TG,A3GGXJD0BMJ2W3,5
B002AYC7TG,A33AQPJYH7UUXR,4
B002AYC7TG,A9NXTC0HTPSDO,5
B002AYC7TG,A3GGXJD0BMJ2W3,5
B0049Z9ANU,A1TMAVN4CEM8U8,5
B0049Z9ANU,A7EK88GF8N40F,5
B0049Z9ANU,A1TMAVN4CEM8U8,5
B0049Z9ANU,A1TMAVN4CEM8U8,5
B0049Z9ANU,A1TMAVN4CEM8U8,5
B0049Z9ANU,A1TMAVN4CEM8U8,5
B0049Z9ANU,A3094EPI56GKZ6,5
B0049Z9ANU,A1P2XYD265YE21,5
B0049Z9ANU,A361PLXEWB9UC1,5
B0049Z9ANU,A1TMAVN4CEM8U8,5
B0049Z9ANU,A2XNJJ9TF70P4J,1
B004E4CCSQ,A36MP37DITBU6F,4
B004E4CCSQ,A22PUBSSNP54L,5
B004E4CCSQ,ARYSDAZNRXN6G,3
B004E4CCSQ,A3OXHLG6DIBRW8,4
B004E4CCSQ,ADLVFFE4VBT8,2
B004E4CCSQ,A3QNQQKJTL76H0,2
B004E4CCSQ,AEL6CQNQXONBX,3
B004E4CCSQ,A3M8R4JD1SIS76,3
B004E4CCSQ,A1JMR1N9NBYJ1X,5
B004E4CCSQ,A100WO06OQR8BQ,4
B004E4CCSQ,A1Z54EM24Y40LL,5
B004E4CCSQ,A1GYEGLX3P2Y7P,3
B004E4CCSQ,A3PJZ8TU8FDQ1K,2
B004E4CCSQ,ANCOMAI0I7LVG,2
B004E4CCSQ,A2YKWYC3WQJX5J,2
B004E4CCSQ,A1P2XYD265YE21,1
B004E4CCSQ,AF3BYMPWKWO8F,1
B004E4CCSQ,A1B6O7SAIYG2N0,3
B004E4CCSQ,A2SZLNSI5KOQJT,2
B004E4CCSQ,A353U0L2HAMSHV,4
B004E4CCSQ,A3MDETK0D5UAIN,1
B004E4CCSQ,A3DOPYDOS49I3T,4
B004E4CCSQ,A1AEPMPA12GUJ7,4
B004E4CCSQ,A1H7Y5XKPGT0OS,4
B004E4CCSQ,AJQDIT55SZ3ZX,2
B004E4CCSQ,A2XNOB1T796Y6B,3
B004E4CCSQ,A1QBOC76MIOJYP,3
B004E4CCSQ,AKJHHD5VEH7VG,4
B004E4CCSQ,A2DPYMNI2HCIOI,1
B004E4CCSQ,A1ODOGXEYECQQ8,3
B004E4CCSQ,A13WOT3RSXKRD5,4
B004E4CCSQ,A1KEK09ZA6J9P8,3
B000UUWECC,A2Y8IDC1FKGNJC,4
B000UUWECC,A13K3ZLWAWN1EI,5
B000UUWECC,A35LT14WG5BX0T,1
B000UUWECC,A3DOPYDOS49I3T,4
B000UUWECC,A1LHAXBM5GBJS2,2
B000UUWECC,A3UCN2RGY7O6S1,4
B000UUWECC,A1B05INWIDZ74O,5
B000UUWECC,A2NOW4U7W3F7RI,3
B006BXV130,AWKZAUC0D8DYL,5
B006BXV130,A2MNB77YGJ3CN0,4
B006BXV130,A3M8R4JD1SIS76,3
B006BXV130,A16WPA6JV83YXT,5
B006BXV130,A1H7Y5XKPGT0OS,4
B006BXV130,A383XURHVF8ON6,4
B006BXV130,A1Z54EM24Y40LL,5
B006BXV130,AKJHHD5VEH7VG,3
B006BXV130,A1W415JP5WEAJK,5
B000QSN7P6,A3TVZM3ZIXG8YW,1
B000QSN7P6,A3TVZM3ZIXG8YW,1
B000QSN7P6,A36JDIN9RAAIEC,5
B000QSN7P6,A3TVZM3ZIXG8YW,1
B000QSN7P6,A3TVZM3ZIXG8YW,1
B000QSN7P6,A3TVZM3ZIXG8YW,1
B000QSN7P6,A3TVZM3ZIXG8YW,1
B000QSN7P6,A36JDIN9RAAIEC,5
B000QSN7P6,A36JDIN9RAAIEC,5
B000QSN7P6,A3TVZM3ZIXG8YW,1
B000QSN7P6,A20OQMLRFNZADL,4
B000QSN7P6,A1HRYC60VTMYC0,5
B000QSN7P6,A2VUD4SPJO4V33,1
B000QSN7P6,A3TVZM3ZIXG8YW,1
B000QSN7P6,A3TVZM3ZIXG8YW,1
B000QSN7P6,A3TVZM3ZIXG8YW,1
B004IJFZ54,A3VKBFC5K2INR4,5
B004IJFZ54,A1KEK09ZA6J9P8,5
B004IJFZ54,AY12DBB0U420B,5
B004IJFZ54,A2TN9C5E4A0I3F,5
B004IJFZ54,A2OEUROGZDTXUJ,5
B000EQT574,APP8XWYYV4PAA,5
B000EQT574,ACAIEIV03NBHY,4
B000EQT574,A106ZCP7RSXMRU,5
B000EQT574,A16KK3YHCWE29C,5
B000EQT574,AQQLWCMRNDFGI,3
B000EQT574,A3VKBFC5K2INR4,5
B000EQT574,A1LZJZIHUPLDV4,5
B000EQT574,A36MP37DITBU6F,5
B000EQT574,A16KK3YHCWE29C,5
B000EQT574,A106ZCP7RSXMRU,5
B000EQT574,A17GK9E70O7Y9R,4
B000EQT574,A2A8KWCE8RKB9T,5
B001LNTY70,A1X1CEGHTHMBL1,5
B001LNTY70,A3QNQQKJTL76H0,4
B001LNTY70,A1X1CEGHTHMBL1,5
B001LNTY70,A1X1CEGHTHMBL1,5
B001LNTY70,A1X1CEGHTHMBL1,5
B001LNTY70,A3QNQQKJTL76H0,4
B001LNTY70,A1TMAVN4CEM8U8,5
B001LNTY70,A1TMAVN4CEM8U8,5
B001LNTY70,A1TMAVN4CEM8U8,5
B001LNTY70,A1G60ANYI0HMEU,5
B001LNTY70,A1G60ANYI0HMEU,4
B001LNTY70,A1WX42M589VAMQ,5
B001LNTY70,A1G60ANYI0HMEU,4
B001LNTY70,A1SCANWWQTEG9I,3
B001LNTY70,A1N5FSCYN4796F,3
B001LNTY70,A1G60ANYI0HMEU,5
B001LNTY70,A1N5FSCYN4796F,5
B001LNTY70,A361PLXEWB9UC1,5
B001LNTY70,A1TMAVN4CEM8U8,5
B001LNTY70,A7EK88GF8N40F,5
B001LNTY70,A1TMAVN4CEM8U8,5
B001LNTY70,A3OXHLG6DIBRW8,5
B001LNTY70,A1SCANWWQTEG9I,3
B001LNTY70,A1X1CEGHTHMBL1,4
B002ZX1U9A,A2TJG4N8LNJW23,1
B002ZX1U9A,A2SZLNSI5KOQJT,1
B002ZX1U9A,A17HMM1M7T9PJ1,4
B002ZX1U9A,A2TJG4N8LNJW23,1
B002ZX1U9A,A3NEAETOSXDBOM,5
B006BXV1H6,A1P2XYD265YE21,5
B006BXV1H6,A2X3L31KCXBHCL,5
B006BXV1H6,A1ZH9LWMX5UCFJ,4
B006BXV1H6,A1H7Y5XKPGT0OS,5
B006BXV1H6,A383XURHVF8ON6,4
B006BXV1H6,A1AEPMPA12GUJ7,4
B006BXV1H6,AKJHHD5VEH7VG,4
B006BXV1H6,A22CW0ZHY3NJH8,4
B006BXV1H6,A3EFSLEMHNPP6A,3
B006BXV1H6,A1X2LENOF84LCQ,2
B006BXV1H6,A25C2M3QF9G7OQ,4
B006BXV1H6,A2W9I628I6SE1U,4
B000AYFCEU,AJQDIT55SZ3ZX,5
B000AYFCEU,A29313797NGT9L,4
B000AYFCEU,A1GYEGLX3P2Y7P,5
B000AYFCEU,A19SDJ2TSSL8HI,5
B000AYFCEU,A3OXHLG6DIBRW8,4
B000AYFCEU,A3OXHLG6DIBRW8,4
B000AYFCEU,AJQDIT55SZ3ZX,5
B000AYFCEU,AI0NMYA3LKXW1,5
B003VXHGPK,A2UCZAWAN5QMJQ,4
B003VXHGPK,A35R32TA60XD57,5
B003VXHGPK,A2SZLNSI5KOQJT,4
B003VXHGPK,A2SZLNSI5KOQJT,5
B003VXHGPK,A17HMM1M7T9PJ1,4
B003VXHGPK,A2SZLNSI5KOQJT,3
B003VXHGPK,A26NFIQ7KWI8Y7,3
B003VXHGPK,A2TJG4N8LNJW23,4
B003VXHGPK,A2SZLNSI5KOQJT,3
B003VXHGPK,AYOMAHLWRQHUG,5
B003VXHGPK,A2D1LPEUCTNT8X,3
B003VXHGPK,A3OXRFCJI67IMN,4
B003VXHGPK,AQQLWCMRNDFGI,4
B003VXHGPK,A2KUUWP4ZZMOBP,4
B003VXHGPK,A2SZLNSI5KOQJT,4
B003VXHGPK,A26NFIQ7KWI8Y7,1
B003VXHGPK,AYOMAHLWRQHUG,5
B003VXHGPK,A35R32TA60XD57,5
B003VXHGPK,AQQLWCMRNDFGI,4
B0058AMY10,A2OEUROGZDTXUJ,5
B0058AMY10,A22PUBSSNP54L,5
B0058AMY10,AYB4ELCS5AM8P,5
B0058AMY10,A2MUGFV2TDQ47K,3
B0058AMY10,A3RMGIKUWGPZOK,5
B0058AMY10,A3PJZ8TU8FDQ1K,5
B0058AMY10,A3PJZ8TU8FDQ1K,5
B0058AMY10,A31N6KB160O508,4
B0058AMY10,A31N6KB160O508,4
B0058AMY10,A31N6KB160O508,4
B0058AMY10,A1B05INWIDZ74O,3
B0058AMY10,A1B05INWIDZ74O,5
B0058AMY10,A2OEUROGZDTXUJ,4
B0058AMY10,A38KP1POQ191WT,1
B0058AMY10,ACYR6O588USK,5
B0058AMY10,AY1EF0GOH80EK,5
B0058AMY10,A2A1XYSB692L6J,5
B0058AMY10,A3RMGIKUWGPZOK,3
B0058AMY10,A2TN9C5E4A0I3F,1
B0058AMY10,AR7TAEEUDHMUB,1
B0058AMY10,ADS5APY1NKTL4,5
B0058AMY10,A3RMGIKUWGPZOK,5
B0058AMY10,A3PJZ8TU8FDQ1K,5
B0058AMY10,A1Q7A78VSQ5GQ4,5
B0058AMY10,A2A8KWCE8RKB9T,4
B0058AMY10,A2OEUROGZDTXUJ,5
B0058AMY10,A2II09GQGWOMTQ,5
B0058AMY10,AQQLWCMRNDFGI,4
B0058AMY10,A24ZV048V7J0MT,5
B0058AMY10,A3RMGIKUWGPZOK,5
B0058AMY10,A3PJZ8TU8FDQ1K,5
B0058AMY10,A3PJZ8TU8FDQ1K,5
B0058AMY10,A2YKWYC3WQJX5J,5
B0058AMY10,AKMEY1BSHSDG7,5
B0058AMY10,ADS5APY1NKTL4,5
B0058AMY10,A3M174IC0VXOS2,5
B0058AMY10,A2OL5WLCNZVD9K,3
B000ZSX4GE,A1TMAVN4CEM8U8,5
B000ZSX4GE,A7EK88GF8N40F,5
B000ZSX4GE,A1TMAVN4CEM8U8,5
B000ZSX4GE,A1TMAVN4CEM8U8,5
B000ZSX4GE,A1TMAVN4CEM8U8,5
B000ZSX4GE,A1TMAVN4CEM8U8,5
B000ZSX4GE,A3094EPI56GKZ6,5
B000ZSX4GE,A1P2XYD265YE21,5
B000ZSX4GE,A361PLXEWB9UC1,5
B000ZSX4GE,A1TMAVN4CEM8U8,5
B000ZSX4GE,A2XNJJ9TF70P4J,1
B007PA32OE,A2TJG4N8LNJW23,4
B007PA32OE,A3PJZ8TU8FDQ1K,5
B007PA32OE,A3OXHLG6DIBRW8,5
B007PA32OE,A17HMM1M7T9PJ1,5
B007PA32OE,A3OXHLG6DIBRW8,5
B007PA32OE,A3PJZ8TU8FDQ1K,5
B007PA32OE,AQQLWCMRNDFGI,3
B003FDC2I2,A2AOD7254MCKSH,5
B003FDC2I2,A1WX42M589VAMQ,3
B003FDC2I2,A2YKWYC3WQJX5J,5
B003FDC2I2,A3EFSLEMHNPP6A,5
B003FDC2I2,A3EFSLEMHNPP6A,5
B003FDC2I2,A2AOD7254MCKSH,5
B003FDC2I2,A3LWC833HQIG7J,5
B008AV5HLS,A1IU7S4HCK1XK0,5
B008AV5HLS,A1X1CEGHTHMBL1,5
B008AV5HLS,A3PJZ8TU8FDQ1K,5
B008AV5HLS,A2MUGFV2TDQ47K,5
B008AV5HLS,A3OXHLG6DIBRW8,5
B008AV5HLS,A1ODOGXEYECQQ8,5
B008AV5HLS,A1TJT6GXDGNN8Q,4
B007TJGZ4A,A2TJG4N8LNJW23,1
B007TJGZ4A,A2SZLNSI5KOQJT,1
B007TJGZ4A,A17HMM1M7T9PJ1,4
B007TJGZ4A,A2TJG4N8LNJW23,1
B007TJGZ4A,A3NEAETOSXDBOM,5
B001EO6E0Q,A17HMM1M7T9PJ1,5
B001EO6E0Q,A1IH42TUIZ2XJL,5
B001EO6E0Q,A2FRFAQCWZJT3Q,5
B001EO6E0Q,A1HRYC60VTMYC0,4
B001EO6E0Q,A1KEK09ZA6J9P8,5
B0034EDMCW,A2AOD7254MCKSH,5
B0034EDMCW,A2C9XE9I8RSKNX,4
B0034EDMCW,A2D1LPEUCTNT8X,5
B0034EDMCW,A2158Y2U61AU9G,2
B0034EDMCW,A1WX42M589VAMQ,5
B0034EDMCW,A2TN9C5E4A0I3F,2
B003CK0XC0,A1Z54EM24Y40LL,5
B003CK0XC0,A1SO1PGDNVMLXC,5
B003CK0XC0,A2IYLMDQGBB4VG,3
B003CK0XC0,A3FY3H6F4249E0,5
B003CK0XC0,A2OWR5G2OAQF7C,4
B003CK0XC0,A1SO1PGDNVMLXC,3
B003CK0XC0,A1YUL9PCJR3JTY,3
B003CK0XC0,A1YUL9PCJR3JTY,4
B003CK0XC0,A1SO1PGDNVMLXC,5
B003CK0XC0,A3FY3H6F4249E0,5
B003CK0XC0,A1YJMG0QJXZLD4,4
B003CK0XC0,A1YUL9PCJR3JTY,5
B003CK0XC0,A3FY3H6F4249E0,5
B003CK0XC0,A3FY3H6F4249E0,5
B003CK0XC0,A281NPSIMI1C2R,5
B003CK0XC0,A1YUL9PCJR3JTY,4
B003CK0XC0,ADS5APY1NKTL4,5
B003CK0XC0,AI0NMYA3LKXW1,5
B003CK0XC0,A1UQBFCERIP7VJ,4
B004051BLS,A1P2XYD265YE21,5
B004051BLS,A35X2JJI49OBZP,4
B004051BLS,A58N07M0ZCYMB,5
B004051BLS,A3NHUQ33CFH3VM,5
B004051BLS,A1HRYC60VTMYC0,4
B004051BLS,A3MUSWDCTZINQZ,5
B004051BLS,AWKZAUC0D8DYL,5
B005CGUUJS,A33AQPJYH7UUXR,4
B005CGUUJS,A2W9B725TZBXOX,5
B005CGUUJS,A33AQPJYH7UUXR,4
B005CGUUJS,A33AQPJYH7UUXR,4
B005CGUUJS,A2W9B725TZBXOX,5
B005CGUUJS,A2DPYMNI2HCIOI,4
B000DZH19U,A2LJJ4482V9LAW,3
B000DZH19U,A1RLP0R1N8H8C4,5
B000DZH19U,A3RR2P5IS3DGPR,5
B000DZH19U,A3LWC833HQIG7J,4
B000DZH19U,A1T1YSCDW0PD25,4
B001E6K6B2,A25C2M3QF9G7OQ,4
B001E6K6B2,ANCOMAI0I7LVG,5
B001E6K6B2,A2YIO225BTKVPU,5
B001E6K6B2,A1V1EP514B5H7Y,5
B001E6K6B2,A1YJMG0QJXZLD4,3
B001E6K6B2,A19123D9G66E0O,4
B000DZH19K,A1RLP0R1N8H8C4,5
B000DZH19K,A16KK3YHCWE29C,5
B000DZH19K,A2YB7DLC3FOR7W,5
B000DZH19K,A2OWR5G2OAQF7C,5
B000DZH19K,AIEEK7AHXKZCC,5
B000DZH19K,A1080SE9X3ECK0,5
B001VJ0B0I,A17HMM1M7T9PJ1,3
B001VJ0B0I,A1RRMZKOMZ2M7J,4
B001VJ0B0I,ADLVFFE4VBT8,4
B001VJ0B0I,A1F7YU6O5RU432,4
B001VJ0B0I,A1ZPY91VE3IDN1,4
B001VJ0B0I,ALDAF4VVLFRHP,5
B001VJ0B0I,A2Y8IDC1FKGNJC,3
B001VJ0B0I,A3MDETK0D5UAIN,2
B001VJ0B0I,AKJHHD5VEH7VG,4
B001VJ0B0I,A1PI8VBCXXSGC7,4
B001VJ0B0I,A1IU7S4HCK1XK0,3
B001VJ0B0I,A3RR2P5IS3DGPR,2
B001VJ0B0I,A3OXHLG6DIBRW8,4
B001VJ0B0I,AQ6AGWKWMTY8H,3
B001VJ0B0I,AKZKG2Z7CNV27,1
B001VJ0B0I,A3D9NUCR4RXDPY,4
B001VJ0B0I,A1Q7A78VSQ5GQ4,5
B001VJ0B0I,A36MP37DITBU6F,5
B001VJ0B0I,A1QBOC76MIOJYP,3
B001VJ0B0I,A1B6O7SAIYG2N0,3
B001VJ0B0I,A2XNOB1T796Y6B,3
B001VJ0B0I,A2DPYMNI2HCIOI,3
B001VJ0B0I,A1LHAXBM5GBJS2,4
B001VJ0B0I,A1A1BM6N28X9J0,5
B001VJ0B0I,A13GZCHAMKWYBT,4
B001VJ0B0I,A1AEPMPA12GUJ7,4
B001VJ0B0I,A2R1HUYHXV7H18,4
B001VJ0B0I,A2YB7DLC3FOR7W,5
B001VJ0B0I,A29M09QBG9TZLP,5
B001VJ0B0I,A1W415JP5WEAJK,4
B001VJ0B0I,A1JMR1N9NBYJ1X,5
B001VJ0B0I,A2MUGFV2TDQ47K,2
B001VJ0B0I,A11OTLEDSW8ZXD,2
B001VJ0B0I,AWKZAUC0D8DYL,1
B001VJ0B0I,A1RLP0R1N8H8C4,3
B001VJ0B0I,APP8XWYYV4PAA,3
B001VJ0B0I,A3DOPYDOS49I3T,5
B001VJ0B0I,A2YKWYC3WQJX5J,2
B001VJ0B0I,A1YJMG0QJXZLD4,2
B001VJ0B0I,A35JP8KSV9281K,5
B001VJ0B0I,AIEEK7AHXKZCC,5
B001VJ0B0I,A1DH3QDZX8Z7GO,1
B001VJ0B0I,AK8LOFYRZJJW0,3
B001VJ0B0I,A3094EPI56GKZ6,3
B001VJ0B0I,A26LD9FQHTM8ZH,1
B001VJ0B0I,A1X2LENOF84LCQ,3
B001VJ0B0I,ARYSDAZNRXN6G,3
B001VJ0B0I,AYOMAHLWRQHUG,1
B001VJ0B0I,A2W9I628I6SE1U,3
B001VJ0B0I,AJQDIT55SZ3ZX,2
B001VJ0B0I,A100WO06OQR8BQ,3
B001VJ0B0I,AYB4ELCS5AM8P,4
B001VJ0B0I,AEL6CQNQXONBX,4
B001VJ0B0I,A2O421DTA8J0RW,4
B001VJ0B0I,A35W3JQYP0M655,4
B008JHZ150,A2W9I628I6SE1U,5
B008JHZ150,A1ODOGXEYECQQ8,5
B008JHZ150,A1F7YU6O5RU432,5
B008JHZ150,A3OXHLG6DIBRW8,5
B008JHZ150,A1UQBFCERIP7VJ,5
B008EG58V8,AWKZAUC0D8DYL,4
B008EG58V8,A3FY3H6F4249E0,3
B008EG58V8,A1H7Y5XKPGT0OS,5
B008EG58V8,A1TMAVN4CEM8U8,4
B008EG58V8,A1YJMG0QJXZLD4,3
B008EG58V8,A13WOT3RSXKRD5,5
B008EG58V8,A1LHAXBM5GBJS2,4
B008EG58V8,A2W9I628I6SE1U,4
B001AHJ2FQ,APP8XWYYV4PAA,4
B001AHJ2FQ,A2FRFAQCWZJT3Q,5
B001AHJ2FQ,A1X2LENOF84LCQ,4
B001AHJ2FQ,A1ODOGXEYECQQ8,5
B001AHJ2FQ,A25C2M3QF9G7OQ,5
B001AHJ2FQ,A3EFSLEMHNPP6A,5
B001AHJ2FQ,A2MSQNPTNAAGL1,5
B001AHJ2FQ,A2FRFAQCWZJT3Q,5
B001AHJ2FQ,AQLL2R1PPR46X,5
B001AHJ2FQ,A2B8GXSCB1R05T,3
B001AHJ2FQ,A2MNB77YGJ3CN0,5
B001AHJ2FQ,AT9U5ZE5OO84C,5
B001AHJ2FQ,AT9U5ZE5OO84C,5
B001AHJ2FQ,A2Y8IDC1FKGNJC,5
B001AHJ2FQ,A17V9XL4CWTQ6G,5
B001AHJ2FQ,A1GQAKL9CGQLP1,5
B001AHJ2FQ,A3VKBFC5K2INR4,5
B001AHJ2FQ,ACYR6O588USK,5
B001AHJ2FQ,A1LZJZIHUPLDV4,5
B001AHJ2FQ,AWKZAUC0D8DYL,5
B001AHJ2FQ,A2TO2BN3P4C00L,3
B001AHJ2FQ,A1LZJZIHUPLDV4,5
B001AHJ2FQ,A2R1HUYHXV7H18,5
B005K4Q4KG,AKJHHD5VEH7VG,3
B005K4Q4KG,A3OXHLG6DIBRW8,5
B005K4Q4KG,A3OXHLG6DIBRW8,5
B005K4Q4KG,A35R32TA60XD57,1
B005K4Q4KG,A2YHXAZLCLDT8D,5
B0029JB0CW,A24ZV048V7J0MT,4
B0029JB0CW,A35LT14WG5BX0T,5
B0029JB0CW,A36WGHR8TO5DKT,4
B0029JB0CW,AZV26LP92E6WU,5
B0029JB0CW,AYB4ELCS5AM8P,5
B0029JB0CW,ABDCYK04CL6O4,5
B000EQT4MA,APP8XWYYV4PAA,5
B000EQT4MA,ACAIEIV03NBHY,4
B000EQT4MA,A106ZCP7RSXMRU,5
B000EQT4MA,A16KK3YHCWE29C,5
B000EQT4MA,AQQLWCMRNDFGI,3
B000EQT4MA,A3VKBFC5K2INR4,5
B000EQT4MA,A1LZJZIHUPLDV4,5
B000EQT4MA,A36MP37DITBU6F,5
B000EQT4MA,A16KK3YHCWE29C,5
B000EQT4MA,A106ZCP7RSXMRU,5
B000EQT4MA,A17GK9E70O7Y9R,4
B000EQT4MA,A2A8KWCE8RKB9T,5
B0029JLRK2,A24ZV048V7J0MT,4
B0029JLRK2,A35LT14WG5BX0T,5
B0029JLRK2,A36WGHR8TO5DKT,4
B0029JLRK2,AZV26LP92E6WU,5
B0029JLRK2,AYB4ELCS5AM8P,5
B0029JLRK2,ABDCYK04CL6O4,5
B0029XDZKI,A2TJG4N8LNJW23,1
B0029XDZKI,A2SZLNSI5KOQJT,1
B0029XDZKI,A17HMM1M7T9PJ1,4
B0029XDZKI,A2TJG4N8LNJW23,1
B0029XDZKI,A3NEAETOSXDBOM,5
B001O023FK,A2E3WMF9RWW2X2,5
B001O023FK,A2B8GXSCB1R05T,5
B001O023FK,A1YUL9PCJR3JTY,5
B001O023FK,A1YUL9PCJR3JTY,5
B001O023FK,A13HRSMJ5TOWEZ,5
B001O023FK,A281NPSIMI1C2R,5
B001O023FK,A1AEQZM99LO9VA,3
B001O023FK,A2B8GXSCB1R05T,5
B002D4DY8G,A1UQBFCERIP7VJ,3
B002D4DY8G,A1HRYC60VTMYC0,4
B002D4DY8G,A2TO2BN3P4C00L,4
B002D4DY8G,A1H7Y5XKPGT0OS,5
B002D4DY8G,A3FKGKUCI3DG9U,1
B002D4DY8G,A13MKSASQ6YWL7,2
B002D4DY8G,A2SZLNSI5KOQJT,3
B002D4DY8G,A2W9I628I6SE1U,4
B002D4DY8G,A1AEPMPA12GUJ7,4
B002D4DY8G,ACAXV4V8PBCE3,2
B002D4DY8G,A1KEK09ZA6J9P8,5
B002D4DY8G,A16WPA6JV83YXT,1
B002D4DY8G,A3HPCRD9RX351S,4
B002D4DY8G,AWKZAUC0D8DYL,5
B002D4DY8G,ACYR6O588USK,5
B002D4DY8G,A33AQPJYH7UUXR,4
B002D4DY8G,A1LHAXBM5GBJS2,3
B002D4DY8G,A3EFSLEMHNPP6A,2
B002D4DY8G,AT9U5ZE5OO84C,5
B0029NIGMA,A3GGXJD0BMJ2W3,4
B0029NIGMA,A3GGXJD0BMJ2W3,4
B0029NIGMA,A20OQMLRFNZADL,4
B0029NIGMA,A1Z4LX3Q1YMF84,4
B0029NIGMA,A1QBOC76MIOJYP,5
B0029NIGMA,A3GGXJD0BMJ2W3,4
B002ZJSS8A,A3M8R4JD1SIS76,5
B002ZJSS8A,A2R6RA8FRBS608,5
B002ZJSS8A,A2YB7DLC3FOR7W,5
B002ZJSS8A,A3DOPYDOS49I3T,4
B002ZJSS8A,A26HFSVLAGULIM,4
B002ZJSS8A,A3M174IC0VXOS2,5
B003M5TG28,A3TVZM3ZIXG8YW,1
B003M5TG28,A3TVZM3ZIXG8YW,1
B003M5TG28,A36JDIN9RAAIEC,5
B003M5TG28,A3TVZM3ZIXG8YW,1
B003M5TG28,A3TVZM3ZIXG8YW,1
B003M5TG28,A3TVZM3ZIXG8YW,1
B003M5TG28,A3TVZM3ZIXG8YW,1
B003M5TG28,A36JDIN9RAAIEC,5
B003M5TG28,A36JDIN9RAAIEC,5
B003M5TG28,A3TVZM3ZIXG8YW,1
B003M5TG28,A20OQMLRFNZADL,4
B003M5TG28,A1HRYC60VTMYC0,5
B003M5TG28,A2VUD4SPJO4V33,1
B003M5TG28,A3TVZM3ZIXG8YW,1
B003M5TG28,A3TVZM3ZIXG8YW,1
B003M5TG28,A3TVZM3ZIXG8YW,1
B000EOXQS0,A2M9D9BDHONV3Y,1
B000EOXQS0,A2XNJJ9TF70P4J,4
B000EOXQS0,A58N07M0ZCYMB,5
B000EOXQS0,A11ED8O95W2103,5
B000EOXQS0,A2XNJJ9TF70P4J,5
B004T3QMD8,AT9U5ZE5OO84C,5
B004T3QMD8,AK7CAW3N1XZV6,4
B004T3QMD8,A9NXTC0HTPSDO,5
B004T3QMD8,A13GZCHAMKWYBT,3
B004T3QMD8,A2OL5WLCNZVD9K,4
B004T3QMD8,A1Z54EM24Y40LL,5
B004T3QMD8,ACAXV4V8PBCE3,4
B004T3QMD8,A35JP8KSV9281K,2
B004T3QMD8,A3UUTDX2WNVUS3,5
B004T3QMD8,A16WPA6JV83YXT,4
B004T3QMD8,AQLL2R1PPR46X,3
B004TPKAN4,A2TO2BN3P4C00L,3
B004TPKAN4,A35JP8KSV9281K,5
B004TPKAN4,A7EK88GF8N40F,3
B004TPKAN4,A1H7Y5XKPGT0OS,3
B004TPKAN4,A3PD8JD9L4WEII,4
B004TPKAN4,A1RLP0R1N8H8C4,4
B004TPKAN4,A1B05INWIDZ74O,4
B004TPKAN4,A281NPSIMI1C2R,5
B004TPKAN4,A3NEAETOSXDBOM,5
B004TPKAN4,A2FRFAQCWZJT3Q,5
B004TPKAN4,A2MSQNPTNAAGL1,5
B004TPKAN4,ACAXV4V8PBCE3,5
B004TPKAN4,A3FKGKUCI3DG9U,4
B004TPKAN4,AQLL2R1PPR46X,3
B004TPKAN4,A2582KMXLK2P06,3
B001LGGH54,A13MKSASQ6YWL7,3
B001LGGH54,ACAXV4V8PBCE3,2
B001LGGH54,A3D9NUCR4RXDPY,4
B001LGGH54,A2YKWYC3WQJX5J,4
B001LGGH54,A3MDETK0D5UAIN,2
B001LGGH54,A1AEPMPA12GUJ7,4
B001LGGH54,A1RRMZKOMZ2M7J,4
B001LGGH54,A16AXQ11SZA8SQ,2
B001LGGH54,AF3BYMPWKWO8F,2
B001LGGH54,A1SCANWWQTEG9I,3
B001LGGH54,AWKZAUC0D8DYL,5
B001LGGH54,A1JMR1N9NBYJ1X,5
B001LGGH54,A1B05INWIDZ74O,3
B001LGGH54,A1H7Y5XKPGT0OS,3
B001LGGH54,A2MSQNPTNAAGL1,5
B001LGGH54,A2R1HUYHXV7H18,5
B001LGGH54,A1B6O7SAIYG2N0,2
B001LGGH54,ACYR6O588USK,5
B001LGGH54,A2M9D9BDHONV3Y,1
B001LGGH54,A1P2XYD265YE21,5
B001LGGH54,A2MNB77YGJ3CN0,3
B001LGGH54,A353U0L2HAMSHV,2
B001LGGH54,A3DOPYDOS49I3T,5
B006Q7YG56,A1IH42TUIZ2XJL,1
B006Q7YG56,A9NXTC0HTPSDO,3
B006Q7YG56,A3DOPYDOS49I3T,5
B006Q7YG56,A35X2JJI49OBZP,4
B006Q7YG56,A58N07M0ZCYMB,5
B006Q7YG56,A3FKGKUCI3DG9U,3
B006Q7YG56,A35LT14WG5BX0T,2
B006Q7YG56,APP8XWYYV4PAA,5
B006Q7YG56,A3LWC833HQIG7J,5
B006Q7YG56,A3D9NUCR4RXDPY,1
B006Q7YG56,ARYSDAZNRXN6G,5
B006Q7YG56,A1RLP0R1N8H8C4,3
B0029NII3C,A3GGXJD0BMJ2W3,4
B0029NII3C,A3GGXJD0BMJ2W3,4
B0029NII3C,A20OQMLRFNZADL,4
B0029NII3C,A1Z4LX3Q1YMF84,4
B0029NII3C,A1QBOC76MIOJYP,5
B0029NII3C,A3GGXJD0BMJ2W3,4
B001NXHY8Y,A20P8VC55KPPCT,5
B001NXHY8Y,A20P8VC55KPPCT,5
B001NXHY8Y,A20P8VC55KPPCT,5
B001NXHY8Y,A3LWC833HQIG7J,5
B001NXHY8Y,A4DTM6B4IBYQX,5
B004WSBZAA,A3MZNRSDQ32UUH,5
B004WSBZAA,A9NXTC0HTPSDO,4
B004WSBZAA,A1JMR1N9NBYJ1X,4
B004WSBZAA,A35LT14WG5BX0T,4
B004WSBZAA,A2Y8IDC1FKGNJC,4
B004WSBZAA,A1LHAXBM5GBJS2,4
B004DOXI9O,AT9U5ZE5OO84C,2
B004DOXI9O,AK7CAW3N1XZV6,3
B004DOXI9O,AWKZAUC0D8DYL,5
B004DOXI9O,A58N07M0ZCYMB,4
B004DOXI9O,A1RRMZKOMZ2M7J,1
B001SITYJ6,A2Y4S4CNGKF21S,3
B001SITYJ6,A1YP5WLIHGG136,4
B001SITYJ6,A2II09GQGWOMTQ,5
B001SITYJ6,A370Z6I5GBWU44,4
B001SITYJ6,A250AXLRBVYKB4,5
B004JRMG98,AEL6CQNQXONBX,3
B004JRMG98,AQLL2R1PPR46X,3
B004JRMG98,A1B05INWIDZ74O,3
B004JRMG98,A3F3B1JPACN215,4
B004JRMG98,A2O421DTA8J0RW,3
B004JRMG98,A1H7Y5XKPGT0OS,5
B004JRMG98,AEC90GPFKLAAW,3
B004JRMG98,A1SCANWWQTEG9I,3
B004JRMG98,A2II09GQGWOMTQ,1
B004JRMG98,A2B8GXSCB1R05T,3
B004JRMG98,A3OXHLG6DIBRW8,4
B004JRMG98,A13WOT3RSXKRD5,5
B004JRMG98,A3FKGKUCI3DG9U,4
B004JRMG98,AWKZAUC0D8DYL,3
B004JRMG98,A16WPA6JV83YXT,5
B004JRMG98,A35JP8KSV9281K,2
B004JRMG98,A3LWC833HQIG7J,4
B004JRMG98,A2MSQNPTNAAGL1,3
B005GIF5UQ,A22CW0ZHY3NJH8,4
B005GIF5UQ,A1I85Y08VRZ32Q,5
B005GIF5UQ,A1I85Y08VRZ32Q,5
B005GIF5UQ,A1PI8VBCXXSGC7,5
B005GIF5UQ,ATJN4KEHJBOC8,3
B005GIF5UQ,A1I85Y08VRZ32Q,3
B005GIF5UQ,AY12DBB0U420B,5
B005GIF5UQ,ALDAF4VVLFRHP,5
B0029NVJX8,A22CW0ZHY3NJH8,4
B0029NVJX8,A1I85Y08VRZ32Q,5
B0029NVJX8,A1I85Y08VRZ32Q,5
B0029NVJX8,A1PI8VBCXXSGC7,5
B0029NVJX8,ATJN4KEHJBOC8,3
B0029NVJX8,A1I85Y08VRZ32Q,3
B0029NVJX8,AY12DBB0U420B,5
B0029NVJX8,ALDAF4VVLFRHP,5
B003JA5KBW,A1X2LENOF84LCQ,2
B003JA5KBW,AEC90GPFKLAAW,4
B003JA5KBW,A1SCANWWQTEG9I,1
B003JA5KBW,ANCOMAI0I7LVG,2
B003JA5KBW,AF3BYMPWKWO8F,1
B003JA5KBW,ALSAOZ1V546VT,5
B003JA5KBW,ALDAF4VVLFRHP,4
B003JA5KBW,A1ZH9LWMX5UCFJ,3
B003JA5KBW,A175N19FS2B4J,2
B003JA5KBW,A2G7B7FKP2O2PU,4
B003JA5KBW,AYOMAHLWRQHUG,1
B003JA5KBW,ACAXV4V8PBCE3,5
B0029NGY4M,A3GGXJD0BMJ2W3,4
B0029NGY4M,A3GGXJD0BMJ2W3,4
B0029NGY4M,A20OQMLRFNZADL,4
B0029NGY4M,A1Z4LX3Q1YMF84,4
B0029NGY4M,A1QBOC76MIOJYP,5
B0029NGY4M,A3GGXJD0BMJ2W3,4
B002TSA91Q,A1RRMZKOMZ2M7J,4
B002TSA91Q,A35JP8KSV9281K,5
B002TSA91Q,A2YKWYC3WQJX5J,5
B002TSA91Q,ANCOMAI0I7LVG,4
B002TSA91Q,AK8LOFYRZJJW0,2
B002TSA91Q,A9NXTC0HTPSDO,3
B0029NLV8G,A3GGXJD0BMJ2W3,4
B0029NLV8G,A3GGXJD0BMJ2W3,4
B0029NLV8G,A20OQMLRFNZADL,4
B0029NLV8G,A1Z4LX3Q1YMF84,4
B0029NLV8G,A1QBOC76MIOJYP,5
B0029NLV8G,A3GGXJD0BMJ2W3,4
B002TSA91G,A1RRMZKOMZ2M7J,4
B002TSA91G,A35JP8KSV9281K,5
B002TSA91G,A2YKWYC3WQJX5J,5
B002TSA91G,ANCOMAI0I7LVG,4
B002TSA91G,AK8LOFYRZJJW0,2
B002TSA91G,A9NXTC0HTPSDO,3
B000H7LVKY,A3D9NUCR4RXDPY,5
B000H7LVKY,A33AQPJYH7UUXR,5
B000H7LVKY,A2MUGFV2TDQ47K,3
B000H7LVKY,A16KK3YHCWE29C,5
B000H7LVKY,A1UQBFCERIP7VJ,5
B000H7LVKY,A3UUTDX2WNVUS3,5
B000H7LVKY,A1WOMXOEX90ARI,5
B000H7LVKY,A3PJZ8TU8FDQ1K,5
B000H7LVKY,A100WO06OQR8BQ,5
B000H7LVKY,A1LZJZIHUPLDV4,5
B000H7LVKY,ATJN4KEHJBOC8,5
B000H7LVKY,A3NHUQ33CFH3VM,5
B000H7LVKY,A37MH7ICH80QOX,5
B000H7LVKY,A1I85Y08VRZ32Q,4
B000NMJWZO,AY1EF0GOH80EK,5
B000NMJWZO,A2582KMXLK2P06,5
B000NMJWZO,AIEEK7AHXKZCC,5
B000NMJWZO,A2PNOU7NXB1JE4,5
B000NMJWZO,AJQDIT55SZ3ZX,5
B000NMJWZO,A2Y8IDC1FKGNJC,5
B000NMJWZO,AXO4PQU0XG3TG,3
B000G2UUOS,A17GK9E70O7Y9R,5
B000G2UUOS,A2LJJ4482V9LAW,3
B000G2UUOS,A2XNOB1T796Y6B,5
B000G2UUOS,A3OXHLG6DIBRW8,5
B000G2UUOS,A1ZH9LWMX5UCFJ,5
B000G2UUOS,A3QA0BBQW08DLZ,4
B000G2UUOS,A3V1A3C9DTLPME,5
B000LKXCD6,AWKZAUC0D8DYL,5
B000LKXCD6,A2LJJ4482V9LAW,2
B000LKXCD6,A22PUBSSNP54L,5
B000LKXCD6,A3OXHLG6DIBRW8,5
B000LKXCD6,A1YP5WLIHGG136,5
B001E5E25Y,A16KK3YHCWE29C,3
B001E5E25Y,A1YUL9PCJR3JTY,4
B001E5E25Y,AXO4PQU0XG3TG,4
B001E5E25Y,A3MUSWDCTZINQZ,5
B001E5E25Y,A1LZJZIHUPLDV4,5
B001E5E25Y,A1YUL9PCJR3JTY,4
B001E5E25Y,A2FRFAQCWZJT3Q,5
B001E5E25Y,A1LZJZIHUPLDV4,5
B001E5E25Y,A16KK3YHCWE29C,3
B002OFZM8O,A2Y4S4CNGKF21S,3
B002OFZM8O,A1YP5WLIHGG136,4
B002OFZM8O,A2II09GQGWOMTQ,5
B002OFZM8O,A370Z6I5GBWU44,4
B002OFZM8O,A250AXLRBVYKB4,5
B0029JIBAG,A24ZV048V7J0MT,4
B0029JIBAG,A35LT14WG5BX0T,5
B0029JIBAG,A36WGHR8TO5DKT,4
B0029JIBAG,AZV26LP92E6WU,5
B0029JIBAG,AYB4ELCS5AM8P,5
B0029JIBAG,ABDCYK04CL6O4,5
B000G80R6S,A3OXHLG6DIBRW8,5
B000G80R6S,A2YIO225BTKVPU,4
B000G80R6S,A3UUTDX2WNVUS3,5
B000G80R6S,A3BH49ZKESHDID,5
B000G80R6S,A1ZH9LWMX5UCFJ,5
B000G80R6S,A2YIO225BTKVPU,5
B0002XAFTG,A29JUMRL1US6YP,5
B0002XAFTG,A3QA0BBQW08DLZ,5
B0002XAFTG,A29JUMRL1US6YP,5
B0002XAFTG,A383XURHVF8ON6,5
B0002XAFTG,A100WO06OQR8BQ,1
B001E96JZG,A3D9NUCR4RXDPY,4
B001E96JZG,A2GEZJHBV92EVR,5
B001E96JZG,AKJHHD5VEH7VG,5
B001E96JZG,A3M8R4JD1SIS76,4
B001E96JZG,AT9U5ZE5OO84C,4
B001E96JZG,A1H7Y5XKPGT0OS,2
B004BKLHOS,A1N5FSCYN4796F,5
B004BKLHOS,A35JP8KSV9281K,4
B004BKLHOS,A1GYEGLX3P2Y7P,5
B004BKLHOS,A281NPSIMI1C2R,3
B004BKLHOS,A3MDETK0D5UAIN,4
B004BKLHOS,A7EK88GF8N40F,5
B004BKLHOS,A3FKGKUCI3DG9U,5
B004BKLHOS,A1YJMG0QJXZLD4,5
B004BKLHOS,A2MNB77YGJ3CN0,4
B004BKLHOS,A35W3JQYP0M655,3
B004BKLHOS,A2FRFAQCWZJT3Q,5
B004BKLHOS,A2G7B7FKP2O2PU,5
B004BKLHOS,AWKZAUC0D8DYL,5
B004BKLHOS,ADS5APY1NKTL4,5
B004BKLHOS,AKMEY1BSHSDG7,5
B004BKLHOS,A3D9NUCR4RXDPY,3
B004BKLHOS,A2XNOB1T796Y6B,3
B004BKLHOS,A16WPA6JV83YXT,5
B004BKLHOS,A37MH7ICH80QOX,5
B004BKLHOS,A1ZH9LWMX5UCFJ,4
B004BKLHOS,A3M8R4JD1SIS76,5
B004BKLHOS,A2TO2BN3P4C00L,3
B002YR97J2,A2YMCPP3KW9IXU,5
B002YR97J2,AYGJ96W5KQMUJ,5
B002YR97J2,A2MUGFV2TDQ47K,5
B002YR97J2,A3V1A3C9DTLPME,5
B002YR97J2,AIQDUKFB4X38M,3
B0040K41MY,ACAXV4V8PBCE3,5
B0040K41MY,A3FKGKUCI3DG9U,2
B0040K41MY,A35W3JQYP0M655,2
B0040K41MY,AY1EF0GOH80EK,3
B0040K41MY,A3D9NUCR4RXDPY,3
B0040K41MY,A1AEPMPA12GUJ7,4
B0040K41MY,A1B05INWIDZ74O,4
B0040K41MY,A1KEK09ZA6J9P8,3
B0040K41MY,A1HRYC60VTMYC0,4
B0040K41MY,A7EK88GF8N40F,3
B0040K41MY,A1N5FSCYN4796F,4
B0040K41MY,A3MZNRSDQ32UUH,5
B0040K41MY,ANCOMAI0I7LVG,5
B0040K41MY,A1RLP0R1N8H8C4,3
B0040K41MY,A58N07M0ZCYMB,4
B0040K41MY,A3HPCRD9RX351S,4
B0040K41MY,AWKZAUC0D8DYL,5
B0040K41MY,A1H7Y5XKPGT0OS,2
B004SRFYMK,A1DH3QDZX8Z7GO,3
B004SRFYMK,AY1EF0GOH80EK,5
B004SRFYMK,A1WX42M589VAMQ,1
B004SRFYMK,AY12DBB0U420B,4
B004SRFYMK,A3QNQQKJTL76H0,1
B004SRFYMK,A2AOD7254MCKSH,4
B004SRFYMK,A3094EPI56GKZ6,4
B004SRFYMK,A2YHXAZLCLDT8D,1
B004SRFYMK,AY12DBB0U420B,3
B004SRFYMK,AY1EF0GOH80EK,5
B0029NJ2IC,A2T5VEAFT6PUH3,4
B0029NJ2IC,A2T5VEAFT6PUH3,4
B0029NJ2IC,A2T5VEAFT6PUH3,4
B0029NJ2IC,A2T5VEAFT6PUH3,5
B0029NJ2IC,A2T5VEAFT6PUH3,5
B007PA33NY,A3OXRFCJI67IMN,5
B007PA33NY,A35JP8KSV9281K,5
B007PA33NY,A19123D9G66E0O,4
B007PA33NY,AYOMAHLWRQHUG,5
B007PA33NY,A2KUUWP4ZZMOBP,2
B007PA33NY,A3OXHLG6DIBRW8,5
B005VOONI0,AIEEK7AHXKZCC,5
B005VOONI0,A2OL5WLCNZVD9K,5
B005VOONI0,ADS5APY1NKTL4,5
B005VOONI0,A3R9H6OKZHHRJD,3
B005VOONI0,AEL6CQNQXONBX,5
B005VOONI0,A16WPA6JV83YXT,3
B005VOONI0,A26LD9FQHTM8ZH,4
B005VOONI0,A1P2XYD265YE21,5
B005VOONI0,AT9U5ZE5OO84C,5
B005VOONI0,A1JMR1N9NBYJ1X,5
B005VOONI0,A100WO06OQR8BQ,2
B005VOONI0,A1ONZ8JRPLBNUI,5
B005VOONI0,A1IH42TUIZ2XJL,4
B005VOONI0,A2R1HUYHXV7H18,4
B005VOONI0,A1AEPMPA12GUJ7,4
B005VOONI0,AMRMK86X3PKXD,5
B005VOONI0,A2Y8IDC1FKGNJC,5
B005VOONI0,A2FRFAQCWZJT3Q,5
B005VOONI0,ACAXV4V8PBCE3,4
B005VOONI0,A2XNOB1T796Y6B,4
B005VOONI0,A1A1BM6N28X9J0,4
B005VOONI0,A13WOT3RSXKRD5,4
B005VOONI0,A29M09QBG9TZLP,4
B005VOONI0,A1LHAXBM5GBJS2,3
B005VOONI0,A1H7Y5XKPGT0OS,4
B005VOONI0,ANCOMAI0I7LVG,3
B005VOONI0,A35JP8KSV9281K,5
B005VOONI0,A175N19FS2B4J,4
B005VOONI0,A1B6O7SAIYG2N0,4
B005VOONI0,ARYSDAZNRXN6G,5
B005VOONI0,A3M8R4JD1SIS76,5
B005VOONI0,A1HRYC60VTMYC0,5
B005VOONI0,A3FKGKUCI3DG9U,4
B000VK8AVK,A2LJJ4482V9LAW,5
B000VK8AVK,A2YB7DLC3FOR7W,5
B000VK8AVK,A17V9XL4CWTQ6G,5
B000VK8AVK,A2MNB77YGJ3CN0,5
B000VK8AVK,A3T0OTH5072YRE,3
B000VK8AVK,A2NOW4U7W3F7RI,5
B000VK8AVK,A1PI8VBCXXSGC7,4
B000VK8AVK,A24ZV048V7J0MT,3
B000VK8AVK,A3AZI828WJN1CD,3
B000VK8AVK,A13MKSASQ6YWL7,3
B000VK8AVK,ALL9XFM0Q1N4E,5
B000VK8AVK,A3BBC8E7QT7N9I,4
B000VK8AVK,A1ZH9LWMX5UCFJ,5
B000VK8AVK,A3HPCRD9RX351S,5
B000VK8AVK,A13K3ZLWAWN1EI,4
B000VK8AVK,A3QNQQKJTL76H0,5
B000VK8AVK,A3V1A3C9DTLPME,5
B000VK8AVK,A1GYEGLX3P2Y7P,4
B000VK8AVK,A2SZLNSI5KOQJT,4
B000WFKI82,A29JUMRL1US6YP,5
B000WFKI82,A58N07M0ZCYMB,5
B000WFKI82,A2FRFAQCWZJT3Q,3
B000WFKI82,A29JUMRL1US6YP,5
B000WFKI82,A29JUMRL1US6YP,5
B000WFKI82,A29JUMRL1US6YP,5
B000WFKI82,A29JUMRL1US6YP,5
B000WFKI82,A29JUMRL1US6YP,5
B000WFKI82,A29JUMRL1US6YP,5
B000WFKI82,A29JUMRL1US6YP,5
B000WFKI82,A29JUMRL1US6YP,5
B000WFKI82,A29JUMRL1US6YP,5
B000WFKI82,A29JUMRL1US6YP,5
B00311T538,A3OXRFCJI67IMN,5
B00311T538,AKMEY1BSHSDG7,5
B00311T538,A1X2LENOF84LCQ,3
B00311T538,A1KEK09ZA6J9P8,5
B00311T538,AEC90GPFKLAAW,4
B00311T538,A1Q7A78VSQ5GQ4,5
B001BLXRPC,APP8XWYYV4PAA,5
B001BLXRPC,ACAIEIV03NBHY,4
B001BLXRPC,A106ZCP7RSXMRU,5
B001BLXRPC,A16KK3YHCWE29C,5
B001BLXRPC,AQQLWCMRNDFGI,3
B001BLXRPC,A3VKBFC5K2INR4,5
B001BLXRPC,A1LZJZIHUPLDV4,5
B001BLXRPC,A36MP37DITBU6F,5
B001BLXRPC,A16KK3YHCWE29C,5
B001BLXRPC,A106ZCP7RSXMRU,5
B001BLXRPC,A17GK9E70O7Y9R,4
B001BLXRPC,A2A8KWCE8RKB9T,5
B005OVPKCI,AWKZAUC0D8DYL,4
B005OVPKCI,A3FY3H6F4249E0,3
B005OVPKCI,A1H7Y5XKPGT0OS,5
B005OVPKCI,A1TMAVN4CEM8U8,4
B005OVPKCI,A1YJMG0QJXZLD4,3
B005OVPKCI,A13WOT3RSXKRD5,5
B005OVPKCI,A1LHAXBM5GBJS2,4
B005OVPKCI,A2W9I628I6SE1U,4
B002R8SLUY,A35TIC6B8MVKWG,4
B002R8SLUY,ACAIEIV03NBHY,5
B002R8SLUY,A16AXQ11SZA8SQ,5
B002R8SLUY,ACAIEIV03NBHY,5
B002R8SLUY,ACAIEIV03NBHY,5
B002R8SLUY,A26LD9FQHTM8ZH,4
B007RTR9DS,A2R1HUYHXV7H18,4
B007RTR9DS,A1A1BM6N28X9J0,4
B007RTR9DS,A3094EPI56GKZ6,4
B007RTR9DS,A2YKWYC3WQJX5J,4
B007RTR9DS,AKJHHD5VEH7VG,2
B007RTR9DS,A1HRYC60VTMYC0,3
B007RTR9DS,A2B8GXSCB1R05T,2
B007RTR9DS,A3MDETK0D5UAIN,2
B007RTR9DS,A1V1EP514B5H7Y,1
B007RTR9DS,A1B05INWIDZ74O,3
B007RTR9DS,A2MSQNPTNAAGL1,5
B007RTR9DS,A353U0L2HAMSHV,4
B007RTR9DS,A36MP37DITBU6F,4
B007RTR9DS,A2Y8IDC1FKGNJC,1
B007RTR9DS,A3MUSWDCTZINQZ,4
B007RTR9DS,ARYSDAZNRXN6G,2
B007RTR9DS,AIEEK7AHXKZCC,1
B007RTR9DS,A1IH42TUIZ2XJL,4
B007RTR9DS,A2MUGFV2TDQ47K,4
B007RTR9DS,A2W9I628I6SE1U,3
B007RTR9DS,A100WO06OQR8BQ,1
B007RTR9DS,A3QNQQKJTL76H0,3
B007RTR9DS,A1ODOGXEYECQQ8,2
B007RTR9DS,A1ONZ8JRPLBNUI,5
B007RTR8A2,AJQDIT55SZ3ZX,5
B007RTR8A2,A3D9NUCR4RXDPY,1
B007RTR8A2,AIEEK7AHXKZCC,5
B007RTR8A2,AEL6CQNQXONBX,5
B007RTR8A2,A22CW0ZHY3NJH8,4
B007RTR8A2,A1GYEGLX3P2Y7P,4
B007RTR8A2,A1QBOC76MIOJYP,3
B007RTR8A2,A1F7YU6O5RU432,4
B007RTR8A2,A1W415JP5WEAJK,5
B007RTR8A2,AQ6AGWKWMTY8H,4
B007RTR8A2,ALDAF4VVLFRHP,5
B007RTR8A2,A25C2M3QF9G7OQ,5
B007RTR8A2,A1DH3QDZX8Z7GO,4
B007RTR8A2,A11OTLEDSW8ZXD,5
B007RTR8A2,AEC90GPFKLAAW,4
B007RTR8A2,A1B05INWIDZ74O,4
B007RTR8A2,A3MUSWDCTZINQZ,4
B001F0RJNA,A24ZV048V7J0MT,4
B001F0RJNA,A35LT14WG5BX0T,5
B001F0RJNA,A36WGHR8TO5DKT,4
B001F0RJNA,AZV26LP92E6WU,5
B001F0RJNA,AYB4ELCS5AM8P,5
B001F0RJNA,ABDCYK04CL6O4,5
B0051COPH6,AYOMAHLWRQHUG,4
B0051COPH6,A3F3B1JPACN215,4
B0051COPH6,A35LT14WG5BX0T,5
B0051COPH6,AK8LOFYRZJJW0,5
B0051COPH6,A353U0L2HAMSHV,4
B0051COPH6,A2W9I628I6SE1U,5
B0051COPH6,A29M09QBG9TZLP,5
B0051COPH6,A1B6O7SAIYG2N0,5
B0051COPH6,A3QNQQKJTL76H0,4
B0051COPH6,A3MDETK0D5UAIN,5
B0051COPH6,AWKZAUC0D8DYL,4
B0051COPH6,A1ZPY91VE3IDN1,5
B0051COPH6,A2YB7DLC3FOR7W,5
B0051COPH6,A1W415JP5WEAJK,4
B0051COPH6,A1YJMG0QJXZLD4,5
B0051COPH6,A1UQBFCERIP7VJ,4
B0051COPH6,A3RR2P5IS3DGPR,5
B0051COPH6,AIEEK7AHXKZCC,5
B0051COPH6,ANCOMAI0I7LVG,4
B0051COPH6,A3DOPYDOS49I3T,5
B0051COPH6,AY1EF0GOH80EK,5
B0051COPH6,A2DPYMNI2HCIOI,4
B0051COPH6,A17HMM1M7T9PJ1,5
B0051COPH6,A3PJZ8TU8FDQ1K,5
B0051COPH6,A9NXTC0HTPSDO,5
B0051COPH6,A2MUGFV2TDQ47K,4
B0051COPH6,A2KIVODZRTGY4U,5
B0051COPH6,A1HRYC60VTMYC0,3
B0051COPH6,A1A1BM6N28X9J0,4
B0051COPH6,AXO4PQU0XG3TG,4
B0051COPH6,A1PI8VBCXXSGC7,5
B0051COPH6,ADLVFFE4VBT8,5
B0051COPH6,A1P2XYD265YE21,5
B0051COPH6,AKJHHD5VEH7VG,4
B0051COPH6,A1RLP0R1N8H8C4,5
B0051COPH6,A3HPCRD9RX351S,5
B0051COPH6,A36MP37DITBU6F,5
B0051COPH6,A1JMR1N9NBYJ1X,3
B0051COPH6,A1AEPMPA12GUJ7,4
B0051COPH6,A1X2LENOF84LCQ,4
B008GRIB0A,A1T1YSCDW0PD25,3
B008GRIB0A,A2SZLNSI5KOQJT,5
B008GRIB0A,A1T1YSCDW0PD25,4
B008GRIB0A,A1GYEGLX3P2Y7P,4
B008GRIB0A,A3OXHLG6DIBRW8,3
B008GRIB0A,A1IH42TUIZ2XJL,1
B008GRIB0A,A3PJZ8TU8FDQ1K,5
B008GRIB0A,A2KUUWP4ZZMOBP,5
B008GRIB0A,A2TJG4N8LNJW23,4
B002OG1NUO,A2Y4S4CNGKF21S,3
B002OG1NUO,A1YP5WLIHGG136,4
B002OG1NUO,A2II09GQGWOMTQ,5
B002OG1NUO,A370Z6I5GBWU44,4
B002OG1NUO,A250AXLRBVYKB4,5
B006Q7YG24,A1IH42TUIZ2XJL,1
B006Q7YG24,A9NXTC0HTPSDO,3
B006Q7YG24,A3DOPYDOS49I3T,5
B006Q7YG24,A35X2JJI49OBZP,4
B006Q7YG24,A58N07M0ZCYMB,5
B006Q7YG24,A3FKGKUCI3DG9U,3
B006Q7YG24,A35LT14WG5BX0T,2
B006Q7YG24,APP8XWYYV4PAA,5
B006Q7YG24,A3LWC833HQIG7J,5
B006Q7YG24,A3D9NUCR4RXDPY,1
B006Q7YG24,ARYSDAZNRXN6G,5
B006Q7YG24,A1RLP0R1N8H8C4,3
B007JT7AEY,AQ6AGWKWMTY8H,5
B007JT7AEY,AEL6CQNQXONBX,4
B007JT7AEY,A1F7YU6O5RU432,4
B007JT7AEY,A3OXHLG6DIBRW8,4
B007JT7AEY,A2W9I628I6SE1U,5
B007JT7AEY,A100WO06OQR8BQ,5
B007JT7AEY,A2Y8IDC1FKGNJC,3
B001FA1KLW,A2FRFAQCWZJT3Q,4
B001FA1KLW,AXO4PQU0XG3TG,5
B001FA1KLW,A3F3B1JPACN215,4
B001FA1KLW,A281NPSIMI1C2R,5
B001FA1KLW,AKMEY1BSHSDG7,5
B000ENUC3S,A3T0OTH5072YRE,5
B000ENUC3S,A2SZWFJX0783BF,5
B000ENUC3S,A1P2XYD265YE21,5
B000ENUC3S,AI0NMYA3LKXW1,5
B000ENUC3S,AYGJ96W5KQMUJ,4
B000ENUC3S,A1P2XYD265YE21,5
B000ENUC3S,A12ENBT314RFXR,5
B000ENUC3S,A1HOXKR7OKJ1X1,5
B000ENUC3S,A1P2XYD265YE21,5
B000ENUC3S,A1P2XYD265YE21,5
B000ENUC3S,A1LZJZIHUPLDV4,5
B000ENUC3S,A2LJJ4482V9LAW,1
B000ENUC3S,AJB5P7GVR0MT8,3
B000ENUC3S,A1LZJZIHUPLDV4,5
B000ENUC3S,A1P2XYD265YE21,5
B000ENUC3S,A1P2XYD265YE21,5
B000AYFCF4,AJQDIT55SZ3ZX,5
B000AYFCF4,A29313797NGT9L,4
B000AYFCF4,A1GYEGLX3P2Y7P,5
B000AYFCF4,A19SDJ2TSSL8HI,5
B000AYFCF4,A3OXHLG6DIBRW8,4
B000AYFCF4,A3OXHLG6DIBRW8,4
B000AYFCF4,AJQDIT55SZ3ZX,5
B000AYFCF4,AI0NMYA3LKXW1,5
B005HG9ESG,A3DOPYDOS49I3T,4
B005HG9ESG,A1LHAXBM5GBJS2,3
B005HG9ESG,A3MUSWDCTZINQZ,4
B005HG9ESG,A1JMR1N9NBYJ1X,4
B005HG9ESG,A1ZPY91VE3IDN1,4
B005HG9ESG,A26LD9FQHTM8ZH,4
B005HG9ESG,A35JP8KSV9281K,3
B005HG9ESG,ADLVFFE4VBT8,3
B005HG9ESG,AJQDIT55SZ3ZX,3
B005HG9ESG,A29M09QBG9TZLP,5
B005HG9ESG,A1AEPMPA12GUJ7,4
B005HG9ESG,A2YKWYC3WQJX5J,5
B005HG9ESG,A1YJMG0QJXZLD4,5
B005HG9ESG,A1SCANWWQTEG9I,2
B005HG9ESG,A3MDETK0D5UAIN,3
B005HG9ESG,AQ6AGWKWMTY8H,4
B005HG9ESG,A1ODOGXEYECQQ8,4
B005HG9ESG,AYB4ELCS5AM8P,5
B005HG9ESG,A1KEK09ZA6J9P8,5
B005HG9ESG,AEL6CQNQXONBX,4
B005HG9ESG,A1UQBFCERIP7VJ,4
B005HG9ESG,A1F7YU6O5RU432,5
B005HG9ESG,A2YB7DLC3FOR7W,5
B005HG9ESG,A1A1BM6N28X9J0,3
B005HG9ESG,A1W415JP5WEAJK,4
B005HG9ESG,A3QNQQKJTL76H0,4
B005HG9ESG,A3094EPI56GKZ6,5
B005HG9ESG,A1PI8VBCXXSGC7,4
B005HG9ESG,ALDAF4VVLFRHP,3
B005HG9ESG,A353U0L2HAMSHV,4
B005HG9ESG,A1V1EP514B5H7Y,3
B005HG9ESG,AKJHHD5VEH7VG,4
B005HG9ESG,A2X3L31KCXBHCL,5
B005HG9ESG,A2XNOB1T796Y6B,3
B005HG9ESG,A2SZLNSI5KOQJT,3
B005HG9ESG,A3EFSLEMHNPP6A,4
B005HG9ESG,A2W9I628I6SE1U,5
B005HG9ESG,A1RRMZKOMZ2M7J,3
B005HG9ESG,A2DPYMNI2HCIOI,4
B005HG9ESG,A36MP37DITBU6F,5
B005HG9ESG,A1P2XYD265YE21,4
B005HG9ESG,A1QBOC76MIOJYP,5
B005HG9ESG,AIEEK7AHXKZCC,5
B005HG9ESG,A3MZNRSDQ32UUH,3
B005HG9ESG,A2R1HUYHXV7H18,4
B005HG9ESG,A25C2M3QF9G7OQ,3
B005HG9ESG,A2MUGFV2TDQ47K,3
B005HG9ESG,A3RR2P5IS3DGPR,5
B005HG9ESG,A1HRYC60VTMYC0,5
B005HG9ESG,A1ONZ8JRPLBNUI,5
B005HG9ESG,A1RLP0R1N8H8C4,3
B005HG9ESG,A22CW0ZHY3NJH8,4
B005HG9ESG,A11OTLEDSW8ZXD,4
B005HG9ESG,ALSAOZ1V546VT,5
B005HG9ESG,AYOMAHLWRQHUG,2
B000FBM46W,ALSAOZ1V546VT,5
B000FBM46W,AXO4PQU0XG3TG,5
B000FBM46W,A13K3ZLWAWN1EI,5
B000FBM46W,A2OWR2PL3DLWS4,5
B000FBM46W,A2OWR2PL3DLWS4,5
B000FBM46W,A2OWR2PL3DLWS4,5
B000FBM46W,A13K3ZLWAWN1EI,5
B000FBM46W,ALSAOZ1V546VT,5
B000FBM46W,A2IYLMDQGBB4VG,2
B000LKZ3GA,A2LJJ4482V9LAW,3
B000LKZ3GA,AQLL2R1PPR46X,5
B000LKZ3GA,A250AXLRBVYKB4,5
B000LKZ3GA,AJCK6OKNWGIYG,5
B000LKZ3GA,AWKZAUC0D8DYL,4
B000LKZ3GA,A353U0L2HAMSHV,4
B005V9UG18,A2AOD7254MCKSH,5
B005V9UG18,A1WX42M589VAMQ,3
B005V9UG18,A2YKWYC3WQJX5J,5
B005V9UG18,A3EFSLEMHNPP6A,5
B005V9UG18,A3EFSLEMHNPP6A,5
B005V9UG18,A2AOD7254MCKSH,5
B005V9UG18,A3LWC833HQIG7J,5
B004XY14JU,A3MZNRSDQ32UUH,5
B004XY14JU,A9NXTC0HTPSDO,4
B004XY14JU,A1JMR1N9NBYJ1X,4
B004XY14JU,A35LT14WG5BX0T,4
B004XY14JU,A2Y8IDC1FKGNJC,4
B004XY14JU,A1LHAXBM5GBJS2,4
B001E5E1WS,A1YUL9PCJR3JTY,5
B001E5E1WS,A3RR2P5IS3DGPR,5
B001E5E1WS,A35JP8KSV9281K,5
B001E5E1WS,A2OWR5G2OAQF7C,4
B001E5E1WS,A1LZJZIHUPLDV4,5
B001E5E1WS,A2Y8IDC1FKGNJC,5
B001E5E1WS,A2TO2BN3P4C00L,5
B001E5E1WS,A7EK88GF8N40F,5
B001E5E1WS,AT9U5ZE5OO84C,5
B001E5E1WS,A1RLP0R1N8H8C4,5
B001E5E1WS,A2FRFAQCWZJT3Q,4
B000EQT77M,A2MNB77YGJ3CN0,4
B000EQT77M,A3LWC833HQIG7J,4
B000EQT77M,A13GZCHAMKWYBT,5
B000EQT77M,A1XGFW5016CGQI,5
B000EQT77M,A3RR2P5IS3DGPR,5
B00395DVQS,A1T1YSCDW0PD25,3
B00395DVQS,A2SZLNSI5KOQJT,5
B00395DVQS,A1T1YSCDW0PD25,4
B00395DVQS,A1GYEGLX3P2Y7P,4
B00395DVQS,A3OXHLG6DIBRW8,3
B00395DVQS,A1IH42TUIZ2XJL,1
B00395DVQS,A3PJZ8TU8FDQ1K,5
B00395DVQS,A2KUUWP4ZZMOBP,5
B00395DVQS,A2TJG4N8LNJW23,4
B006N3I0DM,A3OXRFCJI67IMN,5
B006N3I0DM,A35JP8KSV9281K,5
B006N3I0DM,A19123D9G66E0O,4
B006N3I0DM,AYOMAHLWRQHUG,5
B006N3I0DM,A2KUUWP4ZZMOBP,2
B006N3I0DM,A3OXHLG6DIBRW8,5
B000JZYM8C,A1P2XYD265YE21,5
B000JZYM8C,A1P2XYD265YE21,5
B000JZYM8C,A1RLP0R1N8H8C4,4
B000JZYM8C,AJB5P7GVR0MT8,2
B000JZYM8C,AQLL2R1PPR46X,2
B000JZYM8W,A1P2XYD265YE21,5
B000JZYM8W,A1P2XYD265YE21,5
B000JZYM8W,A1RLP0R1N8H8C4,4
B000JZYM8W,AJB5P7GVR0MT8,2
B000JZYM8W,AQLL2R1PPR46X,2
B001Q9EGFE,A2FRFAQCWZJT3Q,3
B001Q9EGFE,A3F3B1JPACN215,5
B001Q9EGFE,A1JMR1N9NBYJ1X,5
B001Q9EGFE,A3F3B1JPACN215,5
B001Q9EGFE,ACYR6O588USK,5
B001Q9EGFE,A1KEK09ZA6J9P8,5
B001Q9EGFE,A3D9NUCR4RXDPY,2
B002R8UANK,A35TIC6B8MVKWG,4
B002R8UANK,ACAIEIV03NBHY,5
B002R8UANK,A16AXQ11SZA8SQ,5
B002R8UANK,ACAIEIV03NBHY,5
B002R8UANK,ACAIEIV03NBHY,5
B002R8UANK,A26LD9FQHTM8ZH,4
B000GW0UGG,A3OXHLG6DIBRW8,5
B000GW0UGG,A3RMGIKUWGPZOK,5
B000GW0UGG,A2MNB77YGJ3CN0,5
B000GW0UGG,A2UCZAWAN5QMJQ,4
B000GW0UGG,A33REC3J2JU2EL,5
B000GW0UGG,A2Y8IDC1FKGNJC,5
B0002DGRZC,A29JUMRL1US6YP,5
B0002DGRZC,AJD41FBJD9010,5
B0002DGRZC,AJD41FBJD9010,5
B0002DGRZC,AJD41FBJD9010,5
B0002DGRZC,AJD41FBJD9010,5
B0002DGRZC,AJD41FBJD9010,5
B0002DGRZC,AJD41FBJD9010,5
B0029NVJ4M,A22CW0ZHY3NJH8,4
B0029NVJ4M,A1I85Y08VRZ32Q,5
B0029NVJ4M,A1I85Y08VRZ32Q,5
B0029NVJ4M,A1PI8VBCXXSGC7,5
B0029NVJ4M,ATJN4KEHJBOC8,3
B0029NVJ4M,A1I85Y08VRZ32Q,3
B0029NVJ4M,AY12DBB0U420B,5
B0029NVJ4M,ALDAF4VVLFRHP,5
B001BM01BE,APP8XWYYV4PAA,5
B001BM01BE,ACAIEIV03NBHY,4
B001BM01BE,A106ZCP7RSXMRU,5
B001BM01BE,A16KK3YHCWE29C,5
B001BM01BE,AQQLWCMRNDFGI,3
B001BM01BE,A3VKBFC5K2INR4,5
B001BM01BE,A1LZJZIHUPLDV4,5
B001BM01BE,A36MP37DITBU6F,5
B001BM01BE,A16KK3YHCWE29C,5
B001BM01BE,A106ZCP7RSXMRU,5
B001BM01BE,A17GK9E70O7Y9R,4
B001BM01BE,A2A8KWCE8RKB9T,5
B006J4MAUE,A13MKSASQ6YWL7,5
B006J4MAUE,A1PI8VBCXXSGC7,4
B006J4MAUE,A3LWC833HQIG7J,4
B006J4MAUE,A3HPCRD9RX351S,5
B006J4MAUE,A3MUSWDCTZINQZ,5
B006J4MAUE,A1HRYC60VTMYC0,5
B006J4MAUE,A35W3JQYP0M655,5
B006J4MAUE,A1V1EP514B5H7Y,1
B006J4MAUE,AK7CAW3N1XZV6,5
B006J4MAUE,A2W9I628I6SE1U,3
B006J4MAUE,A1KEK09ZA6J9P8,5
B006J4MAUE,AWKZAUC0D8DYL,4
B006J4MAUE,A3D9NUCR4RXDPY,4
B006J4MAUE,A3OXHLG6DIBRW8,5
B006J4MAUE,A13WOT3RSXKRD5,5
B006J4MAUE,A17V9XL4CWTQ6G,5
B006J4MAUE,A2OWR2PL3DLWS4,4
B006J4MAUE,AMRMK86X3PKXD,5
B006J4MAUE,A1UQBFCERIP7VJ,4
B006J4MAUE,A3M8R4JD1SIS76,5
B006J4MAUE,A16AXQ11SZA8SQ,4
B006J4MAUE,ALDAF4VVLFRHP,4
B006J4MAUE,A2O421DTA8J0RW,4
B006J4MAUE,A1W415JP5WEAJK,4
B006J4MAUE,A1N5FSCYN4796F,5
B000EQYQBO,APP8XWYYV4PAA,5
B000EQYQBO,ACAIEIV03NBHY,4
B000EQYQBO,A106ZCP7RSXMRU,5
B000EQYQBO,A16KK3YHCWE29C,5
B000EQYQBO,AQQLWCMRNDFGI,3
B000EQYQBO,A3VKBFC5K2INR4,5
B000EQYQBO,A1LZJZIHUPLDV4,5
B000EQYQBO,A36MP37DITBU6F,5
B000EQYQBO,A16KK3YHCWE29C,5
B000EQYQBO,A106ZCP7RSXMRU,5
B000EQYQBO,A17GK9E70O7Y9R,4
B000EQYQBO,A2A8KWCE8RKB9T,5
B008BY7O9W,A3V1A3C9DTLPME,4
B008BY7O9W,A19123D9G66E0O,2
B008BY7O9W,A1N5FSCYN4796F,5
B008BY7O9W,AEC90GPFKLAAW,5
B008BY7O9W,A19123D9G66E0O,2
B008BY7O9W,A2TO2BN3P4C00L,3
B000VK6TKO,A1Z4LX3Q1YMF84,2
B000VK6TKO,A1K82R24ROO2I7,5
B000VK6TKO,A2PNOU7NXB1JE4,3
B000VK6TKO,A11OTLEDSW8ZXD,3
B000VK6TKO,A2UCZAWAN5QMJQ,2
B000VK6TKO,A35R32TA60XD57,1
B000KNB0OW,A1UQBFCERIP7VJ,5
B000KNB0OW,A2PNOU7NXB1JE4,5
B000KNB0OW,A3NHUQ33CFH3VM,5
B000KNB0OW,A1WOMXOEX90ARI,5
B000KNB0OW,AZV26LP92E6WU,5
B000KNB0OW,A3D9NUCR4RXDPY,3
B000KNB0OW,A2NOW4U7W3F7RI,5
B000RI1W8E,A3OXHLG6DIBRW8,4
B000RI1W8E,A2O421DTA8J0RW,5
B000RI1W8E,A1TMAVN4CEM8U8,5
B000RI1W8E,A1B05INWIDZ74O,5
B000RI1W8E,A2C9XE9I8RSKNX,5
B000RI1W8E,AQLL2R1PPR46X,5
B000RI1W8E,AEC90GPFKLAAW,4
B000RI1W8E,A3QA0BBQW08DLZ,4
B004HOOZEW,A1X1CEGHTHMBL1,5
B004HOOZEW,A3QNQQKJTL76H0,4
B004HOOZEW,A1X1CEGHTHMBL1,5
B004HOOZEW,A1X1CEGHTHMBL1,5
B004HOOZEW,A1X1CEGHTHMBL1,5
B004HOOZEW,A3QNQQKJTL76H0,4
B004HOOZEW,A1TMAVN4CEM8U8,5
B004HOOZEW,A1TMAVN4CEM8U8,5
B004HOOZEW,A1TMAVN4CEM8U8,5
B004HOOZEW,A1G60ANYI0HMEU,5
B004HOOZEW,A1G60ANYI0HMEU,4
B004HOOZEW,A1WX42M589VAMQ,5
B004HOOZEW,A1G60ANYI0HMEU,4
B004HOOZEW,A1SCANWWQTEG9I,3
B004HOOZEW,A1N5FSCYN4796F,3
B004HOOZEW,A1G60ANYI0HMEU,5
B004HOOZEW,A1N5FSCYN4796F,5
B004HOOZEW,A361PLXEWB9UC1,5
B004HOOZEW,A1TMAVN4CEM8U8,5
B004HOOZEW,A7EK88GF8N40F,5
B004HOOZEW,A1TMAVN4CEM8U8,5
B004HOOZEW,A3OXHLG6DIBRW8,5
B004HOOZEW,A1SCANWWQTEG9I,3
B004HOOZEW,A1X1CEGHTHMBL1,4
B000G7YO2M,A3OXHLG6DIBRW8,5
B000G7YO2M,A2YIO225BTKVPU,4
B000G7YO2M,A3UUTDX2WNVUS3,5
B000G7YO2M,A3BH49ZKESHDID,5
B000G7YO2M,A1ZH9LWMX5UCFJ,5
B000G7YO2M,A2YIO225BTKVPU,5
B0029NGX34,A3GGXJD0BMJ2W3,4
B0029NGX34,A3GGXJD0BMJ2W3,4
B0029NGX34,A20OQMLRFNZADL,4
B0029NGX34,A1Z4LX3Q1YMF84,4
B0029NGX34,A1QBOC76MIOJYP,5
B0029NGX34,A3GGXJD0BMJ2W3,4
B001SIRU42,A2Y4S4CNGKF21S,3
B001SIRU42,A1YP5WLIHGG136,4
B001SIRU42,A2II09GQGWOMTQ,5
B001SIRU42,A370Z6I5GBWU44,4
B001SIRU42,A250AXLRBVYKB4,5
B008JKTH2A,A1T1YSCDW0PD25,4
B008JKTH2A,AQLL2R1PPR46X,5
B008JKTH2A,A1LFSTBR7L7PUT,5
B008JKTH2A,A3FY3H6F4249E0,4
B008JKTH2A,A1T1YSCDW0PD25,4
B008JKTH2A,AY12DBB0U420B,4
B003CK0WLM,A2E3WMF9RWW2X2,5
B003CK0WLM,A2B8GXSCB1R05T,5
B003CK0WLM,A1YUL9PCJR3JTY,5
B003CK0WLM,A1YUL9PCJR3JTY,5
B003CK0WLM,A13HRSMJ5TOWEZ,5
B003CK0WLM,A281NPSIMI1C2R,5
B003CK0WLM,A1AEQZM99LO9VA,3
B003CK0WLM,A2B8GXSCB1R05T,5
B001NXM3GM,A20P8VC55KPPCT,5
B001NXM3GM,A20P8VC55KPPCT,5
B001NXM3GM,A20P8VC55KPPCT,5
B001NXM3GM,A3LWC833HQIG7J,5
B001NXM3GM,A4DTM6B4IBYQX,5
B0012XBDH8,A22PUBSSNP54L,5
B0012XBDH8,ADS5APY1NKTL4,5
B0012XBDH8,AQQLWCMRNDFGI,4
B0012XBDH8,A1Q7A78VSQ5GQ4,5
B0012XBDH8,AYB4ELCS5AM8P,5
B0012XBDH8,AJCK6OKNWGIYG,5
B004JRO1S2,A2G7B7FKP2O2PU,5
B004JRO1S2,A1B05INWIDZ74O,4
B004JRO1S2,A35LT14WG5BX0T,5
B004JRO1S2,AYOMAHLWRQHUG,3
B004JRO1S2,A2XNOB1T796Y6B,3
B004JRO1S2,A13WOT3RSXKRD5,4
B004JRO1S2,AWKZAUC0D8DYL,4
B004JRO1S2,ALDAF4VVLFRHP,4
B004JRO1S2,AEC90GPFKLAAW,2
B004JRO1S2,ARYSDAZNRXN6G,5
B004JRO1S2,A2MNB77YGJ3CN0,4
B004JRO1S2,A3F3B1JPACN215,4
B004JRO1S2,A1ONZ8JRPLBNUI,3
B004JRO1S2,A1AEPMPA12GUJ7,4
B004JRO1S2,A2W9I628I6SE1U,3
B004JRO1S2,A1UQBFCERIP7VJ,1
B004JRO1S2,A58N07M0ZCYMB,4
B004JRO1S2,A13GZCHAMKWYBT,2
B002EDIJX6,AVFA1JB08RG8G,4
B002EDIJX6,A2MNB77YGJ3CN0,5
B002EDIJX6,A36WGHR8TO5DKT,5
B002EDIJX6,A2C9XE9I8RSKNX,5
B002EDIJX6,A31N6KB160O508,5
B002EDIJX6,A2MUGFV2TDQ47K,1
B001M0A6C4,A2D1LPEUCTNT8X,5
B001M0A6C4,AZV26LP92E6WU,5
B001M0A6C4,A1YJMG0QJXZLD4,5
B001M0A6C4,A25C2M3QF9G7OQ,5
B001M0A6C4,AKMEY1BSHSDG7,5
B001M0A6C4,A19123D9G66E0O,4
B001M0A6C4,AQ6AGWKWMTY8H,3
B001M0A6C4,A2A1XYSB692L6J,4
B001M0A6C4,AJCK6OKNWGIYG,4
B004FEN3GK,A250AXLRBVYKB4,5
B004FEN3GK,A1LHAXBM5GBJS2,4
B004FEN3GK,AKMEY1BSHSDG7,5
B004FEN3GK,A353U0L2HAMSHV,4
B004FEN3GK,ACAXV4V8PBCE3,5
B004FEN3GK,A3MUSWDCTZINQZ,4
B004FEN3GK,AWKZAUC0D8DYL,5
B004FEN3GK,A35LT14WG5BX0T,5
B004FEN3GK,A58N07M0ZCYMB,5
B004FEN3GK,A16AXQ11SZA8SQ,4
B004FEN3GK,A2TO2BN3P4C00L,4
B004FEN3GK,A2YB7DLC3FOR7W,4
B004FEN3GK,A3FKGKUCI3DG9U,4
B004FEN3GK,A1B05INWIDZ74O,4
B004FEN3GK,ALDAF4VVLFRHP,5
B004FEN3GK,A1ZH9LWMX5UCFJ,4
B004FEN3GK,A2FRFAQCWZJT3Q,4
B004FEN3GK,A1W415JP5WEAJK,4
B004FEN3GK,A1JMR1N9NBYJ1X,5
B004FEN3GK,A1ONZ8JRPLBNUI,5
B004FEN3GA,A1N5FSCYN4796F,4
B004FEN3GA,A29M09QBG9TZLP,5
B004FEN3GA,AQLL2R1PPR46X,3
B004FEN3GA,A1DH3QDZX8Z7GO,3
B004FEN3GA,A35X2JJI49OBZP,4
B004FEN3GA,ALDAF4VVLFRHP,4
B004FEN3GA,A2D1LPEUCTNT8X,5
B004FEN3GA,A1LHAXBM5GBJS2,4
B004FEN3GA,A3FKGKUCI3DG9U,4
B004FEN3GA,ACAXV4V8PBCE3,5
B004FEN3GA,A2XNOB1T796Y6B,4
B003MW7858,A3TVZM3ZIXG8YW,1
B003MW7858,A3TVZM3ZIXG8YW,1
B003MW7858,A36JDIN9RAAIEC,5
B003MW7858,A3TVZM3ZIXG8YW,1
B003MW7858,A3TVZM3ZIXG8YW,1
B003MW7858,A3TVZM3ZIXG8YW,1
B003MW7858,A3TVZM3ZIXG8YW,1
B003MW7858,A36JDIN9RAAIEC,5
B003MW7858,A36JDIN9RAAIEC,5
B003MW7858,A3TVZM3ZIXG8YW,1
B003MW7858,A20OQMLRFNZADL,4
B003MW7858,A1HRYC60VTMYC0,5
B003MW7858,A2VUD4SPJO4V33,1
B003MW7858,A3TVZM3ZIXG8YW,1
B003MW7858,A3TVZM3ZIXG8YW,1
B003MW7858,A3TVZM3ZIXG8YW,1
B005BPVA08,A3R9H6OKZHHRJD,2
B005BPVA08,A3D9NUCR4RXDPY,4
B005BPVA08,A58N07M0ZCYMB,4
B005BPVA08,A2Y8IDC1FKGNJC,3
B005BPVA08,A1A1BM6N28X9J0,1
B005BPVA08,A2SZLNSI5KOQJT,4
B005BPVA08,AKMEY1BSHSDG7,3
B000OU5EFW,AMRMK86X3PKXD,5
B000OU5EFW,A1080SE9X3ECK0,5
B000OU5EFW,A36WGHR8TO5DKT,5
B000OU5EFW,A2MUGFV2TDQ47K,4
B000OU5EFW,A3EBHHCZO6V2A4,3
B0007LXU9A,A2TO2BN3P4C00L,5
B0007LXU9A,A2TO2BN3P4C00L,4
B0007LXU9A,A3T0OTH5072YRE,3
B0007LXU9A,A4DTM6B4IBYQX,4
B0007LXU9A,A3QJQQZTKFV7BJ,5
B003R0LKSQ,A1XGFW5016CGQI,5
B003R0LKSQ,A1XGFW5016CGQI,5
B003R0LKSQ,A6KL17KKN0A5L,5
B003R0LKSQ,A35R32TA60XD57,2
B003R0LKSQ,A2IYLMDQGBB4VG,5
B000LO40AG,A1IU7S4HCK1XK0,5
B000LO40AG,A1X1CEGHTHMBL1,5
B000LO40AG,A3PJZ8TU8FDQ1K,5
B000LO40AG,A2MUGFV2TDQ47K,5
B000LO40AG,A3OXHLG6DIBRW8,5
B000LO40AG,A1ODOGXEYECQQ8,5
B000LO40AG,A1TJT6GXDGNN8Q,4
B008RWUHA6,ACAXV4V8PBCE3,4
B008RWUHA6,AEC90GPFKLAAW,4
B008RWUHA6,AEC90GPFKLAAW,4
B008RWUHA6,A1H7Y5XKPGT0OS,4
B008RWUHA6,ADS5APY1NKTL4,5
B008RWUHA6,A3FKGKUCI3DG9U,5
B008RWUHA6,A29313797NGT9L,4
B008RWUHA6,A1DH3QDZX8Z7GO,3
B008RWUHA6,A1B05INWIDZ74O,5
B008RWUHA6,A3MZNRSDQ32UUH,5
B008RWUHA6,A2FRFAQCWZJT3Q,5
B008RWUHA6,A3FKGKUCI3DG9U,5
B008RWUHA6,A2XNOB1T796Y6B,3
B008RWUHA6,A2TO2BN3P4C00L,3
B008RWUHA6,A1SCANWWQTEG9I,3
B008RWUHA6,A1P2XYD265YE21,1
B008RWUHA6,A3MUSWDCTZINQZ,4
B008RWUHA6,A2R6RA8FRBS608,5
B008RWUHA6,AK7CAW3N1XZV6,5
B003NUYBV8,AEC90GPFKLAAW,5
B003NUYBV8,A2OEUROGZDTXUJ,5
B003NUYBV8,AQLL2R1PPR46X,4
B003NUYBV8,A2UCZAWAN5QMJQ,5
B003NUYBV8,A2DPYMNI2HCIOI,4
B003NUYBV8,A2XNOB1T796Y6B,3
B000SAVWR2,AQ6AGWKWMTY8H,4
B000SAVWR2,AKMEY1BSHSDG7,4
B000SAVWR2,A37CENQP0ZNKVE,5
B000SAVWR2,AKMEY1BSHSDG7,5
B000SAVWR2,AKMEY1BSHSDG7,5
B000SAVWR2,A36WGHR8TO5DKT,5
B000SAVWR2,A1WX42M589VAMQ,2
B000SAVWR2,A18L1CVUIQRE9L,1
B000FBQ54Y,ALSAOZ1V546VT,5
B000FBQ54Y,AXO4PQU0XG3TG,5
B000FBQ54Y,A13K3ZLWAWN1EI,5
B000FBQ54Y,A2OWR2PL3DLWS4,5
B000FBQ54Y,A2OWR2PL3DLWS4,5
B000FBQ54Y,A2OWR2PL3DLWS4,5
B000FBQ54Y,A13K3ZLWAWN1EI,5
B000FBQ54Y,ALSAOZ1V546VT,5
B000FBQ54Y,A2IYLMDQGBB4VG,2
B000RCKSTE,A35W3JQYP0M655,5
B000RCKSTE,A1IU7S4HCK1XK0,5
B000RCKSTE,AZV26LP92E6WU,5
B000RCKSTE,A2582KMXLK2P06,2
B000RCKSTE,A1T1YSCDW0PD25,5
B000RCKSTE,A370Z6I5GBWU44,5
B000RCKSTE,A22CW0ZHY3NJH8,5
B000RCKSTE,A383XURHVF8ON6,5
B000RCKSTE,APP8XWYYV4PAA,3
B0002DGRRA,A29JUMRL1US6YP,5
B0002DGRRA,AJD41FBJD9010,5
B0002DGRRA,AJD41FBJD9010,5
B0002DGRRA,AJD41FBJD9010,5
B0002DGRRA,AJD41FBJD9010,5
B0002DGRRA,AJD41FBJD9010,5
B0002DGRRA,AJD41FBJD9010,5
B005VOOQHS,A1ONZ8JRPLBNUI,5
B005VOOQHS,A1QBOC76MIOJYP,4
B005VOOQHS,A1LHAXBM5GBJS2,4
B005VOOQHS,AK8LOFYRZJJW0,4
B005VOOQHS,A1JMR1N9NBYJ1X,5
B005VOOQHS,A1A1BM6N28X9J0,5
B005VOOQHS,A3MUSWDCTZINQZ,5
B005VOOQHS,A29JUMRL1US6YP,3
B005VOOQHS,A1H7Y5XKPGT0OS,4
B005VOOQHS,AKJHHD5VEH7VG,4
B005VOOQHS,A29M09QBG9TZLP,4
B005VOOQHS,A36MP37DITBU6F,5
B005VOOQHS,A35X2JJI49OBZP,3
B0014JUPTW,AJQDIT55SZ3ZX,5
B0014JUPTW,A29313797NGT9L,4
B0014JUPTW,A1GYEGLX3P2Y7P,5
B0014JUPTW,A19SDJ2TSSL8HI,5
B0014JUPTW,A3OXHLG6DIBRW8,4
B0014JUPTW,A3OXHLG6DIBRW8,4
B0014JUPTW,AJQDIT55SZ3ZX,5
B0014JUPTW,AI0NMYA3LKXW1,5
B001EO5TIE,A16KK3YHCWE29C,3
B001EO5TIE,A1YUL9PCJR3JTY,4
B001EO5TIE,AXO4PQU0XG3TG,4
B001EO5TIE,A3MUSWDCTZINQZ,5
B001EO5TIE,A1LZJZIHUPLDV4,5
B001EO5TIE,A1YUL9PCJR3JTY,4
B001EO5TIE,A2FRFAQCWZJT3Q,5
B001EO5TIE,A1LZJZIHUPLDV4,5
B001EO5TIE,A16KK3YHCWE29C,3
B003VXHGE6,A2UCZAWAN5QMJQ,4
B003VXHGE6,A35R32TA60XD57,5
B003VXHGE6,A2SZLNSI5KOQJT,4
B003VXHGE6,A2SZLNSI5KOQJT,5
B003VXHGE6,A17HMM1M7T9PJ1,4
B003VXHGE6,A2SZLNSI5KOQJT,3
B003VXHGE6,A26NFIQ7KWI8Y7,3
B003VXHGE6,A2TJG4N8LNJW23,4
B003VXHGE6,A2SZLNSI5KOQJT,3
B003VXHGE6,AYOMAHLWRQHUG,5
B003VXHGE6,A2D1LPEUCTNT8X,3
B003VXHGE6,A3OXRFCJI67IMN,4
B003VXHGE6,AQQLWCMRNDFGI,4
B003VXHGE6,A2KUUWP4ZZMOBP,4
B003VXHGE6,A2SZLNSI5KOQJT,4
B003VXHGE6,A26NFIQ7KWI8Y7,1
B003VXHGE6,AYOMAHLWRQHUG,5
B003VXHGE6,A35R32TA60XD57,5
B003VXHGE6,AQQLWCMRNDFGI,4
B002QGZ7AE,A3M8R4JD1SIS76,5
B002QGZ7AE,A2R6RA8FRBS608,5
B002QGZ7AE,A2YB7DLC3FOR7W,5
B002QGZ7AE,A3DOPYDOS49I3T,4
B002QGZ7AE,A26HFSVLAGULIM,4
B002QGZ7AE,A3M174IC0VXOS2,5
B0058AMYTC,A2OEUROGZDTXUJ,5
B0058AMYTC,A22PUBSSNP54L,5
B0058AMYTC,AYB4ELCS5AM8P,5
B0058AMYTC,A2MUGFV2TDQ47K,3
B0058AMYTC,A3RMGIKUWGPZOK,5
B0058AMYTC,A3PJZ8TU8FDQ1K,5
B0058AMYTC,A3PJZ8TU8FDQ1K,5
B0058AMYTC,A31N6KB160O508,4
B0058AMYTC,A31N6KB160O508,4
B0058AMYTC,A31N6KB160O508,4
B0058AMYTC,A1B05INWIDZ74O,3
B0058AMYTC,A1B05INWIDZ74O,5
B0058AMYTC,A2OEUROGZDTXUJ,4
B0058AMYTC,A38KP1POQ191WT,1
B0058AMYTC,ACYR6O588USK,5
B0058AMYTC,AY1EF0GOH80EK,5
B0058AMYTC,A2A1XYSB692L6J,5
B0058AMYTC,A3RMGIKUWGPZOK,3
B0058AMYTC,A2TN9C5E4A0I3F,1
B0058AMYTC,AR7TAEEUDHMUB,1
B0058AMYTC,ADS5APY1NKTL4,5
B0058AMYTC,A3RMGIKUWGPZOK,5
B0058AMYTC,A3PJZ8TU8FDQ1K,5
B0058AMYTC,A1Q7A78VSQ5GQ4,5
B0058AMYTC,A2A8KWCE8RKB9T,4
B0058AMYTC,A2OEUROGZDTXUJ,5
B0058AMYTC,A2II09GQGWOMTQ,5
B0058AMYTC,AQQLWCMRNDFGI,4
B0058AMYTC,A24ZV048V7J0MT,5
B0058AMYTC,A3RMGIKUWGPZOK,5
B0058AMYTC,A3PJZ8TU8FDQ1K,5
B0058AMYTC,A3PJZ8TU8FDQ1K,5
B0058AMYTC,A2YKWYC3WQJX5J,5
B0058AMYTC,AKMEY1BSHSDG7,5
B0058AMYTC,ADS5APY1NKTL4,5
B0058AMYTC,A3M174IC0VXOS2,5
B0058AMYTC,A2OL5WLCNZVD9K,3
B000FBKFV8,ALSAOZ1V546VT,5
B000FBKFV8,AXO4PQU0XG3TG,5
B000FBKFV8,A13K3ZLWAWN1EI,5
B000FBKFV8,A2OWR2PL3DLWS4,5
B000FBKFV8,A2OWR2PL3DLWS4,5
B000FBKFV8,A2OWR2PL3DLWS4,5
B000FBKFV8,A13K3ZLWAWN1EI,5
B000FBKFV8,ALSAOZ1V546VT,5
B000FBKFV8,A2IYLMDQGBB4VG,2
B0032B0BD0,APP8XWYYV4PAA,5
B0032B0BD0,ACAIEIV03NBHY,4
B0032B0BD0,A106ZCP7RSXMRU,5
B0032B0BD0,A16KK3YHCWE29C,5
B0032B0BD0,AQQLWCMRNDFGI,3
B0032B0BD0,A3VKBFC5K2INR4,5
B0032B0BD0,A1LZJZIHUPLDV4,5
B0032B0BD0,A36MP37DITBU6F,5
B0032B0BD0,A16KK3YHCWE29C,5
B0032B0BD0,A106ZCP7RSXMRU,5
B0032B0BD0,A17GK9E70O7Y9R,4
B0032B0BD0,A2A8KWCE8RKB9T,5
B003D4MW38,A3UUTDX2WNVUS3,5
B003D4MW38,A13HRSMJ5TOWEZ,5
B003D4MW38,A1Z54EM24Y40LL,5
B003D4MW38,A1YJMG0QJXZLD4,4
B003D4MW38,A13HRSMJ5TOWEZ,5
B003D4MW38,A3UUTDX2WNVUS3,5
B003D4MW38,A1AEQZM99LO9VA,5
B003D4MW38,AIEEK7AHXKZCC,5
B003D4MW38,A2DPYMNI2HCIOI,2
B003D4MW38,A3MUSWDCTZINQZ,3
B003D4MW38,A1UQBFCERIP7VJ,4
B003D4MW38,A3UUTDX2WNVUS3,5
B003D4MW38,A13HRSMJ5TOWEZ,5
B003D4MW38,A13HRSMJ5TOWEZ,5
B003D4MW38,A1YUL9PCJR3JTY,4
B003D4MW38,A16KK3YHCWE29C,5
B003D4MW38,A3FY3H6F4249E0,4
B003D4MW38,A3MUSWDCTZINQZ,3
B003D4MW38,A13HRSMJ5TOWEZ,2
B003D4MW38,A13HRSMJ5TOWEZ,5
B003D4MW38,AIEEK7AHXKZCC,5
B000HZEK1I,AJQDIT55SZ3ZX,5
B000HZEK1I,A29313797NGT9L,4
B000HZEK1I,A1GYEGLX3P2Y7P,5
B000HZEK1I,A19SDJ2TSSL8HI,5
B000HZEK1I,A3OXHLG6DIBRW8,4
B000HZEK1I,A3OXHLG6DIBRW8,4
B000HZEK1I,AJQDIT55SZ3ZX,5
B000HZEK1I,AI0NMYA3LKXW1,5
B000BRR8VQ,A3AZI828WJN1CD,5
B000BRR8VQ,A19123D9G66E0O,5
B000BRR8VQ,A33AQPJYH7UUXR,4
B000BRR8VQ,AMPGRXQMO89X9,5
B000BRR8VQ,A1V1EP514B5H7Y,3
B000BRR8VQ,A383XURHVF8ON6,5
B000BRR8VQ,A3DOPYDOS49I3T,5
B000BRR8VQ,A3DOPYDOS49I3T,5
B000BRR8VQ,A9NXTC0HTPSDO,5
B000BRR8VQ,A9NXTC0HTPSDO,5
B000BRR8VQ,A26LD9FQHTM8ZH,5
B000BRR8VQ,A383XURHVF8ON6,5
B000BRR8VQ,A383XURHVF8ON6,5
B000BRR8VQ,A3HPCRD9RX351S,5
B000BRR8VQ,A3DOPYDOS49I3T,5
B000BRR8VQ,A17HMM1M7T9PJ1,5
B0029NVJNI,A22CW0ZHY3NJH8,4
B0029NVJNI,A1I85Y08VRZ32Q,5
B0029NVJNI,A1I85Y08VRZ32Q,5
B0029NVJNI,A1PI8VBCXXSGC7,5
B0029NVJNI,ATJN4KEHJBOC8,3
B0029NVJNI,A1I85Y08VRZ32Q,3
B0029NVJNI,AY12DBB0U420B,5
B0029NVJNI,ALDAF4VVLFRHP,5
B00474OR8G,A3OXHLG6DIBRW8,5
B00474OR8G,AK7CAW3N1XZV6,2
B00474OR8G,A2TJG4N8LNJW23,3
B00474OR8G,AQQLWCMRNDFGI,4
B00474OR8G,A2SZLNSI5KOQJT,3
B00474OR8G,A2TJG4N8LNJW23,4
B001VA8MT4,A3OXHLG6DIBRW8,5
B001VA8MT4,A2YIO225BTKVPU,4
B001VA8MT4,A3UUTDX2WNVUS3,5
B001VA8MT4,A3BH49ZKESHDID,5
B001VA8MT4,A1ZH9LWMX5UCFJ,5
B001VA8MT4,A2YIO225BTKVPU,5
B005A1LJ04,A1KEK09ZA6J9P8,4
B005A1LJ04,A1AEPMPA12GUJ7,3
B005A1LJ04,A3MZNRSDQ32UUH,5
B005A1LJ04,A383XURHVF8ON6,4
B005A1LJ04,AT9U5ZE5OO84C,3
B005A1LJ04,A16AXQ11SZA8SQ,2
B005A1LJ04,A17V9XL4CWTQ6G,5
B005A1LJ04,A1W415JP5WEAJK,3
B005A1LJ04,A19SDJ2TSSL8HI,2
B005A1LJ04,A2II09GQGWOMTQ,5
B005A1LJ04,AKJHHD5VEH7VG,2
B005A1LJ04,A35X2JJI49OBZP,4
B005A1LJ04,A1B05INWIDZ74O,4
B005A1LJ04,AQLL2R1PPR46X,4
B005A1LJ04,A2YKWYC3WQJX5J,3
B005A1LJ04,A2B8GXSCB1R05T,1
B005A1LJ04,A7EK88GF8N40F,1
B005A1LJ04,A1H7Y5XKPGT0OS,5
B005A1LJ04,ARYSDAZNRXN6G,2
B005A1LJ04,A1ONZ8JRPLBNUI,3
B005A1LJ04,A1SCANWWQTEG9I,1
B005A1LJ04,A35JP8KSV9281K,1
B005A1LJ04,A2MNB77YGJ3CN0,2
B008JHROIM,A1F7YU6O5RU432,5
B008JHROIM,A1ODOGXEYECQQ8,5
B008JHROIM,A3OXHLG6DIBRW8,5
B008JHROIM,A1UQBFCERIP7VJ,5
B008JHROIM,A2W9I628I6SE1U,5
B008JHROIM,A3D6OI36USYOU1,5
B001RVFEP2,A2LJJ4482V9LAW,5
B001RVFEP2,A2YB7DLC3FOR7W,5
B001RVFEP2,A17V9XL4CWTQ6G,5
B001RVFEP2,A2MNB77YGJ3CN0,5
B001RVFEP2,A3T0OTH5072YRE,3
B001RVFEP2,A2NOW4U7W3F7RI,5
B001RVFEP2,A1PI8VBCXXSGC7,4
B001RVFEP2,A24ZV048V7J0MT,3
B001RVFEP2,A3AZI828WJN1CD,3
B001RVFEP2,A13MKSASQ6YWL7,3
B001RVFEP2,ALL9XFM0Q1N4E,5
B001RVFEP2,A3BBC8E7QT7N9I,4
B001RVFEP2,A1ZH9LWMX5UCFJ,5
B001RVFEP2,A3HPCRD9RX351S,5
B001RVFEP2,A13K3ZLWAWN1EI,4
B001RVFEP2,A3QNQQKJTL76H0,5
B001RVFEP2,A3V1A3C9DTLPME,5
B001RVFEP2,A1GYEGLX3P2Y7P,4
B001RVFEP2,A2SZLNSI5KOQJT,4
B0012BUR8Q,A1Z54EM24Y40LL,5
B0012BUR8Q,A1SO1PGDNVMLXC,5
B0012BUR8Q,A2IYLMDQGBB4VG,3
B0012BUR8Q,A3FY3H6F4249E0,5
B0012BUR8Q,A2OWR5G2OAQF7C,4
B0012BUR8Q,A1SO1PGDNVMLXC,3
B0012BUR8Q,A1YUL9PCJR3JTY,3
B0012BUR8Q,A1YUL9PCJR3JTY,4
B0012BUR8Q,A1SO1PGDNVMLXC,5
B0012BUR8Q,A3FY3H6F4249E0,5
B0012BUR8Q,A1YJMG0QJXZLD4,4
B0012BUR8Q,A1YUL9PCJR3JTY,5
B0012BUR8Q,A3FY3H6F4249E0,5
B0012BUR8Q,A3FY3H6F4249E0,5
B0012BUR8Q,A281NPSIMI1C2R,5
B0012BUR8Q,A1YUL9PCJR3JTY,4
B0012BUR8Q,ADS5APY1NKTL4,5
B0012BUR8Q,AI0NMYA3LKXW1,5
B0012BUR8Q,A1UQBFCERIP7VJ,4
B000WFEN74,A29JUMRL1US6YP,5
B000WFEN74,A58N07M0ZCYMB,5
B000WFEN74,A2FRFAQCWZJT3Q,3
B000WFEN74,A29JUMRL1US6YP,5
B000WFEN74,A29JUMRL1US6YP,5
B000WFEN74,A29JUMRL1US6YP,5
B000WFEN74,A29JUMRL1US6YP,5
B000WFEN74,A29JUMRL1US6YP,5
B000WFEN74,A29JUMRL1US6YP,5
B000WFEN74,A29JUMRL1US6YP,5
B000WFEN74,A29JUMRL1US6YP,5
B000WFEN74,A29JUMRL1US6YP,5
B000WFEN74,A29JUMRL1US6YP,5
B006BXUY2Y,A383XURHVF8ON6,4
B006BXUY2Y,A3PD8JD9L4WEII,4
B006BXUY2Y,A100WO06OQR8BQ,5
B006BXUY2Y,A13GZCHAMKWYBT,5
B006BXUY2Y,ARYSDAZNRXN6G,1
B006BXUY2Y,A13WOT3RSXKRD5,4
B006BXUY2Y,A2MSQNPTNAAGL1,1
B006BXUY2Y,AWKZAUC0D8DYL,4
B008J1HO4C,A3OXRFCJI67IMN,5
B008J1HO4C,AKMEY1BSHSDG7,5
B008J1HO4C,A22PUBSSNP54L,3
B008J1HO4C,A3PJZ8TU8FDQ1K,5
B008J1HO4C,AXO4PQU0XG3TG,4
B008J1HO4C,AJB5P7GVR0MT8,5
B008J1HO4C,A2PNOU7NXB1JE4,5
B008J1HO4C,A1IU7S4HCK1XK0,5
B008J1HO4C,A17GK9E70O7Y9R,5
B008J1HO4C,ACAXV4V8PBCE3,5
B008J1HO4C,A1ZPY91VE3IDN1,5
B0026KNQSA,A2LJJ4482V9LAW,5
B0026KNQSA,A2YB7DLC3FOR7W,5
B0026KNQSA,A17V9XL4CWTQ6G,5
B0026KNQSA,A2MNB77YGJ3CN0,5
B0026KNQSA,A3T0OTH5072YRE,3
B0026KNQSA,A2NOW4U7W3F7RI,5
B0026KNQSA,A1PI8VBCXXSGC7,4
B0026KNQSA,A24ZV048V7J0MT,3
B0026KNQSA,A3AZI828WJN1CD,3
B0026KNQSA,A13MKSASQ6YWL7,3
B0026KNQSA,ALL9XFM0Q1N4E,5
B0026KNQSA,A3BBC8E7QT7N9I,4
B0026KNQSA,A1ZH9LWMX5UCFJ,5
B0026KNQSA,A3HPCRD9RX351S,5
B0026KNQSA,A13K3ZLWAWN1EI,4
B0026KNQSA,A3QNQQKJTL76H0,5
B0026KNQSA,A3V1A3C9DTLPME,5
B0026KNQSA,A1GYEGLX3P2Y7P,4
B0026KNQSA,A2SZLNSI5KOQJT,4
B0076MLL12,AKJHHD5VEH7VG,3
B0076MLL12,A3OXHLG6DIBRW8,5
B0076MLL12,A3OXHLG6DIBRW8,5
B0076MLL12,A35R32TA60XD57,1
B0076MLL12,A2YHXAZLCLDT8D,5
B002QTXS5C,A3M8R4JD1SIS76,5
B002QTXS5C,A2R6RA8FRBS608,5
B002QTXS5C,A2YB7DLC3FOR7W,5
B002QTXS5C,A3DOPYDOS49I3T,4
B002QTXS5C,A26HFSVLAGULIM,4
B002QTXS5C,A3M174IC0VXOS2,5
B001EQ5OAA,A16KK3YHCWE29C,3
B001EQ5OAA,A1YUL9PCJR3JTY,4
B001EQ5OAA,AXO4PQU0XG3TG,4
B001EQ5OAA,A3MUSWDCTZINQZ,5
B001EQ5OAA,A1LZJZIHUPLDV4,5
B001EQ5OAA,A1YUL9PCJR3JTY,4
B001EQ5OAA,A2FRFAQCWZJT3Q,5
B001EQ5OAA,A1LZJZIHUPLDV4,5
B001EQ5OAA,A16KK3YHCWE29C,3
B0061IULW2,A3FKGKUCI3DG9U,5
B0061IULW2,A281NPSIMI1C2R,5
B0061IULW2,A1N5FSCYN4796F,5
B0061IULW2,A1P2XYD265YE21,5
B0061IULW2,AWKZAUC0D8DYL,5
B0061IULW2,A35JP8KSV9281K,5
B0061IULW2,A1X2LENOF84LCQ,4
B0061IULW2,A1KEK09ZA6J9P8,5
B0061IULW2,A1Q7A78VSQ5GQ4,5
B0061IULW2,A2YB7DLC3FOR7W,3
B0061IULW2,A2M9D9BDHONV3Y,2
B0061IULW2,A1H7Y5XKPGT0OS,4
B0061IULW2,AEC90GPFKLAAW,4
B0061IULW2,A2XNOB1T796Y6B,5
B000ZT15EQ,A1TMAVN4CEM8U8,5
B000ZT15EQ,A7EK88GF8N40F,5
B000ZT15EQ,A1TMAVN4CEM8U8,5
B000ZT15EQ,A1TMAVN4CEM8U8,5
B000ZT15EQ,A1TMAVN4CEM8U8,5
B000ZT15EQ,A1TMAVN4CEM8U8,5
B000ZT15EQ,A3094EPI56GKZ6,5
B000ZT15EQ,A1P2XYD265YE21,5
B000ZT15EQ,A361PLXEWB9UC1,5
B000ZT15EQ,A1TMAVN4CEM8U8,5
B000ZT15EQ,A2XNJJ9TF70P4J,1
B001BM3C4M,APP8XWYYV4PAA,5
B001BM3C4M,ACAIEIV03NBHY,4
B001BM3C4M,A106ZCP7RSXMRU,5
B001BM3C4M,A16KK3YHCWE29C,5
B001BM3C4M,AQQLWCMRNDFGI,3
B001BM3C4M,A3VKBFC5K2INR4,5
B001BM3C4M,A1LZJZIHUPLDV4,5
B001BM3C4M,A36MP37DITBU6F,5
B001BM3C4M,A16KK3YHCWE29C,5
B001BM3C4M,A106ZCP7RSXMRU,5
B001BM3C4M,A17GK9E70O7Y9R,4
B001BM3C4M,A2A8KWCE8RKB9T,5
B000CQC064,A3UUTDX2WNVUS3,5
B000CQC064,A13GZCHAMKWYBT,5
B000CQC064,A3FY3H6F4249E0,5
B000CQC064,ADS5APY1NKTL4,5
B000CQC064,A2OWR2PL3DLWS4,1
B000CQC064,A1AEQZM99LO9VA,4
B000CQC064,A3FY3H6F4249E0,5
B000CQC064,A1AEQZM99LO9VA,1
B000CQC064,A1SCANWWQTEG9I,2
B000H5DADW,AJQDIT55SZ3ZX,5
B000H5DADW,A29313797NGT9L,4
B000H5DADW,A1GYEGLX3P2Y7P,5
B000H5DADW,A19SDJ2TSSL8HI,5
B000H5DADW,A3OXHLG6DIBRW8,4
B000H5DADW,A3OXHLG6DIBRW8,4
B000H5DADW,AJQDIT55SZ3ZX,5
B000H5DADW,AI0NMYA3LKXW1,5
B000GINU8K,A3FY3H6F4249E0,5
B000GINU8K,A3FY3H6F4249E0,5
B000GINU8K,A3FY3H6F4249E0,5
B000GINU8K,A3FY3H6F4249E0,5
B000GINU8K,A13HRSMJ5TOWEZ,3
B000GINU8K,A13HRSMJ5TOWEZ,3
B000GINU8K,A13HRSMJ5TOWEZ,5
B000GINU8K,A1SO1PGDNVMLXC,3
B000GINU8K,A3FY3H6F4249E0,3
B000GINU8K,A3FY3H6F4249E0,5
B0034KN29O,A1TMAVN4CEM8U8,5
B0034KN29O,A7EK88GF8N40F,5
B0034KN29O,A1TMAVN4CEM8U8,5
B0034KN29O,A1TMAVN4CEM8U8,5
B0034KN29O,A1TMAVN4CEM8U8,5
B0034KN29O,A1TMAVN4CEM8U8,5
B0034KN29O,A3094EPI56GKZ6,5
B0034KN29O,A1P2XYD265YE21,5
B0034KN29O,A361PLXEWB9UC1,5
B0034KN29O,A1TMAVN4CEM8U8,5
B0034KN29O,A2XNJJ9TF70P4J,1
B000E63L8S,A26A64X86VL1R4,5
B000E63L8S,ADS5APY1NKTL4,5
B000E63L8S,A2XNJJ9TF70P4J,5
B000E63L8S,AWKZAUC0D8DYL,5
B000E63L8S,A3FKGKUCI3DG9U,5
B004HOQDK6,A2OL5WLCNZVD9K,5
B004HOQDK6,A1X1CEGHTHMBL1,5
B004HOQDK6,AJCK6OKNWGIYG,5
B004HOQDK6,A1TMAVN4CEM8U8,5
B004HOQDK6,A1TMAVN4CEM8U8,5
B000EQX6QK,A2MNB77YGJ3CN0,4
B000EQX6QK,A3LWC833HQIG7J,4
B000EQX6QK,A13GZCHAMKWYBT,5
B000EQX6QK,A1XGFW5016CGQI,5
B000EQX6QK,A3RR2P5IS3DGPR,5
B000PMC7GI,A2YKWYC3WQJX5J,4
B000PMC7GI,A1TMAVN4CEM8U8,3
B000PMC7GI,A2Y4S4CNGKF21S,2
B000PMC7GI,A1080SE9X3ECK0,5
B000PMC7GI,AQLL2R1PPR46X,4
B005A1LINC,A35JP8KSV9281K,3
B005A1LINC,A3DOPYDOS49I3T,5
B005A1LINC,A2DPYMNI2HCIOI,4
B005A1LINC,A353U0L2HAMSHV,4
B005A1LINC,AKJHHD5VEH7VG,2
B005A1LINC,A1KEK09ZA6J9P8,5
B005A1LINC,A1B05INWIDZ74O,5
B005A1LINC,A3MUSWDCTZINQZ,5
B005A1LINC,A13MKSASQ6YWL7,5
B005A1LINC,AT9U5ZE5OO84C,4
B005A1LINC,ARYSDAZNRXN6G,1
B005A1LINC,A1X1CEGHTHMBL1,1
B005A1LINC,A2TO2BN3P4C00L,4
B005A1LINC,A1AEPMPA12GUJ7,5
B005A1LINC,A2W9I628I6SE1U,4
B001VIY8BW,A3TVZM3ZIXG8YW,1
B001VIY8BW,A3TVZM3ZIXG8YW,1
B001VIY8BW,A36JDIN9RAAIEC,5
B001VIY8BW,A3TVZM3ZIXG8YW,1
B001VIY8BW,A3TVZM3ZIXG8YW,1
B001VIY8BW,A3TVZM3ZIXG8YW,1
B001VIY8BW,A3TVZM3ZIXG8YW,1
B001VIY8BW,A36JDIN9RAAIEC,5
B001VIY8BW,A36JDIN9RAAIEC,5
B001VIY8BW,A3TVZM3ZIXG8YW,1
B001VIY8BW,A20OQMLRFNZADL,4
B001VIY8BW,A1HRYC60VTMYC0,5
B001VIY8BW,A2VUD4SPJO4V33,1
B001VIY8BW,A3TVZM3ZIXG8YW,1
B001VIY8BW,A3TVZM3ZIXG8YW,1
B001VIY8BW,A3TVZM3ZIXG8YW,1
B002UQIZ2C,A35W3JQYP0M655,5
B002UQIZ2C,A1IU7S4HCK1XK0,5
B002UQIZ2C,AZV26LP92E6WU,5
B002UQIZ2C,A2582KMXLK2P06,2
B002UQIZ2C,A1T1YSCDW0PD25,5
B002UQIZ2C,A370Z6I5GBWU44,5
B002UQIZ2C,A22CW0ZHY3NJH8,5
B002UQIZ2C,A383XURHVF8ON6,5
B002UQIZ2C,APP8XWYYV4PAA,3
B007PA33KM,A3OXHLG6DIBRW8,5
B007PA33KM,AK7CAW3N1XZV6,2
B007PA33KM,A2TJG4N8LNJW23,3
B007PA33KM,AQQLWCMRNDFGI,4
B007PA33KM,A2SZLNSI5KOQJT,3
B007PA33KM,A2TJG4N8LNJW23,4
B0018RYBZ4,A3OXHLG6DIBRW8,5
B0018RYBZ4,A1WX42M589VAMQ,5
B0018RYBZ4,A35JP8KSV9281K,5
B0018RYBZ4,A33REC3J2JU2EL,5
B0018RYBZ4,A17GK9E70O7Y9R,1
B000WFRQQ4,A29JUMRL1US6YP,5
B000WFRQQ4,A58N07M0ZCYMB,5
B000WFRQQ4,A2FRFAQCWZJT3Q,3
B000WFRQQ4,A29JUMRL1US6YP,5
B000WFRQQ4,A29JUMRL1US6YP,5
B000WFRQQ4,A29JUMRL1US6YP,5
B000WFRQQ4,A29JUMRL1US6YP,5
B000WFRQQ4,A29JUMRL1US6YP,5
B000WFRQQ4,A29JUMRL1US6YP,5
B000WFRQQ4,A29JUMRL1US6YP,5
B000WFRQQ4,A29JUMRL1US6YP,5
B000WFRQQ4,A29JUMRL1US6YP,5
B000WFRQQ4,A29JUMRL1US6YP,5
B003CIBPN8,A1DH3QDZX8Z7GO,3
B003CIBPN8,AY1EF0GOH80EK,5
B003CIBPN8,A1WX42M589VAMQ,1
B003CIBPN8,AY12DBB0U420B,4
B003CIBPN8,A3QNQQKJTL76H0,1
B003CIBPN8,A2AOD7254MCKSH,4
B003CIBPN8,A3094EPI56GKZ6,4
B003CIBPN8,A2YHXAZLCLDT8D,1
B003CIBPN8,AY12DBB0U420B,3
B003CIBPN8,AY1EF0GOH80EK,5
B007M832YY,A2LJJ4482V9LAW,5
B007M832YY,A2YB7DLC3FOR7W,5
B007M832YY,A17V9XL4CWTQ6G,5
B007M832YY,A2MNB77YGJ3CN0,5
B007M832YY,A3T0OTH5072YRE,3
B007M832YY,A2NOW4U7W3F7RI,5
B007M832YY,A1PI8VBCXXSGC7,4
B007M832YY,A24ZV048V7J0MT,3
B007M832YY,A3AZI828WJN1CD,3
B007M832YY,A13MKSASQ6YWL7,3
B007M832YY,ALL9XFM0Q1N4E,5
B007M832YY,A3BBC8E7QT7N9I,4
B007M832YY,A1ZH9LWMX5UCFJ,5
B007M832YY,A3HPCRD9RX351S,5
B007M832YY,A13K3ZLWAWN1EI,4
B007M832YY,A3QNQQKJTL76H0,5
B007M832YY,A3V1A3C9DTLPME,5
B007M832YY,A1GYEGLX3P2Y7P,4
B007M832YY,A2SZLNSI5KOQJT,4
B000H0ZJIG,A3AZI828WJN1CD,5
B000H0ZJIG,A19123D9G66E0O,5
B000H0ZJIG,A33AQPJYH7UUXR,4
B000H0ZJIG,AMPGRXQMO89X9,5
B000H0ZJIG,A1V1EP514B5H7Y,3
B000H0ZJIG,A383XURHVF8ON6,5
B000H0ZJIG,A3DOPYDOS49I3T,5
B000H0ZJIG,A3DOPYDOS49I3T,5
B000H0ZJIG,A9NXTC0HTPSDO,5
B000H0ZJIG,A9NXTC0HTPSDO,5
B000H0ZJIG,A26LD9FQHTM8ZH,5
B000H0ZJIG,A383XURHVF8ON6,5
B000H0ZJIG,A383XURHVF8ON6,5
B000H0ZJIG,A3HPCRD9RX351S,5
B000H0ZJIG,A3DOPYDOS49I3T,5
B000H0ZJIG,A17HMM1M7T9PJ1,5
B006N3HZ6K,A2YSFKX18XTHED,1
B006N3HZ6K,A33REC3J2JU2EL,5
B006N3HZ6K,A26NFIQ7KWI8Y7,3
B006N3HZ6K,A35R32TA60XD57,3
B006N3HZ6K,A2KUUWP4ZZMOBP,5
B001Q9EFVY,A2O421DTA8J0RW,4
B001Q9EFVY,A3DOPYDOS49I3T,5
B001Q9EFVY,A2Y8IDC1FKGNJC,4
B001Q9EFVY,ACYR6O588USK,5
B001Q9EFVY,A16AXQ11SZA8SQ,5
B001Q9EFVY,A35JP8KSV9281K,5
B001Q9EFVY,A100WO06OQR8BQ,5
B001SITWC0,A2Y4S4CNGKF21S,3
B001SITWC0,A1YP5WLIHGG136,4
B001SITWC0,A2II09GQGWOMTQ,5
B001SITWC0,A370Z6I5GBWU44,4
B001SITWC0,A250AXLRBVYKB4,5
B000CQG89Y,A1Z54EM24Y40LL,5
B000CQG89Y,A1SO1PGDNVMLXC,5
B000CQG89Y,A2IYLMDQGBB4VG,3
B000CQG89Y,A3FY3H6F4249E0,5
B000CQG89Y,A2OWR5G2OAQF7C,4
B000CQG89Y,A1SO1PGDNVMLXC,3
B000CQG89Y,A1YUL9PCJR3JTY,3
B000CQG89Y,A1YUL9PCJR3JTY,4
B000CQG89Y,A1SO1PGDNVMLXC,5
B000CQG89Y,A3FY3H6F4249E0,5
B000CQG89Y,A1YJMG0QJXZLD4,4
B000CQG89Y,A1YUL9PCJR3JTY,5
B000CQG89Y,A3FY3H6F4249E0,5
B000CQG89Y,A3FY3H6F4249E0,5
B000CQG89Y,A281NPSIMI1C2R,5
B000CQG89Y,A1YUL9PCJR3JTY,4
B000CQG89Y,ADS5APY1NKTL4,5
B000CQG89Y,AI0NMYA3LKXW1,5
B000CQG89Y,A1UQBFCERIP7VJ,4
B000CQIDAG,A2E3WMF9RWW2X2,5
B000CQIDAG,A2B8GXSCB1R05T,5
B000CQIDAG,A1YUL9PCJR3JTY,5
B000CQIDAG,A1YUL9PCJR3JTY,5
B000CQIDAG,A13HRSMJ5TOWEZ,5
B000CQIDAG,A281NPSIMI1C2R,5
B000CQIDAG,A1AEQZM99LO9VA,3
B000CQIDAG,A2B8GXSCB1R05T,5
B0044U3T82,A1ODKP5Y7DPMM1,5
B0044U3T82,A1ODKP5Y7DPMM1,5
B0044U3T82,ABDCYK04CL6O4,5
B0044U3T82,ABDCYK04CL6O4,5
B0044U3T82,ABDCYK04CL6O4,5
B001E6KBJ4,A3M8R4JD1SIS76,3
B001E6KBJ4,A2MNB77YGJ3CN0,5
B001E6KBJ4,A16WPA6JV83YXT,5
B001E6KBJ4,A3EPHBMU07LZ50,5
B001E6KBJ4,A2MUGFV2TDQ47K,4
B001E6KBJ4,A1ZH9LWMX5UCFJ,5
B001E6KBJ4,A2NOW4U7W3F7RI,5
B001E6KBJ4,A2NOW4U7W3F7RI,5
B001E6KBJ4,A19123D9G66E0O,3
B001SIY3O2,A2Y4S4CNGKF21S,3
B001SIY3O2,A1YP5WLIHGG136,4
B001SIY3O2,A2II09GQGWOMTQ,5
B001SIY3O2,A370Z6I5GBWU44,4
B001SIY3O2,A250AXLRBVYKB4,5
B001D0DMMY,A1T1YSCDW0PD25,4
B001D0DMMY,AQLL2R1PPR46X,5
B001D0DMMY,A1LFSTBR7L7PUT,5
B001D0DMMY,A3FY3H6F4249E0,4
B001D0DMMY,A1T1YSCDW0PD25,4
B001D0DMMY,AY12DBB0U420B,4
B001D0DMME,A1T1YSCDW0PD25,4
B001D0DMME,AQLL2R1PPR46X,5
B001D0DMME,A1LFSTBR7L7PUT,5
B001D0DMME,A3FY3H6F4249E0,4
B001D0DMME,A1T1YSCDW0PD25,4
B001D0DMME,AY12DBB0U420B,4
B000084DWM,A3TVZM3ZIXG8YW,1
B000084DWM,A3TVZM3ZIXG8YW,1
B000084DWM,A36JDIN9RAAIEC,5
B000084DWM,A3TVZM3ZIXG8YW,1
B000084DWM,A3TVZM3ZIXG8YW,1
B000084DWM,A3TVZM3ZIXG8YW,1
B000084DWM,A3TVZM3ZIXG8YW,1
B000084DWM,A36JDIN9RAAIEC,5
B000084DWM,A36JDIN9RAAIEC,5
B000084DWM,A3TVZM3ZIXG8YW,1
B000084DWM,A20OQMLRFNZADL,4
B000084DWM,A1HRYC60VTMYC0,5
B000084DWM,A2VUD4SPJO4V33,1
B000084DWM,A3TVZM3ZIXG8YW,1
B000084DWM,A3TVZM3ZIXG8YW,1
B000084DWM,A3TVZM3ZIXG8YW,1
B000ZSZ5S4,A1X1CEGHTHMBL1,5
B000ZSZ5S4,A3QNQQKJTL76H0,4
B000ZSZ5S4,A1X1CEGHTHMBL1,5
B000ZSZ5S4,A1X1CEGHTHMBL1,5
B000ZSZ5S4,A1X1CEGHTHMBL1,5
B000ZSZ5S4,A3QNQQKJTL76H0,4
B000ZSZ5S4,A1TMAVN4CEM8U8,5
B000ZSZ5S4,A1TMAVN4CEM8U8,5
B000ZSZ5S4,A1TMAVN4CEM8U8,5
B000ZSZ5S4,A1G60ANYI0HMEU,5
B000ZSZ5S4,A1G60ANYI0HMEU,4
B000ZSZ5S4,A1WX42M589VAMQ,5
B000ZSZ5S4,A1G60ANYI0HMEU,4
B000ZSZ5S4,A1SCANWWQTEG9I,3
B000ZSZ5S4,A1N5FSCYN4796F,3
B000ZSZ5S4,A1G60ANYI0HMEU,5
B000ZSZ5S4,A1N5FSCYN4796F,5
B000ZSZ5S4,A361PLXEWB9UC1,5
B000ZSZ5S4,A1TMAVN4CEM8U8,5
B000ZSZ5S4,A7EK88GF8N40F,5
B000ZSZ5S4,A1TMAVN4CEM8U8,5
B000ZSZ5S4,A3OXHLG6DIBRW8,5
B000ZSZ5S4,A1SCANWWQTEG9I,3
B000ZSZ5S4,A1X1CEGHTHMBL1,4
B000CQ01GU,A19123D9G66E0O,4
B000CQ01GU,A1YP5WLIHGG136,5
B000CQ01GU,A26HFSVLAGULIM,5
B000CQ01GU,A2TO2BN3P4C00L,2
B000CQ01GU,A281NPSIMI1C2R,5
B001EQ4IMA,A281NPSIMI1C2R,5
B001EQ4IMA,A2MNB77YGJ3CN0,5
B001EQ4IMA,A3PJZ8TU8FDQ1K,5
B001EQ4IMA,A3DOPYDOS49I3T,5
B001EQ4IMA,A1ZH9LWMX5UCFJ,5
B001HN5Z4K,A3MZNRSDQ32UUH,4
B001HN5Z4K,A3PJZ8TU8FDQ1K,5
B001HN5Z4K,A2G7B7FKP2O2PU,5
B001HN5Z4K,A383XURHVF8ON6,5
B001HN5Z4K,AWKZAUC0D8DYL,5
B001HN5Z4K,A35JP8KSV9281K,5
B001HN5Z4K,A33REC3J2JU2EL,4
B001HN5Z4K,A3LWC833HQIG7J,5
B001HN5Z4K,A2MSQNPTNAAGL1,5
B001HN5Z4K,A2Y8IDC1FKGNJC,4
B001HN5Z4K,A3HPCRD9RX351S,5
B001HN5Z4K,A16AXQ11SZA8SQ,5
B000Q71L50,A3VKBFC5K2INR4,5
B000Q71L50,A1KEK09ZA6J9P8,5
B000Q71L50,AY12DBB0U420B,5
B000Q71L50,A2TN9C5E4A0I3F,5
B000Q71L50,A2OEUROGZDTXUJ,5
B0029JIARK,A24ZV048V7J0MT,4
B0029JIARK,A35LT14WG5BX0T,5
B0029JIARK,A36WGHR8TO5DKT,4
B0029JIARK,AZV26LP92E6WU,5
B0029JIARK,AYB4ELCS5AM8P,5
B0029JIARK,ABDCYK04CL6O4,5
B001BM62T4,A3F3B1JPACN215,4
B001BM62T4,A1UQBFCERIP7VJ,4
B001BM62T4,A2Y8IDC1FKGNJC,5
B001BM62T4,AQLL2R1PPR46X,4
B001BM62T4,A26A64X86VL1R4,5
B001BM62T4,A12ENBT314RFXR,2
B001BM62T4,A1ONZ8JRPLBNUI,5
B001BM62T4,AT9U5ZE5OO84C,3
B001BM62T4,A1F7YU6O5RU432,3
B001BM62T4,A3PJZ8TU8FDQ1K,5
B001BM62T4,A1SCANWWQTEG9I,3
B001BM62T4,A2M9D9BDHONV3Y,4
B001BM62T4,A1H7Y5XKPGT0OS,1
B001BM62T4,AK8LOFYRZJJW0,3
B001BM62T4,A1X2LENOF84LCQ,4
B001BM62T4,A2YKWYC3WQJX5J,5
B001BM62T4,A2TO2BN3P4C00L,4
B006VC0ZYM,AKMEY1BSHSDG7,5
B006VC0ZYM,A2MNB77YGJ3CN0,5
B006VC0ZYM,ALL9XFM0Q1N4E,5
B006VC0ZYM,A3PD8JD9L4WEII,4
B006VC0ZYM,A1YJMG0QJXZLD4,5
B002OFUC8O,A2Y4S4CNGKF21S,3
B002OFUC8O,A1YP5WLIHGG136,4
B002OFUC8O,A2II09GQGWOMTQ,5
B002OFUC8O,A370Z6I5GBWU44,4
B002OFUC8O,A250AXLRBVYKB4,5
B0018KNGDY,A1P2XYD265YE21,5
B0018KNGDY,A1P2XYD265YE21,5
B0018KNGDY,A1RLP0R1N8H8C4,4
B0018KNGDY,AJB5P7GVR0MT8,2
B0018KNGDY,AQLL2R1PPR46X,2
B005BPVB9S,A3PJZ8TU8FDQ1K,5
B005BPVB9S,AKMEY1BSHSDG7,4
B005BPVB9S,A1LHAXBM5GBJS2,2
B005BPVB9S,A1ONZ8JRPLBNUI,3
B005BPVB9S,A3R9H6OKZHHRJD,3
B005BPVB9S,A35LT14WG5BX0T,4
B005BPVB9S,A3MUSWDCTZINQZ,5
B005BPVB9S,A1N5FSCYN4796F,4
B005BPVB9S,A3EFSLEMHNPP6A,5
B005BPVB9S,A1A1BM6N28X9J0,1
B008FHUGNQ,A2YSFKX18XTHED,1
B008FHUGNQ,A33REC3J2JU2EL,5
B008FHUGNQ,A26NFIQ7KWI8Y7,3
B008FHUGNQ,A35R32TA60XD57,3
B008FHUGNQ,A2KUUWP4ZZMOBP,5
B005GBIXZM,ACYR6O588USK,4
B005GBIXZM,A3PJZ8TU8FDQ1K,1
B005GBIXZM,A100WO06OQR8BQ,1
B005GBIXZM,A3AZI828WJN1CD,5
B005GBIXZM,AKZKG2Z7CNV27,2
B005GBIXZM,A36MP37DITBU6F,4
B005GBIXZM,AEC90GPFKLAAW,3
B005GBIXZM,A1LHAXBM5GBJS2,3
B005GBIXZM,AYOMAHLWRQHUG,3
B005GBIXZM,AKZKG2Z7CNV27,2
B005GBIXZM,A3M8R4JD1SIS76,4
B005GBIXZM,A2R1HUYHXV7H18,3
B005GBIXZM,A2Y8IDC1FKGNJC,3
B005GBIXZM,A2KIVODZRTGY4U,3
B005GBIXZM,A9NXTC0HTPSDO,4
B005GBIXZM,A1DH3QDZX8Z7GO,3
B005GBIXZM,AY1EF0GOH80EK,3
B005GBIXZM,A1QBOC76MIOJYP,2
B0029NM6NU,A2T5VEAFT6PUH3,4
B0029NM6NU,A2T5VEAFT6PUH3,4
B0029NM6NU,A2T5VEAFT6PUH3,4
B0029NM6NU,A2T5VEAFT6PUH3,5
B0029NM6NU,A2T5VEAFT6PUH3,5
B001PMDYV4,A1Z4LX3Q1YMF84,2
B001PMDYV4,A1K82R24ROO2I7,5
B001PMDYV4,A2PNOU7NXB1JE4,3
B001PMDYV4,A11OTLEDSW8ZXD,3
B001PMDYV4,A2UCZAWAN5QMJQ,2
B001PMDYV4,A35R32TA60XD57,1
B0029NMB6M,A2T5VEAFT6PUH3,4
B0029NMB6M,A2T5VEAFT6PUH3,4
B0029NMB6M,A2T5VEAFT6PUH3,4
B0029NMB6M,A2T5VEAFT6PUH3,5
B0029NMB6M,A2T5VEAFT6PUH3,5
B0030VJ8PE,A20P8VC55KPPCT,5
B0030VJ8PE,A20P8VC55KPPCT,5
B0030VJ8PE,A4DTM6B4IBYQX,5
B0030VJ8PE,A4DTM6B4IBYQX,5
B0030VJ8PE,A4DTM6B4IBYQX,4
B0030VJ8PE,A20P8VC55KPPCT,5
B0030VJ8PE,A20P8VC55KPPCT,5
B008CTBK7S,A3V1A3C9DTLPME,4
B008CTBK7S,A19123D9G66E0O,2
B008CTBK7S,A1N5FSCYN4796F,5
B008CTBK7S,AEC90GPFKLAAW,5
B008CTBK7S,A19123D9G66E0O,2
B008CTBK7S,A2TO2BN3P4C00L,3
B001ELL9GI,A2OWR5G2OAQF7C,1
B001ELL9GI,A2X3L31KCXBHCL,5
B001ELL9GI,A2DPYMNI2HCIOI,4
B001ELL9GI,A3EBHHCZO6V2A4,5
B001ELL9GI,A2FRFAQCWZJT3Q,4
B005VOOM5E,AIEEK7AHXKZCC,5
B005VOOM5E,A2OL5WLCNZVD9K,5
B005VOOM5E,ADS5APY1NKTL4,5
B005VOOM5E,A3R9H6OKZHHRJD,3
B005VOOM5E,AEL6CQNQXONBX,5
B005VOOM5E,A16WPA6JV83YXT,3
B005VOOM5E,A26LD9FQHTM8ZH,4
B005VOOM5E,A1P2XYD265YE21,5
B005VOOM5E,AT9U5ZE5OO84C,5
B005VOOM5E,A1JMR1N9NBYJ1X,5
B005VOOM5E,A100WO06OQR8BQ,2
B005VOOM5E,A1ONZ8JRPLBNUI,5
B005VOOM5E,A1IH42TUIZ2XJL,4
B005VOOM5E,A2R1HUYHXV7H18,4
B005VOOM5E,A1AEPMPA12GUJ7,4
B005VOOM5E,AMRMK86X3PKXD,5
B005VOOM5E,A2Y8IDC1FKGNJC,5
B005VOOM5E,A2FRFAQCWZJT3Q,5
B005VOOM5E,ACAXV4V8PBCE3,4
B005VOOM5E,A2XNOB1T796Y6B,4
B005VOOM5E,A1A1BM6N28X9J0,4
B005VOOM5E,A13WOT3RSXKRD5,4
B005VOOM5E,A29M09QBG9TZLP,4
B005VOOM5E,A1LHAXBM5GBJS2,3
B005VOOM5E,A1H7Y5XKPGT0OS,4
B005VOOM5E,ANCOMAI0I7LVG,3
B005VOOM5E,A35JP8KSV9281K,5
B005VOOM5E,A175N19FS2B4J,4
B005VOOM5E,A1B6O7SAIYG2N0,4
B005VOOM5E,ARYSDAZNRXN6G,5
B005VOOM5E,A3M8R4JD1SIS76,5
B005VOOM5E,A1HRYC60VTMYC0,5
B005VOOM5E,A3FKGKUCI3DG9U,4
B000EPR1KI,AQ6AGWKWMTY8H,4
B000EPR1KI,AKMEY1BSHSDG7,4
B000EPR1KI,A37CENQP0ZNKVE,5
B000EPR1KI,AKMEY1BSHSDG7,5
B000EPR1KI,AKMEY1BSHSDG7,5
B000EPR1KI,A36WGHR8TO5DKT,5
B000EPR1KI,A1WX42M589VAMQ,2
B000EPR1KI,A18L1CVUIQRE9L,1
B001VIYCK4,A3TVZM3ZIXG8YW,1
B001VIYCK4,A3TVZM3ZIXG8YW,1
B001VIYCK4,A36JDIN9RAAIEC,5
B001VIYCK4,A3TVZM3ZIXG8YW,1
B001VIYCK4,A3TVZM3ZIXG8YW,1
B001VIYCK4,A3TVZM3ZIXG8YW,1
B001VIYCK4,A3TVZM3ZIXG8YW,1
B001VIYCK4,A36JDIN9RAAIEC,5
B001VIYCK4,A36JDIN9RAAIEC,5
B001VIYCK4,A3TVZM3ZIXG8YW,1
B001VIYCK4,A20OQMLRFNZADL,4
B001VIYCK4,A1HRYC60VTMYC0,5
B001VIYCK4,A2VUD4SPJO4V33,1
B001VIYCK4,A3TVZM3ZIXG8YW,1
B001VIYCK4,A3TVZM3ZIXG8YW,1
B001VIYCK4,A3TVZM3ZIXG8YW,1
B007RTR8UW,A2FRFAQCWZJT3Q,4
B007RTR8UW,A29M09QBG9TZLP,4
B007RTR8UW,A13WOT3RSXKRD5,4
B007RTR8UW,A22CW0ZHY3NJH8,4
B007RTR8UW,A3OXHLG6DIBRW8,4
B007RTR8UW,ALDAF4VVLFRHP,5
B007RTR8UW,AEL6CQNQXONBX,3
B007RTR8UW,A1W415JP5WEAJK,5
B007RTR8UW,A2SZLNSI5KOQJT,3
B007RTR8UW,A3D9NUCR4RXDPY,4
B007RTR8UW,AQ6AGWKWMTY8H,3
B007RTR8UW,A1GYEGLX3P2Y7P,5
B007RTR8UW,A26LD9FQHTM8ZH,2
B007RTR8UW,AIEEK7AHXKZCC,5
B007RTR8UW,ADS5APY1NKTL4,4
B007RTR8UW,A3MUSWDCTZINQZ,4
B007RTR8UM,A3D9NUCR4RXDPY,5
B007RTR8UM,AK7CAW3N1XZV6,5
B007RTR8UM,AEL6CQNQXONBX,3
B007RTR8UM,A3OXHLG6DIBRW8,4
B007RTR8UM,A2SZLNSI5KOQJT,4
B007RTR8UM,A3MUSWDCTZINQZ,4
B007RTR8UM,A26LD9FQHTM8ZH,3
B007RTR8UM,A1QBOC76MIOJYP,2
B007RTR8UM,A1V1EP514B5H7Y,4
B007RTR8UM,AY1EF0GOH80EK,5
B007RTR8UM,A1X2LENOF84LCQ,3
B007RTR8UC,A1GYEGLX3P2Y7P,4
B007RTR8UC,AEL6CQNQXONBX,4
B007RTR8UC,A1QBOC76MIOJYP,3
B007RTR8UC,A22CW0ZHY3NJH8,4
B007RTR8UC,A3OXHLG6DIBRW8,4
B007RTR8UC,A3MUSWDCTZINQZ,4
B007RTR8UC,A3AZI828WJN1CD,5
B007RTR8UC,A3R9H6OKZHHRJD,4
B007RTR8UC,A353U0L2HAMSHV,4
B007RTR8UC,AQ6AGWKWMTY8H,5
B007RTR8UC,A2MSQNPTNAAGL1,4
B007RTR8UC,ACAXV4V8PBCE3,4
B007RTR8UC,A2XNOB1T796Y6B,4
B007RTR8UC,A1DH3QDZX8Z7GO,4
B000AY9UBQ,AJQDIT55SZ3ZX,5
B000AY9UBQ,A29313797NGT9L,4
B000AY9UBQ,A1GYEGLX3P2Y7P,5
B000AY9UBQ,A19SDJ2TSSL8HI,5
B000AY9UBQ,A3OXHLG6DIBRW8,4
B000AY9UBQ,A3OXHLG6DIBRW8,4
B000AY9UBQ,AJQDIT55SZ3ZX,5
B000AY9UBQ,AI0NMYA3LKXW1,5
B007TGO1TY,A2MUGFV2TDQ47K,2
B007TGO1TY,A1JMR1N9NBYJ1X,4
B007TGO1TY,A1RRMZKOMZ2M7J,2
B007TGO1TY,A35X2JJI49OBZP,4
B007TGO1TY,A2XNOB1T796Y6B,3
B007TGO1TY,ARYSDAZNRXN6G,2
B008BLFFAK,A370Z6I5GBWU44,4
B008BLFFAK,A19123D9G66E0O,4
B008BLFFAK,A2NOW4U7W3F7RI,5
B008BLFFAK,A3EPHBMU07LZ50,4
B008BLFFAK,AZV26LP92E6WU,5
B008BLFFAK,A1XGFW5016CGQI,5
B008BLFFAK,A1YJMG0QJXZLD4,5
B008BLFFAK,AJCK6OKNWGIYG,4
B000P54HVS,A18L1CVUIQRE9L,5
B000P54HVS,A18L1CVUIQRE9L,5
B000P54HVS,A36WGHR8TO5DKT,2
B000P54HVS,A281NPSIMI1C2R,5
B000P54HVS,A2PNOU7NXB1JE4,5
B000P54HVS,A2PNOU7NXB1JE4,4
B000P54HVS,A281NPSIMI1C2R,5
B000P54HVS,AKMEY1BSHSDG7,5
B000P54HVS,ANCOMAI0I7LVG,4
B000P54HVS,A2OWR2PL3DLWS4,5
B000P54HVS,A35LT14WG5BX0T,3
B000CQBZPG,A3UUTDX2WNVUS3,5
B000CQBZPG,A13GZCHAMKWYBT,5
B000CQBZPG,A3FY3H6F4249E0,5
B000CQBZPG,ADS5APY1NKTL4,5
B000CQBZPG,A2OWR2PL3DLWS4,1
B000CQBZPG,A1AEQZM99LO9VA,4
B000CQBZPG,A3FY3H6F4249E0,5
B000CQBZPG,A1AEQZM99LO9VA,1
B000CQBZPG,A1SCANWWQTEG9I,2
B003VXL0V6,A2UCZAWAN5QMJQ,4
B003VXL0V6,A35R32TA60XD57,5
B003VXL0V6,A2SZLNSI5KOQJT,4
B003VXL0V6,A2SZLNSI5KOQJT,5
B003VXL0V6,A17HMM1M7T9PJ1,4
B003VXL0V6,A2SZLNSI5KOQJT,3
B003VXL0V6,A26NFIQ7KWI8Y7,3
B003VXL0V6,A2TJG4N8LNJW23,4
B003VXL0V6,A2SZLNSI5KOQJT,3
B003VXL0V6,AYOMAHLWRQHUG,5
B003VXL0V6,A2D1LPEUCTNT8X,3
B003VXL0V6,A3OXRFCJI67IMN,4
B003VXL0V6,AQQLWCMRNDFGI,4
B003VXL0V6,A2KUUWP4ZZMOBP,4
B003VXL0V6,A2SZLNSI5KOQJT,4
B003VXL0V6,A26NFIQ7KWI8Y7,1
B003VXL0V6,AYOMAHLWRQHUG,5
B003VXL0V6,A35R32TA60XD57,5
B003VXL0V6,AQQLWCMRNDFGI,4
B005QRPH3M,A1LHAXBM5GBJS2,4
B005QRPH3M,AMPGRXQMO89X9,3
B005QRPH3M,A1YJMG0QJXZLD4,5
B005QRPH3M,A2O421DTA8J0RW,5
B005QRPH3M,A35LT14WG5BX0T,4
B001B4VOQI,A29JUMRL1US6YP,5
B001B4VOQI,AJD41FBJD9010,5
B001B4VOQI,AJD41FBJD9010,5
B001B4VOQI,AJD41FBJD9010,5
B001B4VOQI,AJD41FBJD9010,5
B001B4VOQI,AJD41FBJD9010,5
B001B4VOQI,AJD41FBJD9010,5
B000H7ELTW,A1WOMXOEX90ARI,5
B000H7ELTW,A3D9NUCR4RXDPY,5
B000H7ELTW,ALSAOZ1V546VT,5
B000H7ELTW,A1ZSF5CJ0A4CIO,5
B000H7ELTW,A100WO06OQR8BQ,5
B000H7ELTW,A2MNB77YGJ3CN0,5
B000FBO9MO,ALSAOZ1V546VT,5
B000FBO9MO,AXO4PQU0XG3TG,5
B000FBO9MO,A13K3ZLWAWN1EI,5
B000FBO9MO,A2OWR2PL3DLWS4,5
B000FBO9MO,A2OWR2PL3DLWS4,5
B000FBO9MO,A2OWR2PL3DLWS4,5
B000FBO9MO,A13K3ZLWAWN1EI,5
B000FBO9MO,ALSAOZ1V546VT,5
B000FBO9MO,A2IYLMDQGBB4VG,2
B000V17MLS,A2SZLNSI5KOQJT,5
B000V17MLS,AQLL2R1PPR46X,5
B000V17MLS,A17HMM1M7T9PJ1,5
B000V17MLS,A2MNB77YGJ3CN0,5
B000V17MLS,ARYSDAZNRXN6G,4
B000V17MLS,A25C2M3QF9G7OQ,5
B000V17MLS,A353U0L2HAMSHV,4
B000V17MLS,A11OTLEDSW8ZXD,5
B001D09KAM,A1T1YSCDW0PD25,4
B001D09KAM,AQLL2R1PPR46X,5
B001D09KAM,A1LFSTBR7L7PUT,5
B001D09KAM,A3FY3H6F4249E0,4
B001D09KAM,A1T1YSCDW0PD25,4
B001D09KAM,AY12DBB0U420B,4
B000VK4K3W,A1Z4LX3Q1YMF84,2
B000VK4K3W,A1K82R24ROO2I7,5
B000VK4K3W,A2PNOU7NXB1JE4,3
B000VK4K3W,A11OTLEDSW8ZXD,3
B000VK4K3W,A2UCZAWAN5QMJQ,2
B000VK4K3W,A35R32TA60XD57,1
B0029NISMI,A2T5VEAFT6PUH3,4
B0029NISMI,A2T5VEAFT6PUH3,4
B0029NISMI,A2T5VEAFT6PUH3,4
B0029NISMI,A2T5VEAFT6PUH3,5
B0029NISMI,A2T5VEAFT6PUH3,5
B005GIF5WY,A22CW0ZHY3NJH8,4
B005GIF5WY,A1I85Y08VRZ32Q,5
B005GIF5WY,A1I85Y08VRZ32Q,5
B005GIF5WY,A1PI8VBCXXSGC7,5
B005GIF5WY,ATJN4KEHJBOC8,3
B005GIF5WY,A1I85Y08VRZ32Q,3
B005GIF5WY,AY12DBB0U420B,5
B005GIF5WY,ALDAF4VVLFRHP,5
B002IEVJRY,A3MDETK0D5UAIN,4
B002IEVJRY,A1ZPY91VE3IDN1,3
B002IEVJRY,A1V1EP514B5H7Y,5
B002IEVJRY,A3AZI828WJN1CD,4
B002IEVJRY,AKMEY1BSHSDG7,4
B002IEVJRY,A13GZCHAMKWYBT,4
B002IEVJRY,A1YJMG0QJXZLD4,4
B002IEVJRY,A3094EPI56GKZ6,5
B002IEVJRY,ALDAF4VVLFRHP,4
B002IEVJRY,A2R1HUYHXV7H18,4
B002IEVJRY,ADLVFFE4VBT8,3
B002IEVJRY,A2MUGFV2TDQ47K,4
B002IEVJRY,AKJHHD5VEH7VG,3
B002IEVJRY,A1ODOGXEYECQQ8,4
B002IEVJRY,A17HMM1M7T9PJ1,3
B002IEVJRY,A3QNQQKJTL76H0,4
B002IEVJRY,A1UQBFCERIP7VJ,4
B002IEVJRY,A2YB7DLC3FOR7W,3
B002IEVJRY,A1N5FSCYN4796F,3
B002IEVJRY,A2MSQNPTNAAGL1,3
B002IEVJRY,A3OXHLG6DIBRW8,5
B002IEVJRY,A1W415JP5WEAJK,4
B002IEVJRY,A25C2M3QF9G7OQ,5
B002IEVJRY,A29M09QBG9TZLP,5
B002IEVJRY,AMRMK86X3PKXD,4
B002IEVJRY,AYB4ELCS5AM8P,3
B002IEVJRY,ACAXV4V8PBCE3,5
B002IEVJRY,AEL6CQNQXONBX,3
B002IEVJRY,AIEEK7AHXKZCC,4
B002IEVJRY,A2TO2BN3P4C00L,4
B002IEVJRY,A1TMAVN4CEM8U8,4
B002IEVJRY,A2FRFAQCWZJT3Q,5
B002IEVJRY,A13WOT3RSXKRD5,2
B002IEVJRY,A3EFSLEMHNPP6A,4
B002IEVJRY,A2XNOB1T796Y6B,3
B002IEVJRY,AQLL2R1PPR46X,4
B002IEVJRY,A16WPA6JV83YXT,3
B002IEVJRY,A13MKSASQ6YWL7,5
B002IEVJRY,A3PJZ8TU8FDQ1K,5
B002IEVJRY,A3R9H6OKZHHRJD,4
B002IEVJRY,AQ6AGWKWMTY8H,5
B002IEVJRY,A36MP37DITBU6F,2
B002IEVJRY,A1ONZ8JRPLBNUI,3
B002IEVJRY,AK7CAW3N1XZV6,4
B002IEVJRY,A22PUBSSNP54L,5
B002IEVJRY,A1PI8VBCXXSGC7,5
B002IEVJRY,A1HRYC60VTMYC0,1
B002IEVJRY,ANCOMAI0I7LVG,4
B002IEVJRY,A353U0L2HAMSHV,3
B002IEVJRY,A11OTLEDSW8ZXD,4
B002IEVJRY,A1KEK09ZA6J9P8,2
B002IEVJRY,A1JMR1N9NBYJ1X,5
B002IEVJRY,A2OL5WLCNZVD9K,5
B002IEVJRY,A1AEPMPA12GUJ7,4
B002IEVJRY,ARYSDAZNRXN6G,3
B002IEVJRY,A2Y8IDC1FKGNJC,3
B002IEVJRY,A3D9NUCR4RXDPY,3
B002IEVJRY,A2YKWYC3WQJX5J,3
B002IEVJRY,A1DH3QDZX8Z7GO,5
B0016PC4TS,A2R1HUYHXV7H18,3
B0016PC4TS,A1RRMZKOMZ2M7J,4
B0016PC4TS,A3OXHLG6DIBRW8,4
B0016PC4TS,A17HMM1M7T9PJ1,5
B0016PC4TS,A11OTLEDSW8ZXD,4
B0016PC4TS,A2G7B7FKP2O2PU,2
B0016PC4TS,A2YKWYC3WQJX5J,4
B0016PC4TS,AKJHHD5VEH7VG,4
B0016PC4TS,A3MUSWDCTZINQZ,3
B0016PC4TS,A16AXQ11SZA8SQ,3
B0016PC4TS,A2O421DTA8J0RW,4
B0016PC4TS,A100WO06OQR8BQ,1
B0016PC4TS,A1QBOC76MIOJYP,5
B0016PC4TS,A26LD9FQHTM8ZH,4
B0016PC4TS,A2SZLNSI5KOQJT,5
B000Q611U6,A2X3L31KCXBHCL,3
B000Q611U6,A2Y8IDC1FKGNJC,5
B000Q611U6,A1AEPMPA12GUJ7,4
B000Q611U6,A1LZJZIHUPLDV4,5
B000Q611U6,A1X2LENOF84LCQ,3
B000Q611U6,A16AXQ11SZA8SQ,5
B000Q611U6,A1LHAXBM5GBJS2,4
B000Q611U6,A13MKSASQ6YWL7,5
B000Q611U6,A25C2M3QF9G7OQ,4
B000Q611U6,A26LD9FQHTM8ZH,5
B000Q611U6,A2LJJ4482V9LAW,2
B000Q611U6,AXO4PQU0XG3TG,4
B000Q611U6,AQLL2R1PPR46X,5
B000Q611U6,AWKZAUC0D8DYL,5
B000Q611U6,AJCK6OKNWGIYG,5
B000Q611U6,A35X2JJI49OBZP,5
B000FVW4OY,A3OXHLG6DIBRW8,5
B000FVW4OY,A2YIO225BTKVPU,4
B000FVW4OY,A3UUTDX2WNVUS3,5
B000FVW4OY,A3BH49ZKESHDID,5
B000FVW4OY,A1ZH9LWMX5UCFJ,5
B000FVW4OY,A2YIO225BTKVPU,5
B005BPVB84,AEC90GPFKLAAW,3
B005BPVB84,A1W415JP5WEAJK,3
B005BPVB84,A7EK88GF8N40F,2
B005BPVB84,AKJHHD5VEH7VG,3
B005BPVB84,A2TO2BN3P4C00L,2
B005BPVB84,ALDAF4VVLFRHP,4
B0058AMY5G,A2OEUROGZDTXUJ,5
B0058AMY5G,A22PUBSSNP54L,5
B0058AMY5G,AYB4ELCS5AM8P,5
B0058AMY5G,A2MUGFV2TDQ47K,3
B0058AMY5G,A3RMGIKUWGPZOK,5
B0058AMY5G,A3PJZ8TU8FDQ1K,5
B0058AMY5G,A3PJZ8TU8FDQ1K,5
B0058AMY5G,A31N6KB160O508,4
B0058AMY5G,A31N6KB160O508,4
B0058AMY5G,A31N6KB160O508,4
B0058AMY5G,A1B05INWIDZ74O,3
B0058AMY5G,A1B05INWIDZ74O,5
B0058AMY5G,A2OEUROGZDTXUJ,4
B0058AMY5G,A38KP1POQ191WT,1
B0058AMY5G,ACYR6O588USK,5
B0058AMY5G,AY1EF0GOH80EK,5
B0058AMY5G,A2A1XYSB692L6J,5
B0058AMY5G,A3RMGIKUWGPZOK,3
B0058AMY5G,A2TN9C5E4A0I3F,1
B0058AMY5G,AR7TAEEUDHMUB,1
B0058AMY5G,ADS5APY1NKTL4,5
B0058AMY5G,A3RMGIKUWGPZOK,5
B0058AMY5G,A3PJZ8TU8FDQ1K,5
B0058AMY5G,A1Q7A78VSQ5GQ4,5
B0058AMY5G,A2A8KWCE8RKB9T,4
B0058AMY5G,A2OEUROGZDTXUJ,5
B0058AMY5G,A2II09GQGWOMTQ,5
B0058AMY5G,AQQLWCMRNDFGI,4
B0058AMY5G,A24ZV048V7J0MT,5
B0058AMY5G,A3RMGIKUWGPZOK,5
B0058AMY5G,A3PJZ8TU8FDQ1K,5
B0058AMY5G,A3PJZ8TU8FDQ1K,5
B0058AMY5G,A2YKWYC3WQJX5J,5
B0058AMY5G,AKMEY1BSHSDG7,5
B0058AMY5G,ADS5APY1NKTL4,5
B0058AMY5G,A3M174IC0VXOS2,5
B0058AMY5G,A2OL5WLCNZVD9K,3
B004OLIL6Q,A1B6O7SAIYG2N0,5
B004OLIL6Q,A2SZLNSI5KOQJT,5
B004OLIL6Q,AYOMAHLWRQHUG,4
B004OLIL6Q,A2SZLNSI5KOQJT,3
B004OLIL6Q,A2SZLNSI5KOQJT,2
B003FDG4K4,A2AOD7254MCKSH,5
B003FDG4K4,A1WX42M589VAMQ,3
B003FDG4K4,A2YKWYC3WQJX5J,5
B003FDG4K4,A3EFSLEMHNPP6A,5
B003FDG4K4,A3EFSLEMHNPP6A,5
B003FDG4K4,A2AOD7254MCKSH,5
B003FDG4K4,A3LWC833HQIG7J,5
B0030VJ9K8,A4DTM6B4IBYQX,5
B0030VJ9K8,A4DTM6B4IBYQX,5
B0030VJ9K8,A20P8VC55KPPCT,5
B0030VJ9K8,A4DTM6B4IBYQX,2
B0030VJ9K8,A20P8VC55KPPCT,5
B0030VJ9K8,A20P8VC55KPPCT,5
B005K4Q4LK,A35R32TA60XD57,1
B005K4Q4LK,AKJHHD5VEH7VG,3
B005K4Q4LK,ALDAF4VVLFRHP,5
B005K4Q4LK,ALDAF4VVLFRHP,5
B005K4Q4LK,A1X2LENOF84LCQ,2
B005K4Q4LK,A35X2JJI49OBZP,4
B000KEPBBY,A13MKSASQ6YWL7,3
B000KEPBBY,AKMEY1BSHSDG7,5
B000KEPBBY,A35W3JQYP0M655,5
B000KEPBBY,AQ52JX9ES6XYY,5
B000KEPBBY,A2DPYMNI2HCIOI,5
B000KEPBBY,A37CENQP0ZNKVE,5
B000KEPBBY,A3V1A3C9DTLPME,5
B000KEPBBY,AEC90GPFKLAAW,4
B000KEPBBY,AI0NMYA3LKXW1,5
B00503DOWS,A3QNQQKJTL76H0,4
B00503DOWS,A3HPCRD9RX351S,4
B00503DOWS,A281NPSIMI1C2R,5
B00503DOWS,A1A1BM6N28X9J0,2
B00503DOWS,ARYSDAZNRXN6G,3
B00503DOWS,AY1EF0GOH80EK,3
B00503DOWS,AQLL2R1PPR46X,5
B00503DOWS,A1RRMZKOMZ2M7J,3
B00503DOWS,AK8LOFYRZJJW0,4
B00503DOWS,ALDAF4VVLFRHP,4
B00503DOWS,A2Y8IDC1FKGNJC,5
B00503DOWS,A3D9NUCR4RXDPY,5
B000KGW2BY,APP8XWYYV4PAA,5
B000KGW2BY,A36WGHR8TO5DKT,4
B000KGW2BY,A2NOW4U7W3F7RI,5
B000KGW2BY,A3QNQQKJTL76H0,5
B000KGW2BY,A2YB7DLC3FOR7W,5
B000XSGMHO,A18L1CVUIQRE9L,5
B000XSGMHO,A18L1CVUIQRE9L,5
B000XSGMHO,A36WGHR8TO5DKT,2
B000XSGMHO,A281NPSIMI1C2R,5
B000XSGMHO,A2PNOU7NXB1JE4,5
B000XSGMHO,A2PNOU7NXB1JE4,4
B000XSGMHO,A281NPSIMI1C2R,5
B000XSGMHO,AKMEY1BSHSDG7,5
B000XSGMHO,ANCOMAI0I7LVG,4
B000XSGMHO,A2OWR2PL3DLWS4,5
B000XSGMHO,A35LT14WG5BX0T,3
B000F9Z1YG,A35W3JQYP0M655,5
B000F9Z1YG,A1IU7S4HCK1XK0,5
B000F9Z1YG,AZV26LP92E6WU,5
B000F9Z1YG,A2582KMXLK2P06,2
B000F9Z1YG,A1T1YSCDW0PD25,5
B000F9Z1YG,A370Z6I5GBWU44,5
B000F9Z1YG,A22CW0ZHY3NJH8,5
B000F9Z1YG,A383XURHVF8ON6,5
B000F9Z1YG,APP8XWYYV4PAA,3
B000EVMNP0,A33REC3J2JU2EL,5
B000EVMNP0,A1ODOGXEYECQQ8,3
B000EVMNP0,A22PUBSSNP54L,5
B000EVMNP0,AQLL2R1PPR46X,5
B000EVMNP0,A1ODOGXEYECQQ8,3
B000084EZ4,A29JUMRL1US6YP,5
B000084EZ4,A58N07M0ZCYMB,5
B000084EZ4,A2FRFAQCWZJT3Q,3
B000084EZ4,A29JUMRL1US6YP,5
B000084EZ4,A29JUMRL1US6YP,5
B000084EZ4,A29JUMRL1US6YP,5
B000084EZ4,A29JUMRL1US6YP,5
B000084EZ4,A29JUMRL1US6YP,5
B000084EZ4,A29JUMRL1US6YP,5
B000084EZ4,A29JUMRL1US6YP,5
B000084EZ4,A29JUMRL1US6YP,5
B000084EZ4,A29JUMRL1US6YP,5
B000084EZ4,A29JUMRL1US6YP,5
B000EQVAFY,APP8XWYYV4PAA,5
B000EQVAFY,ACAIEIV03NBHY,4
B000EQVAFY,A106ZCP7RSXMRU,5
B000EQVAFY,A16KK3YHCWE29C,5
B000EQVAFY,AQQLWCMRNDFGI,3
B000EQVAFY,A3VKBFC5K2INR4,5
B000EQVAFY,A1LZJZIHUPLDV4,5
B000EQVAFY,A36MP37DITBU6F,5
B000EQVAFY,A16KK3YHCWE29C,5
B000EQVAFY,A106ZCP7RSXMRU,5
B000EQVAFY,A17GK9E70O7Y9R,4
B000EQVAFY,A2A8KWCE8RKB9T,5
B000CQC05U,A3UUTDX2WNVUS3,5
B000CQC05U,A13GZCHAMKWYBT,5
B000CQC05U,A3FY3H6F4249E0,5
B000CQC05U,ADS5APY1NKTL4,5
B000CQC05U,A2OWR2PL3DLWS4,1
B000CQC05U,A1AEQZM99LO9VA,4
B000CQC05U,A3FY3H6F4249E0,5
B000CQC05U,A1AEQZM99LO9VA,1
B000CQC05U,A1SCANWWQTEG9I,2
B000CQC05K,A1Z54EM24Y40LL,5
B000CQC05K,A1SO1PGDNVMLXC,5
B000CQC05K,A2IYLMDQGBB4VG,3
B000CQC05K,A3FY3H6F4249E0,5
B000CQC05K,A2OWR5G2OAQF7C,4
B000CQC05K,A1SO1PGDNVMLXC,3
B000CQC05K,A1YUL9PCJR3JTY,3
B000CQC05K,A1YUL9PCJR3JTY,4
B000CQC05K,A1SO1PGDNVMLXC,5
B000CQC05K,A3FY3H6F4249E0,5
B000CQC05K,A1YJMG0QJXZLD4,4
B000CQC05K,A1YUL9PCJR3JTY,5
B000CQC05K,A3FY3H6F4249E0,5
B000CQC05K,A3FY3H6F4249E0,5
B000CQC05K,A281NPSIMI1C2R,5
B000CQC05K,A1YUL9PCJR3JTY,4
B000CQC05K,ADS5APY1NKTL4,5
B000CQC05K,AI0NMYA3LKXW1,5
B000CQC05K,A1UQBFCERIP7VJ,4
B00823T1K2,A1X2LENOF84LCQ,4
B00823T1K2,A3T0OTH5072YRE,4
B00823T1K2,APP8XWYYV4PAA,3
B00823T1K2,A29M09QBG9TZLP,5
B00823T1K2,A3D9NUCR4RXDPY,4
B00823T1K2,A1IH42TUIZ2XJL,5
B00823T1K2,A1HRYC60VTMYC0,5
B00823T1K2,A1Q7A78VSQ5GQ4,4
B000AYDH88,AJQDIT55SZ3ZX,5
B000AYDH88,A29313797NGT9L,4
B000AYDH88,A1GYEGLX3P2Y7P,5
B000AYDH88,A19SDJ2TSSL8HI,5
B000AYDH88,A3OXHLG6DIBRW8,4
B000AYDH88,A3OXHLG6DIBRW8,4
B000AYDH88,AJQDIT55SZ3ZX,5
B000AYDH88,AI0NMYA3LKXW1,5
B0026KPDG8,A2LJJ4482V9LAW,5
B0026KPDG8,A2YB7DLC3FOR7W,5
B0026KPDG8,A17V9XL4CWTQ6G,5
B0026KPDG8,A2MNB77YGJ3CN0,5
B0026KPDG8,A3T0OTH5072YRE,3
B0026KPDG8,A2NOW4U7W3F7RI,5
B0026KPDG8,A1PI8VBCXXSGC7,4
B0026KPDG8,A24ZV048V7J0MT,3
B0026KPDG8,A3AZI828WJN1CD,3
B0026KPDG8,A13MKSASQ6YWL7,3
B0026KPDG8,ALL9XFM0Q1N4E,5
B0026KPDG8,A3BBC8E7QT7N9I,4
B0026KPDG8,A1ZH9LWMX5UCFJ,5
B0026KPDG8,A3HPCRD9RX351S,5
B0026KPDG8,A13K3ZLWAWN1EI,4
B0026KPDG8,A3QNQQKJTL76H0,5
B0026KPDG8,A3V1A3C9DTLPME,5
B0026KPDG8,A1GYEGLX3P2Y7P,4
B0026KPDG8,A2SZLNSI5KOQJT,4
B000EIZ8FA,AY1EF0GOH80EK,5
B000EIZ8FA,A1XGFW5016CGQI,5
B000EIZ8FA,A33AQPJYH7UUXR,2
B000EIZ8FA,AJB5P7GVR0MT8,3
B000EIZ8FA,A3PD8JD9L4WEII,5
B000VK8HJ0,A1Z4LX3Q1YMF84,2
B000VK8HJ0,A1K82R24ROO2I7,5
B000VK8HJ0,A2PNOU7NXB1JE4,3
B000VK8HJ0,A11OTLEDSW8ZXD,3
B000VK8HJ0,A2UCZAWAN5QMJQ,2
B000VK8HJ0,A35R32TA60XD57,1
B005VOOLXM,AIEEK7AHXKZCC,5
B005VOOLXM,A2OL5WLCNZVD9K,5
B005VOOLXM,ADS5APY1NKTL4,5
B005VOOLXM,A3R9H6OKZHHRJD,3
B005VOOLXM,AEL6CQNQXONBX,5
B005VOOLXM,A16WPA6JV83YXT,3
B005VOOLXM,A26LD9FQHTM8ZH,4
B005VOOLXM,A1P2XYD265YE21,5
B005VOOLXM,AT9U5ZE5OO84C,5
B005VOOLXM,A1JMR1N9NBYJ1X,5
B005VOOLXM,A100WO06OQR8BQ,2
B005VOOLXM,A1ONZ8JRPLBNUI,5
B005VOOLXM,A1IH42TUIZ2XJL,4
B005VOOLXM,A2R1HUYHXV7H18,4
B005VOOLXM,A1AEPMPA12GUJ7,4
B005VOOLXM,AMRMK86X3PKXD,5
B005VOOLXM,A2Y8IDC1FKGNJC,5
B005VOOLXM,A2FRFAQCWZJT3Q,5
B005VOOLXM,ACAXV4V8PBCE3,4
B005VOOLXM,A2XNOB1T796Y6B,4
B005VOOLXM,A1A1BM6N28X9J0,4
B005VOOLXM,A13WOT3RSXKRD5,4
B005VOOLXM,A29M09QBG9TZLP,4
B005VOOLXM,A1LHAXBM5GBJS2,3
B005VOOLXM,A1H7Y5XKPGT0OS,4
B005VOOLXM,ANCOMAI0I7LVG,3
B005VOOLXM,A35JP8KSV9281K,5
B005VOOLXM,A175N19FS2B4J,4
B005VOOLXM,A1B6O7SAIYG2N0,4
B005VOOLXM,ARYSDAZNRXN6G,5
B005VOOLXM,A3M8R4JD1SIS76,5
B005VOOLXM,A1HRYC60VTMYC0,5
B005VOOLXM,A3FKGKUCI3DG9U,4
B007JFMIWW,A1ZH9LWMX5UCFJ,3
B007JFMIWW,A1LHAXBM5GBJS2,4
B007JFMIWW,A25C2M3QF9G7OQ,4
B007JFMIWW,A1N5FSCYN4796F,2
B007JFMIWW,AMRMK86X3PKXD,3
B000GW6786,A2YKWYC3WQJX5J,4
B000GW6786,A1TMAVN4CEM8U8,3
B000GW6786,A2Y4S4CNGKF21S,2
B000GW6786,A1080SE9X3ECK0,5
B000GW6786,AQLL2R1PPR46X,4
B0029NM5YA,A2T5VEAFT6PUH3,4
B0029NM5YA,A2T5VEAFT6PUH3,4
B0029NM5YA,A2T5VEAFT6PUH3,4
B0029NM5YA,A2T5VEAFT6PUH3,5
B0029NM5YA,A2T5VEAFT6PUH3,5
B005GYULZY,ACYR6O588USK,4
B005GYULZY,A3PJZ8TU8FDQ1K,1
B005GYULZY,A100WO06OQR8BQ,1
B005GYULZY,A3AZI828WJN1CD,5
B005GYULZY,AKZKG2Z7CNV27,2
B005GYULZY,A36MP37DITBU6F,4
B005GYULZY,AEC90GPFKLAAW,3
B005GYULZY,A1LHAXBM5GBJS2,3
B005GYULZY,AYOMAHLWRQHUG,3
B005GYULZY,AKZKG2Z7CNV27,2
B005GYULZY,A3M8R4JD1SIS76,4
B005GYULZY,A2R1HUYHXV7H18,3
B005GYULZY,A2Y8IDC1FKGNJC,3
B005GYULZY,A2KIVODZRTGY4U,3
B005GYULZY,A9NXTC0HTPSDO,4
B005GYULZY,A1DH3QDZX8Z7GO,3
B005GYULZY,AY1EF0GOH80EK,3
B005GYULZY,A1QBOC76MIOJYP,2
B0002DGRQ6,A29JUMRL1US6YP,5
B0002DGRQ6,AJD41FBJD9010,5
B0002DGRQ6,AJD41FBJD9010,5
B0002DGRQ6,AJD41FBJD9010,5
B0002DGRQ6,AJD41FBJD9010,5
B0002DGRQ6,AJD41FBJD9010,5
B0002DGRQ6,AJD41FBJD9010,5
B005NVU5BK,A3PJZ8TU8FDQ1K,5
B005NVU5BK,A1V1EP514B5H7Y,5
B005NVU5BK,A11OTLEDSW8ZXD,5
B005NVU5BK,A1IH42TUIZ2XJL,5
B005NVU5BK,A58N07M0ZCYMB,5
B005NVU5BK,A16AXQ11SZA8SQ,1
B008JKSJJ2,A1T1YSCDW0PD25,4
B008JKSJJ2,AQLL2R1PPR46X,5
B008JKSJJ2,A1LFSTBR7L7PUT,5
B008JKSJJ2,A3FY3H6F4249E0,4
B008JKSJJ2,A1T1YSCDW0PD25,4
B008JKSJJ2,AY12DBB0U420B,4
B000P52FLW,A18L1CVUIQRE9L,5
B000P52FLW,A18L1CVUIQRE9L,5
B000P52FLW,A36WGHR8TO5DKT,2
B000P52FLW,A281NPSIMI1C2R,5
B000P52FLW,A2PNOU7NXB1JE4,5
B000P52FLW,A2PNOU7NXB1JE4,4
B000P52FLW,A281NPSIMI1C2R,5
B000P52FLW,AKMEY1BSHSDG7,5
B000P52FLW,ANCOMAI0I7LVG,4
B000P52FLW,A2OWR2PL3DLWS4,5
B000P52FLW,A35LT14WG5BX0T,3
B004Q7IX2A,A1ODKP5Y7DPMM1,5
B004Q7IX2A,A1ODKP5Y7DPMM1,5
B004Q7IX2A,ABDCYK04CL6O4,5
B004Q7IX2A,ABDCYK04CL6O4,5
B004Q7IX2A,ABDCYK04CL6O4,5
B001BM4NAE,APP8XWYYV4PAA,5
B001BM4NAE,ACAIEIV03NBHY,4
B001BM4NAE,A106ZCP7RSXMRU,5
B001BM4NAE,A16KK3YHCWE29C,5
B001BM4NAE,AQQLWCMRNDFGI,3
B001BM4NAE,A3VKBFC5K2INR4,5
B001BM4NAE,A1LZJZIHUPLDV4,5
B001BM4NAE,A36MP37DITBU6F,5
B001BM4NAE,A16KK3YHCWE29C,5
B001BM4NAE,A106ZCP7RSXMRU,5
B001BM4NAE,A17GK9E70O7Y9R,4
B001BM4NAE,A2A8KWCE8RKB9T,5
B005VOONGM,AIEEK7AHXKZCC,5
B005VOONGM,A2OL5WLCNZVD9K,5
B005VOONGM,ADS5APY1NKTL4,5
B005VOONGM,A3R9H6OKZHHRJD,3
B005VOONGM,AEL6CQNQXONBX,5
B005VOONGM,A16WPA6JV83YXT,3
B005VOONGM,A26LD9FQHTM8ZH,4
B005VOONGM,A1P2XYD265YE21,5
B005VOONGM,AT9U5ZE5OO84C,5
B005VOONGM,A1JMR1N9NBYJ1X,5
B005VOONGM,A100WO06OQR8BQ,2
B005VOONGM,A1ONZ8JRPLBNUI,5
B005VOONGM,A1IH42TUIZ2XJL,4
B005VOONGM,A2R1HUYHXV7H18,4
B005VOONGM,A1AEPMPA12GUJ7,4
B005VOONGM,AMRMK86X3PKXD,5
B005VOONGM,A2Y8IDC1FKGNJC,5
B005VOONGM,A2FRFAQCWZJT3Q,5
B005VOONGM,ACAXV4V8PBCE3,4
B005VOONGM,A2XNOB1T796Y6B,4
B005VOONGM,A1A1BM6N28X9J0,4
B005VOONGM,A13WOT3RSXKRD5,4
B005VOONGM,A29M09QBG9TZLP,4
B005VOONGM,A1LHAXBM5GBJS2,3
B005VOONGM,A1H7Y5XKPGT0OS,4
B005VOONGM,ANCOMAI0I7LVG,3
B005VOONGM,A35JP8KSV9281K,5
B005VOONGM,A175N19FS2B4J,4
B005VOONGM,A1B6O7SAIYG2N0,4
B005VOONGM,ARYSDAZNRXN6G,5
B005VOONGM,A3M8R4JD1SIS76,5
B005VOONGM,A1HRYC60VTMYC0,5
B005VOONGM,A3FKGKUCI3DG9U,4
B0041CIP3M,A3F3B1JPACN215,3
B0041CIP3M,A3R9H6OKZHHRJD,5
B0041CIP3M,A58N07M0ZCYMB,5
B0041CIP3M,A1IU7S4HCK1XK0,4
B0041CIP3M,A16AXQ11SZA8SQ,5
B0041CIP3M,A1G60ANYI0HMEU,5
B0041CIP3M,A3MUSWDCTZINQZ,5
B0041CIP3M,A1B6O7SAIYG2N0,5
B0041CIP3M,A2TO2BN3P4C00L,4
B0041CIP3M,A2B8GXSCB1R05T,3
B0041CIP3M,A13WOT3RSXKRD5,5
B0041CIP3M,A1V1EP514B5H7Y,5
B0041CIP3M,A3EFSLEMHNPP6A,4
B0041CIP3M,A3T0OTH5072YRE,4
B0041CIP3M,A13GZCHAMKWYBT,4
B0041CIP3M,A1AEPMPA12GUJ7,5
B0041CIP3M,A1H7Y5XKPGT0OS,2
B0041CIP3M,ARYSDAZNRXN6G,5
B0041CIP3M,A17V9XL4CWTQ6G,2
B0041CIP3M,A25C2M3QF9G7OQ,3
B0041CIP3M,A2R1HUYHXV7H18,5
B0041CIP3M,A2OWR5G2OAQF7C,4
B0041CIP3M,AEC90GPFKLAAW,4
B0041CIP3M,AWKZAUC0D8DYL,5
B0041CIP3M,A2O421DTA8J0RW,4
B0041CIP3M,AQLL2R1PPR46X,5
B0041CIP3M,A35JP8KSV9281K,2
B006H32VYC,A16KK3YHCWE29C,3
B006H32VYC,A1YUL9PCJR3JTY,4
B006H32VYC,AXO4PQU0XG3TG,4
B006H32VYC,A3MUSWDCTZINQZ,5
B006H32VYC,A1LZJZIHUPLDV4,5
B006H32VYC,A1YUL9PCJR3JTY,4
B006H32VYC,A2FRFAQCWZJT3Q,5
B006H32VYC,A1LZJZIHUPLDV4,5
B006H32VYC,A16KK3YHCWE29C,3
B0034EDMLI,A2AOD7254MCKSH,5
B0034EDMLI,A2C9XE9I8RSKNX,4
B0034EDMLI,A2D1LPEUCTNT8X,5
B0034EDMLI,A2158Y2U61AU9G,2
B0034EDMLI,A1WX42M589VAMQ,5
B0034EDMLI,A2TN9C5E4A0I3F,2
B000TQEWM2,A2TJG4N8LNJW23,1
B000TQEWM2,A2SZLNSI5KOQJT,1
B000TQEWM2,A17HMM1M7T9PJ1,4
B000TQEWM2,A2TJG4N8LNJW23,1
B000TQEWM2,A3NEAETOSXDBOM,5
B003BJOORW,A3TVZM3ZIXG8YW,1
B003BJOORW,A3TVZM3ZIXG8YW,1
B003BJOORW,A36JDIN9RAAIEC,5
B003BJOORW,A3TVZM3ZIXG8YW,1
B003BJOORW,A3TVZM3ZIXG8YW,1
B003BJOORW,A3TVZM3ZIXG8YW,1
B003BJOORW,A3TVZM3ZIXG8YW,1
B003BJOORW,A36JDIN9RAAIEC,5
B003BJOORW,A36JDIN9RAAIEC,5
B003BJOORW,A3TVZM3ZIXG8YW,1
B003BJOORW,A20OQMLRFNZADL,4
B003BJOORW,A1HRYC60VTMYC0,5
B003BJOORW,A2VUD4SPJO4V33,1
B003BJOORW,A3TVZM3ZIXG8YW,1
B003BJOORW,A3TVZM3ZIXG8YW,1
B003BJOORW,A3TVZM3ZIXG8YW,1
B002R8J7YS,A35TIC6B8MVKWG,4
B002R8J7YS,ACAIEIV03NBHY,5
B002R8J7YS,A16AXQ11SZA8SQ,5
B002R8J7YS,ACAIEIV03NBHY,5
B002R8J7YS,ACAIEIV03NBHY,5
B002R8J7YS,A26LD9FQHTM8ZH,4
B003MWBFMK,A3TVZM3ZIXG8YW,1
B003MWBFMK,A3TVZM3ZIXG8YW,1
B003MWBFMK,A36JDIN9RAAIEC,5
B003MWBFMK,A3TVZM3ZIXG8YW,1
B003MWBFMK,A3TVZM3ZIXG8YW,1
B003MWBFMK,A3TVZM3ZIXG8YW,1
B003MWBFMK,A3TVZM3ZIXG8YW,1
B003MWBFMK,A36JDIN9RAAIEC,5
B003MWBFMK,A36JDIN9RAAIEC,5
B003MWBFMK,A3TVZM3ZIXG8YW,1
B003MWBFMK,A20OQMLRFNZADL,4
B003MWBFMK,A1HRYC60VTMYC0,5
B003MWBFMK,A2VUD4SPJO4V33,1
B003MWBFMK,A3TVZM3ZIXG8YW,1
B003MWBFMK,A3TVZM3ZIXG8YW,1
B003MWBFMK,A3TVZM3ZIXG8YW,1
B0002PSOJW,A1TJT6GXDGNN8Q,5
B0002PSOJW,A3OXHLG6DIBRW8,5
B0002PSOJW,A2OWR5G2OAQF7C,5
B0002PSOJW,A2II09GQGWOMTQ,5
B0002PSOJW,ARYSDAZNRXN6G,5
B007RTR9FQ,A2MUGFV2TDQ47K,4
B007RTR9FQ,A2FRFAQCWZJT3Q,3
B007RTR9FQ,A1DH3QDZX8Z7GO,4
B007RTR9FQ,AIEEK7AHXKZCC,5
B007RTR9FQ,A1QBOC76MIOJYP,2
B007RTR9FQ,A1SCANWWQTEG9I,3
B007RTR9FQ,A1GYEGLX3P2Y7P,5
B007RTR9FQ,A3094EPI56GKZ6,5
B007RTR9FQ,A3FY3H6F4249E0,5
B007RTR9FQ,A1ONZ8JRPLBNUI,5
B005K4Q1T0,AKJHHD5VEH7VG,3
B005K4Q1T0,A3OXHLG6DIBRW8,5
B005K4Q1T0,A3OXHLG6DIBRW8,5
B005K4Q1T0,A35R32TA60XD57,1
B005K4Q1T0,A2YHXAZLCLDT8D,5
B0070SGNS8,A1IU7S4HCK1XK0,5
B0070SGNS8,A1X1CEGHTHMBL1,5
B0070SGNS8,A3PJZ8TU8FDQ1K,5
B0070SGNS8,A2MUGFV2TDQ47K,5
B0070SGNS8,A3OXHLG6DIBRW8,5
B0070SGNS8,A1ODOGXEYECQQ8,5
B0070SGNS8,A1TJT6GXDGNN8Q,4
B000EDG3UE,A3F3B1JPACN215,5
B000EDG3UE,AXO4PQU0XG3TG,5
B000EDG3UE,A29313797NGT9L,5
B000EDG3UE,A2FRFAQCWZJT3Q,5
B000EDG3UE,A2XKJ1KX6XUHYP,5
B000EDG3UE,A12ENBT314RFXR,5
B006Q7YG2O,A1IH42TUIZ2XJL,1
B006Q7YG2O,A9NXTC0HTPSDO,3
B006Q7YG2O,A3DOPYDOS49I3T,5
B006Q7YG2O,A35X2JJI49OBZP,4
B006Q7YG2O,A58N07M0ZCYMB,5
B006Q7YG2O,A3FKGKUCI3DG9U,3
B006Q7YG2O,A35LT14WG5BX0T,2
B006Q7YG2O,APP8XWYYV4PAA,5
B006Q7YG2O,A3LWC833HQIG7J,5
B006Q7YG2O,A3D9NUCR4RXDPY,1
B006Q7YG2O,ARYSDAZNRXN6G,5
B006Q7YG2O,A1RLP0R1N8H8C4,3
B002TMV3CG,AJD41FBJD9010,4
B002TMV3CG,A1JMR1N9NBYJ1X,4
B002TMV3CG,AY1EF0GOH80EK,5
B002TMV3CG,AK7CAW3N1XZV6,4
B002TMV3CG,A1SCANWWQTEG9I,3
B002TMV3CG,A2W9I628I6SE1U,4
B002TMV3CG,A2OWR5G2OAQF7C,4
B003MWBFXY,A3TVZM3ZIXG8YW,1
B003MWBFXY,A3TVZM3ZIXG8YW,1
B003MWBFXY,A36JDIN9RAAIEC,5
B003MWBFXY,A3TVZM3ZIXG8YW,1
B003MWBFXY,A3TVZM3ZIXG8YW,1
B003MWBFXY,A3TVZM3ZIXG8YW,1
B003MWBFXY,A3TVZM3ZIXG8YW,1
B003MWBFXY,A36JDIN9RAAIEC,5
B003MWBFXY,A36JDIN9RAAIEC,5
B003MWBFXY,A3TVZM3ZIXG8YW,1
B003MWBFXY,A20OQMLRFNZADL,4
B003MWBFXY,A1HRYC60VTMYC0,5
B003MWBFXY,A2VUD4SPJO4V33,1
B003MWBFXY,A3TVZM3ZIXG8YW,1
B003MWBFXY,A3TVZM3ZIXG8YW,1
B003MWBFXY,A3TVZM3ZIXG8YW,1
B006BXV14E,AWKZAUC0D8DYL,4
B006BXV14E,A2MNB77YGJ3CN0,5
B006BXV14E,A1LHAXBM5GBJS2,2
B006BXV14E,A383XURHVF8ON6,5
B006BXV14E,A3MUSWDCTZINQZ,5
B006BXV14E,A1PI8VBCXXSGC7,4
B006BXV14E,A13WOT3RSXKRD5,5
B006BXV14E,A3EPHBMU07LZ50,5
B006BXV14E,A100WO06OQR8BQ,5
B006BXV14E,A1B05INWIDZ74O,4
B006BXV14E,A1X2LENOF84LCQ,3
B002AR158W,A1RLP0R1N8H8C4,4
B002AR158W,A2Y8IDC1FKGNJC,5
B002AR158W,A26A64X86VL1R4,5
B002AR158W,A2YKWYC3WQJX5J,3
B002AR158W,A1LHAXBM5GBJS2,4
B002AR158W,A12ENBT314RFXR,4
B002AR158W,A2FRFAQCWZJT3Q,5
B002AR158W,A3R9H6OKZHHRJD,2
B000HDI5O8,A1HRYC60VTMYC0,5
B000HDI5O8,A2FRFAQCWZJT3Q,5
B000HDI5O8,A1LFSTBR7L7PUT,5
B000HDI5O8,A2YKWYC3WQJX5J,5
B000HDI5O8,A2OEUROGZDTXUJ,5
B000HDI5O8,A1YP5WLIHGG136,5
B004YGQPCI,A2MUGFV2TDQ47K,2
B004YGQPCI,A13MKSASQ6YWL7,3
B004YGQPCI,A1TMAVN4CEM8U8,4
B004YGQPCI,A3PD8JD9L4WEII,3
B004YGQPCI,A3M174IC0VXOS2,3
B008O3G2GG,ACYR6O588USK,4
B008O3G2GG,A3PJZ8TU8FDQ1K,1
B008O3G2GG,A100WO06OQR8BQ,1
B008O3G2GG,A3AZI828WJN1CD,5
B008O3G2GG,AKZKG2Z7CNV27,2
B008O3G2GG,A36MP37DITBU6F,4
B008O3G2GG,AEC90GPFKLAAW,3
B008O3G2GG,A1LHAXBM5GBJS2,3
B008O3G2GG,AYOMAHLWRQHUG,3
B008O3G2GG,AKZKG2Z7CNV27,2
B008O3G2GG,A3M8R4JD1SIS76,4
B008O3G2GG,A2R1HUYHXV7H18,3
B008O3G2GG,A2Y8IDC1FKGNJC,3
B008O3G2GG,A2KIVODZRTGY4U,3
B008O3G2GG,A9NXTC0HTPSDO,4
B008O3G2GG,A1DH3QDZX8Z7GO,3
B008O3G2GG,AY1EF0GOH80EK,3
B008O3G2GG,A1QBOC76MIOJYP,2
B000WFPJIG,A29JUMRL1US6YP,5
B000WFPJIG,A58N07M0ZCYMB,5
B000WFPJIG,A2FRFAQCWZJT3Q,3
B000WFPJIG,A29JUMRL1US6YP,5
B000WFPJIG,A29JUMRL1US6YP,5
B000WFPJIG,A29JUMRL1US6YP,5
B000WFPJIG,A29JUMRL1US6YP,5
B000WFPJIG,A29JUMRL1US6YP,5
B000WFPJIG,A29JUMRL1US6YP,5
B000WFPJIG,A29JUMRL1US6YP,5
B000WFPJIG,A29JUMRL1US6YP,5
B000WFPJIG,A29JUMRL1US6YP,5
B000WFPJIG,A29JUMRL1US6YP,5
B005A1LGIY,A35JP8KSV9281K,3
B005A1LGIY,A3MUSWDCTZINQZ,5
B005A1LGIY,A2XNOB1T796Y6B,3
B005A1LGIY,A353U0L2HAMSHV,4
B005A1LGIY,A1IH42TUIZ2XJL,3
B005A1LGIY,A17V9XL4CWTQ6G,5
B005A1LGIY,A1B05INWIDZ74O,4
B005A1LGIY,A58N07M0ZCYMB,5
B005A1LGIY,A19SDJ2TSSL8HI,5
B005A1LGIY,ARYSDAZNRXN6G,2
B005A1LGIY,A1SCANWWQTEG9I,1
B005A1LGIY,A1KEK09ZA6J9P8,4
B005A1LGIY,A1ONZ8JRPLBNUI,4
B005A1LGIY,A383XURHVF8ON6,5
B005A1LGIY,A1X1CEGHTHMBL1,4
B005A1LGIY,A16WPA6JV83YXT,3
B005A1LGIY,AQLL2R1PPR46X,3
B005A1LGIY,A1AEPMPA12GUJ7,4
B000FFIEL2,A1XQMQMF07QZQS,3
B000FFIEL2,A1LZJZIHUPLDV4,5
B000FFIEL2,A1WX42M589VAMQ,5
B000FFIEL2,AMPGRXQMO89X9,4
B000FFIEL2,A2OEUROGZDTXUJ,5
B004IJHY4Y,A3VKBFC5K2INR4,5
B004IJHY4Y,A1KEK09ZA6J9P8,5
B004IJHY4Y,AY12DBB0U420B,5
B004IJHY4Y,A2TN9C5E4A0I3F,5
B004IJHY4Y,A2OEUROGZDTXUJ,5
B004IJJQK4,A3VKBFC5K2INR4,5
B004IJJQK4,A1KEK09ZA6J9P8,5
B004IJJQK4,AY12DBB0U420B,5
B004IJJQK4,A2TN9C5E4A0I3F,5
B004IJJQK4,A2OEUROGZDTXUJ,5
B000ZSX4D2,A2OL5WLCNZVD9K,5
B000ZSX4D2,A1X1CEGHTHMBL1,5
B000ZSX4D2,AJCK6OKNWGIYG,5
B000ZSX4D2,A1TMAVN4CEM8U8,5
B000ZSX4D2,A1TMAVN4CEM8U8,5
B005VOONM6,AIEEK7AHXKZCC,5
B005VOONM6,A2OL5WLCNZVD9K,5
B005VOONM6,ADS5APY1NKTL4,5
B005VOONM6,A3R9H6OKZHHRJD,3
B005VOONM6,AEL6CQNQXONBX,5
B005VOONM6,A16WPA6JV83YXT,3
B005VOONM6,A26LD9FQHTM8ZH,4
B005VOONM6,A1P2XYD265YE21,5
B005VOONM6,AT9U5ZE5OO84C,5
B005VOONM6,A1JMR1N9NBYJ1X,5
B005VOONM6,A100WO06OQR8BQ,2
B005VOONM6,A1ONZ8JRPLBNUI,5
B005VOONM6,A1IH42TUIZ2XJL,4
B005VOONM6,A2R1HUYHXV7H18,4
B005VOONM6,A1AEPMPA12GUJ7,4
B005VOONM6,AMRMK86X3PKXD,5
B005VOONM6,A2Y8IDC1FKGNJC,5
B005VOONM6,A2FRFAQCWZJT3Q,5
B005VOONM6,ACAXV4V8PBCE3,4
B005VOONM6,A2XNOB1T796Y6B,4
B005VOONM6,A1A1BM6N28X9J0,4
B005VOONM6,A13WOT3RSXKRD5,4
B005VOONM6,A29M09QBG9TZLP,4
B005VOONM6,A1LHAXBM5GBJS2,3
B005VOONM6,A1H7Y5XKPGT0OS,4
B005VOONM6,ANCOMAI0I7LVG,3
B005VOONM6,A35JP8KSV9281K,5
B005VOONM6,A175N19FS2B4J,4
B005VOONM6,A1B6O7SAIYG2N0,4
B005VOONM6,ARYSDAZNRXN6G,5
B005VOONM6,A3M8R4JD1SIS76,5
B005VOONM6,A1HRYC60VTMYC0,5
B005VOONM6,A3FKGKUCI3DG9U,4
B004E4HUMY,ALSAOZ1V546VT,5
B004E4HUMY,A353U0L2HAMSHV,4
B004E4HUMY,A1JMR1N9NBYJ1X,5
B004E4HUMY,A1AEPMPA12GUJ7,3
B004E4HUMY,A2SZLNSI5KOQJT,3
B004E4HUMY,A1H7Y5XKPGT0OS,4
B004E4HUMY,AK8LOFYRZJJW0,2
B004E4HUMY,A1B05INWIDZ74O,3
B004E4HUMY,AKMEY1BSHSDG7,5
B004E4HUMY,A2XNOB1T796Y6B,3
B004E4HUMY,A36MP37DITBU6F,1
B004E4HUMY,A3MDETK0D5UAIN,1
B004E4HUMY,ARYSDAZNRXN6G,1
B004E4HUMY,A1P2XYD265YE21,1
B004E4HUMY,A1KEK09ZA6J9P8,5
B004E4HUMY,AKJHHD5VEH7VG,3
B004E4HUMY,A1PI8VBCXXSGC7,3
B004E4HUMY,A1GYEGLX3P2Y7P,4
B004E4HUMY,A22PUBSSNP54L,4
B004E4HUMY,A1B6O7SAIYG2N0,3
B004E4HUMY,A1ODOGXEYECQQ8,3
B004E4HUMY,A1QBOC76MIOJYP,1
B004E4HUMY,ADLVFFE4VBT8,2
B004E4HUMY,AEL6CQNQXONBX,2
B004E4HUMY,A3QNQQKJTL76H0,2
B004E4HUMY,A3OXHLG6DIBRW8,5
B004E4HUMY,A25C2M3QF9G7OQ,4
B004E4HUMY,A1F7YU6O5RU432,3
B0006345PW,A3TVZM3ZIXG8YW,1
B0006345PW,A3TVZM3ZIXG8YW,1
B0006345PW,A36JDIN9RAAIEC,5
B0006345PW,A3TVZM3ZIXG8YW,1
B0006345PW,A3TVZM3ZIXG8YW,1
B0006345PW,A3TVZM3ZIXG8YW,1
B0006345PW,A3TVZM3ZIXG8YW,1
B0006345PW,A36JDIN9RAAIEC,5
B0006345PW,A36JDIN9RAAIEC,5
B0006345PW,A3TVZM3ZIXG8YW,1
B0006345PW,A20OQMLRFNZADL,4
B0006345PW,A1HRYC60VTMYC0,5
B0006345PW,A2VUD4SPJO4V33,1
B0006345PW,A3TVZM3ZIXG8YW,1
B0006345PW,A3TVZM3ZIXG8YW,1
B0006345PW,A3TVZM3ZIXG8YW,1
B000G176AK,A1LZJZIHUPLDV4,5
B000G176AK,A3EBHHCZO6V2A4,3
B000G176AK,A2DPYMNI2HCIOI,4
B000G176AK,A2Y8IDC1FKGNJC,5
B000G176AK,A12ENBT314RFXR,5
B0034EDM2W,A2AOD7254MCKSH,5
B0034EDM2W,A2C9XE9I8RSKNX,4
B0034EDM2W,A2D1LPEUCTNT8X,5
B0034EDM2W,A2158Y2U61AU9G,2
B0034EDM2W,A1WX42M589VAMQ,5
B0034EDM2W,A2TN9C5E4A0I3F,2
B000GZW5OS,A2AOD7254MCKSH,4
B000GZW5OS,A3RR2P5IS3DGPR,5
B000GZW5OS,AJB5P7GVR0MT8,4
B000GZW5OS,A6KL17KKN0A5L,5
B000GZW5OS,A1LFSTBR7L7PUT,4
B009GHI5Q4,A3TVZM3ZIXG8YW,1
B009GHI5Q4,A3TVZM3ZIXG8YW,1
B009GHI5Q4,A36JDIN9RAAIEC,5
B009GHI5Q4,A3TVZM3ZIXG8YW,1
B009GHI5Q4,A3TVZM3ZIXG8YW,1
B009GHI5Q4,A3TVZM3ZIXG8YW,1
B009GHI5Q4,A3TVZM3ZIXG8YW,1
B009GHI5Q4,A36JDIN9RAAIEC,5
B009GHI5Q4,A36JDIN9RAAIEC,5
B009GHI5Q4,A3TVZM3ZIXG8YW,1
B009GHI5Q4,A20OQMLRFNZADL,4
B009GHI5Q4,A1HRYC60VTMYC0,5
B009GHI5Q4,A2VUD4SPJO4V33,1
B009GHI5Q4,A3TVZM3ZIXG8YW,1
B009GHI5Q4,A3TVZM3ZIXG8YW,1
B009GHI5Q4,A3TVZM3ZIXG8YW,1
B000ODH4BG,A2M9D9BDHONV3Y,1
B000ODH4BG,A2XNJJ9TF70P4J,4
B000ODH4BG,A58N07M0ZCYMB,5
B000ODH4BG,A11ED8O95W2103,5
B000ODH4BG,A2XNJJ9TF70P4J,5
B005CGUTGC,A33AQPJYH7UUXR,4
B005CGUTGC,A2W9B725TZBXOX,5
B005CGUTGC,A33AQPJYH7UUXR,4
B005CGUTGC,A33AQPJYH7UUXR,4
B005CGUTGC,A2W9B725TZBXOX,5
B005CGUTGC,A2DPYMNI2HCIOI,4
B004ZWRA6G,AY12DBB0U420B,5
B004ZWRA6G,A3MUSWDCTZINQZ,4
B004ZWRA6G,A3D9NUCR4RXDPY,5
B004ZWRA6G,A3R9H6OKZHHRJD,5
B004ZWRA6G,A2B8GXSCB1R05T,5
B004ZWRA6G,AF3BYMPWKWO8F,3
B004ZWRA6G,A3PJZ8TU8FDQ1K,3
B001GVIRYS,A1RRMZKOMZ2M7J,4
B001GVIRYS,A1V1EP514B5H7Y,5
B001GVIRYS,A1GYEGLX3P2Y7P,5
B001GVIRYS,ADLVFFE4VBT8,5
B001GVIRYS,A3OXHLG6DIBRW8,5
B004HOLDH4,A2OL5WLCNZVD9K,5
B004HOLDH4,A1X1CEGHTHMBL1,5
B004HOLDH4,AJCK6OKNWGIYG,5
B004HOLDH4,A1TMAVN4CEM8U8,5
B004HOLDH4,A1TMAVN4CEM8U8,5
B001OCKIBY,A383XURHVF8ON6,4
B001OCKIBY,AT9U5ZE5OO84C,5
B001OCKIBY,A3EFSLEMHNPP6A,4
B001OCKIBY,A7EK88GF8N40F,3
B001OCKIBY,A3D9NUCR4RXDPY,5
B001OCKIBY,A1H7Y5XKPGT0OS,1
B001OCKIBY,A3FKGKUCI3DG9U,5
B001OCKIBY,A1F7YU6O5RU432,4
B001OCKIBY,A25C2M3QF9G7OQ,4
B001OCKIBY,A1B6O7SAIYG2N0,3
B001OCKIBY,A1UQBFCERIP7VJ,1
B001OCKIBY,AMRMK86X3PKXD,5
B001OCKIBY,A13MKSASQ6YWL7,4
B001OCKIBY,A353U0L2HAMSHV,5
B001OCKIBY,A3PJZ8TU8FDQ1K,5
B001OCKIBY,A1ONZ8JRPLBNUI,5
B003D4MYLS,A3UUTDX2WNVUS3,5
B003D4MYLS,A13HRSMJ5TOWEZ,5
B003D4MYLS,A1Z54EM24Y40LL,5
B003D4MYLS,A1YJMG0QJXZLD4,4
B003D4MYLS,A13HRSMJ5TOWEZ,5
B003D4MYLS,A3UUTDX2WNVUS3,5
B003D4MYLS,A1AEQZM99LO9VA,5
B003D4MYLS,AIEEK7AHXKZCC,5
B003D4MYLS,A2DPYMNI2HCIOI,2
B003D4MYLS,A3MUSWDCTZINQZ,3
B003D4MYLS,A1UQBFCERIP7VJ,4
B003D4MYLS,A3UUTDX2WNVUS3,5
B003D4MYLS,A13HRSMJ5TOWEZ,5
B003D4MYLS,A13HRSMJ5TOWEZ,5
B003D4MYLS,A1YUL9PCJR3JTY,4
B003D4MYLS,A16KK3YHCWE29C,5
B003D4MYLS,A3FY3H6F4249E0,4
B003D4MYLS,A3MUSWDCTZINQZ,3
B003D4MYLS,A13HRSMJ5TOWEZ,2
B003D4MYLS,A13HRSMJ5TOWEZ,5
B003D4MYLS,AIEEK7AHXKZCC,5
B0029XLH4Y,A2YSFKX18XTHED,1
B0029XLH4Y,A33REC3J2JU2EL,5
B0029XLH4Y,A26NFIQ7KWI8Y7,3
B0029XLH4Y,A35R32TA60XD57,3
B0029XLH4Y,A2KUUWP4ZZMOBP,5
B0029NMDJM,A2T5VEAFT6PUH3,4
B0029NMDJM,A2T5VEAFT6PUH3,4
B0029NMDJM,A2T5VEAFT6PUH3,4
B0029NMDJM,A2T5VEAFT6PUH3,5
B0029NMDJM,A2T5VEAFT6PUH3,5
B005HG9ERW,A3DOPYDOS49I3T,4
B005HG9ERW,A1LHAXBM5GBJS2,3
B005HG9ERW,A3MUSWDCTZINQZ,4
B005HG9ERW,A1JMR1N9NBYJ1X,4
B005HG9ERW,A1ZPY91VE3IDN1,4
B005HG9ERW,A26LD9FQHTM8ZH,4
B005HG9ERW,A35JP8KSV9281K,3
B005HG9ERW,ADLVFFE4VBT8,3
B005HG9ERW,AJQDIT55SZ3ZX,3
B005HG9ERW,A29M09QBG9TZLP,5
B005HG9ERW,A1AEPMPA12GUJ7,4
B005HG9ERW,A2YKWYC3WQJX5J,5
B005HG9ERW,A1YJMG0QJXZLD4,5
B005HG9ERW,A1SCANWWQTEG9I,2
B005HG9ERW,A3MDETK0D5UAIN,3
B005HG9ERW,AQ6AGWKWMTY8H,4
B005HG9ERW,A1ODOGXEYECQQ8,4
B005HG9ERW,AYB4ELCS5AM8P,5
B005HG9ERW,A1KEK09ZA6J9P8,5
B005HG9ERW,AEL6CQNQXONBX,4
B005HG9ERW,A1UQBFCERIP7VJ,4
B005HG9ERW,A1F7YU6O5RU432,5
B005HG9ERW,A2YB7DLC3FOR7W,5
B005HG9ERW,A1A1BM6N28X9J0,3
B005HG9ERW,A1W415JP5WEAJK,4
B005HG9ERW,A3QNQQKJTL76H0,4
B005HG9ERW,A3094EPI56GKZ6,5
B005HG9ERW,A1PI8VBCXXSGC7,4
B005HG9ERW,ALDAF4VVLFRHP,3
B005HG9ERW,A353U0L2HAMSHV,4
B005HG9ERW,A1V1EP514B5H7Y,3
B005HG9ERW,AKJHHD5VEH7VG,4
B005HG9ERW,A2X3L31KCXBHCL,5
B005HG9ERW,A2XNOB1T796Y6B,3
B005HG9ERW,A2SZLNSI5KOQJT,3
B005HG9ERW,A3EFSLEMHNPP6A,4
B005HG9ERW,A2W9I628I6SE1U,5
B005HG9ERW,A1RRMZKOMZ2M7J,3
B005HG9ERW,A2DPYMNI2HCIOI,4
B005HG9ERW,A36MP37DITBU6F,5
B005HG9ERW,A1P2XYD265YE21,4
B005HG9ERW,A1QBOC76MIOJYP,5
B005HG9ERW,AIEEK7AHXKZCC,5
B005HG9ERW,A3MZNRSDQ32UUH,3
B005HG9ERW,A2R1HUYHXV7H18,4
B005HG9ERW,A25C2M3QF9G7OQ,3
B005HG9ERW,A2MUGFV2TDQ47K,3
B005HG9ERW,A3RR2P5IS3DGPR,5
B005HG9ERW,A1HRYC60VTMYC0,5
B005HG9ERW,A1ONZ8JRPLBNUI,5
B005HG9ERW,A1RLP0R1N8H8C4,3
B005HG9ERW,A22CW0ZHY3NJH8,4
B005HG9ERW,A11OTLEDSW8ZXD,4
B005HG9ERW,ALSAOZ1V546VT,5
B005HG9ERW,AYOMAHLWRQHUG,2
B000FFIL92,A2X3L31KCXBHCL,5
B000FFIL92,A35JP8KSV9281K,5
B000FFIL92,A22PUBSSNP54L,5
B000FFIL92,A2YKWYC3WQJX5J,5
B000FFIL92,A16KK3YHCWE29C,2
B000FFIL92,A353U0L2HAMSHV,4
B000FFIL92,A3MZNRSDQ32UUH,5
B000FFIL92,A1ZPY91VE3IDN1,5
B000FFIL92,A2PNOU7NXB1JE4,1
B000FFIL92,A3094EPI56GKZ6,4
B000FFIL92,AQLL2R1PPR46X,4
B001EO5TGQ,A16KK3YHCWE29C,3
B001EO5TGQ,A1YUL9PCJR3JTY,4
B001EO5TGQ,AXO4PQU0XG3TG,4
B001EO5TGQ,A3MUSWDCTZINQZ,5
B001EO5TGQ,A1LZJZIHUPLDV4,5
B001EO5TGQ,A1YUL9PCJR3JTY,4
B001EO5TGQ,A2FRFAQCWZJT3Q,5
B001EO5TGQ,A1LZJZIHUPLDV4,5
B001EO5TGQ,A16KK3YHCWE29C,3
B000E199RK,A1YUL9PCJR3JTY,4
B000E199RK,A281NPSIMI1C2R,5
B000E199RK,A281NPSIMI1C2R,5
B000E199RK,A2SZWFJX0783BF,4
B000E199RK,A1GYEGLX3P2Y7P,5
B000CR00FQ,A393F381MA82AY,5
B000CR00FQ,A2Y8IDC1FKGNJC,5
B000CR00FQ,ACAIEIV03NBHY,5
B000CR00FQ,AK7CAW3N1XZV6,5
B000CR00FQ,A1ZPY91VE3IDN1,5
B000CR00FQ,AY1EF0GOH80EK,5
B000CR00FQ,A1RRMZKOMZ2M7J,2
B000CR00FQ,A37CENQP0ZNKVE,5
B0044U2I4I,A1ODKP5Y7DPMM1,5
B0044U2I4I,A1ODKP5Y7DPMM1,5
B0044U2I4I,ABDCYK04CL6O4,5
B0044U2I4I,ABDCYK04CL6O4,5
B0044U2I4I,ABDCYK04CL6O4,5
B000CQG8AS,A17GK9E70O7Y9R,5
B000CQG8AS,A2OWR2PL3DLWS4,5
B000CQG8AS,A2OWR2PL3DLWS4,5
B000CQG8AS,A281NPSIMI1C2R,5
B000CQG8AS,A281NPSIMI1C2R,5
B000CQG8AS,A281NPSIMI1C2R,5
B000CQG8AS,ADS5APY1NKTL4,5
B000CQG8AS,A3MUSWDCTZINQZ,3
B000CQG8AS,ADLVFFE4VBT8,5
B000CQG8AS,A1AEQZM99LO9VA,2
B000CQG8AS,ADLVFFE4VBT8,5
B000CQG8AS,A1YUL9PCJR3JTY,4
B000CQG8AS,A1YUL9PCJR3JTY,5
B000CQG8AS,AK7CAW3N1XZV6,5
B000CQG8AS,A281NPSIMI1C2R,5
B000CQG8AS,A281NPSIMI1C2R,5
B000CQG8AS,A2DPYMNI2HCIOI,3
B000CQG8AS,AVFA1JB08RG8G,4
B000CQG8AS,A3UUTDX2WNVUS3,5
B000CQG8AS,A1AEQZM99LO9VA,3
B000CQG8AS,A1SO1PGDNVMLXC,5
B000GW67KY,A3OXHLG6DIBRW8,5
B000GW67KY,A3RMGIKUWGPZOK,5
B000GW67KY,A2MNB77YGJ3CN0,5
B000GW67KY,A2UCZAWAN5QMJQ,4
B000GW67KY,A33REC3J2JU2EL,5
B000GW67KY,A2Y8IDC1FKGNJC,5
B002EDIJCM,AVFA1JB08RG8G,4
B002EDIJCM,A2MNB77YGJ3CN0,5
B002EDIJCM,A36WGHR8TO5DKT,5
B002EDIJCM,A2C9XE9I8RSKNX,5
B002EDIJCM,A31N6KB160O508,5
B002EDIJCM,A2MUGFV2TDQ47K,1
B000G6O2QG,A2OEUROGZDTXUJ,5
B000G6O2QG,A22PUBSSNP54L,5
B000G6O2QG,AYB4ELCS5AM8P,5
B000G6O2QG,A2MUGFV2TDQ47K,3
B000G6O2QG,A3RMGIKUWGPZOK,5
B000G6O2QG,A3PJZ8TU8FDQ1K,5
B000G6O2QG,A3PJZ8TU8FDQ1K,5
B000G6O2QG,A31N6KB160O508,4
B000G6O2QG,A31N6KB160O508,4
B000G6O2QG,A31N6KB160O508,4
B000G6O2QG,A1B05INWIDZ74O,3
B000G6O2QG,A1B05INWIDZ74O,5
B000G6O2QG,A2OEUROGZDTXUJ,4
B000G6O2QG,A38KP1POQ191WT,1
B000G6O2QG,ACYR6O588USK,5
B000G6O2QG,AY1EF0GOH80EK,5
B000G6O2QG,A2A1XYSB692L6J,5
B000G6O2QG,A3RMGIKUWGPZOK,3
B000G6O2QG,A2TN9C5E4A0I3F,1
B000G6O2QG,AR7TAEEUDHMUB,1
B000G6O2QG,ADS5APY1NKTL4,5
B000G6O2QG,A3RMGIKUWGPZOK,5
B000G6O2QG,A3PJZ8TU8FDQ1K,5
B000G6O2QG,A1Q7A78VSQ5GQ4,5
B000G6O2QG,A2A8KWCE8RKB9T,4
B000G6O2QG,A2OEUROGZDTXUJ,5
B000G6O2QG,A2II09GQGWOMTQ,5
B000G6O2QG,AQQLWCMRNDFGI,4
B000G6O2QG,A24ZV048V7J0MT,5
B000G6O2QG,A3RMGIKUWGPZOK,5
B000G6O2QG,A3PJZ8TU8FDQ1K,5
B000G6O2QG,A3PJZ8TU8FDQ1K,5
B000G6O2QG,A2YKWYC3WQJX5J,5
B000G6O2QG,AKMEY1BSHSDG7,5
B000G6O2QG,ADS5APY1NKTL4,5
B000G6O2QG,A3M174IC0VXOS2,5
B000G6O2QG,A2OL5WLCNZVD9K,3
B0015MY6PC,A2X3L31KCXBHCL,3
B0015MY6PC,A2Y8IDC1FKGNJC,5
B0015MY6PC,A1AEPMPA12GUJ7,4
B0015MY6PC,A1LZJZIHUPLDV4,5
B0015MY6PC,A1X2LENOF84LCQ,3
B0015MY6PC,A16AXQ11SZA8SQ,5
B0015MY6PC,A1LHAXBM5GBJS2,4
B0015MY6PC,A13MKSASQ6YWL7,5
B0015MY6PC,A25C2M3QF9G7OQ,4
B0015MY6PC,A26LD9FQHTM8ZH,5
B0015MY6PC,A2LJJ4482V9LAW,2
B0015MY6PC,AXO4PQU0XG3TG,4
B0015MY6PC,AQLL2R1PPR46X,5
B0015MY6PC,AWKZAUC0D8DYL,5
B0015MY6PC,AJCK6OKNWGIYG,5
B0015MY6PC,A35X2JJI49OBZP,5
B005HUVI0Y,A3OXHLG6DIBRW8,5
B005HUVI0Y,AK7CAW3N1XZV6,2
B005HUVI0Y,A2TJG4N8LNJW23,3
B005HUVI0Y,AQQLWCMRNDFGI,4
B005HUVI0Y,A2SZLNSI5KOQJT,3
B005HUVI0Y,A2TJG4N8LNJW23,4
B002ZJMRTQ,A3M8R4JD1SIS76,5
B002ZJMRTQ,A2R6RA8FRBS608,5
B002ZJMRTQ,A2YB7DLC3FOR7W,5
B002ZJMRTQ,A3DOPYDOS49I3T,4
B002ZJMRTQ,A26HFSVLAGULIM,4
B002ZJMRTQ,A3M174IC0VXOS2,5
B003YK8YL0,A3VKBFC5K2INR4,5
B003YK8YL0,A1KEK09ZA6J9P8,5
B003YK8YL0,AY12DBB0U420B,5
B003YK8YL0,A2TN9C5E4A0I3F,5
B003YK8YL0,A2OEUROGZDTXUJ,5
B000EHIVIW,A2TO2BN3P4C00L,5
B000EHIVIW,A2TO2BN3P4C00L,4
B000EHIVIW,A3T0OTH5072YRE,3
B000EHIVIW,A4DTM6B4IBYQX,4
B000EHIVIW,A3QJQQZTKFV7BJ,5
B000FBQ56M,ALSAOZ1V546VT,5
B000FBQ56M,AXO4PQU0XG3TG,5
B000FBQ56M,A13K3ZLWAWN1EI,5
B000FBQ56M,A2OWR2PL3DLWS4,5
B000FBQ56M,A2OWR2PL3DLWS4,5
B000FBQ56M,A2OWR2PL3DLWS4,5
B000FBQ56M,A13K3ZLWAWN1EI,5
B000FBQ56M,ALSAOZ1V546VT,5
B000FBQ56M,A2IYLMDQGBB4VG,2
B005VOOL00,AIEEK7AHXKZCC,5
B005VOOL00,A2OL5WLCNZVD9K,5
B005VOOL00,ADS5APY1NKTL4,5
B005VOOL00,A3R9H6OKZHHRJD,3
B005VOOL00,AEL6CQNQXONBX,5
B005VOOL00,A16WPA6JV83YXT,3
B005VOOL00,A26LD9FQHTM8ZH,4
B005VOOL00,A1P2XYD265YE21,5
B005VOOL00,AT9U5ZE5OO84C,5
B005VOOL00,A1JMR1N9NBYJ1X,5
B005VOOL00,A100WO06OQR8BQ,2
B005VOOL00,A1ONZ8JRPLBNUI,5
B005VOOL00,A1IH42TUIZ2XJL,4
B005VOOL00,A2R1HUYHXV7H18,4
B005VOOL00,A1AEPMPA12GUJ7,4
B005VOOL00,AMRMK86X3PKXD,5
B005VOOL00,A2Y8IDC1FKGNJC,5
B005VOOL00,A2FRFAQCWZJT3Q,5
B005VOOL00,ACAXV4V8PBCE3,4
B005VOOL00,A2XNOB1T796Y6B,4
B005VOOL00,A1A1BM6N28X9J0,4
B005VOOL00,A13WOT3RSXKRD5,4
B005VOOL00,A29M09QBG9TZLP,4
B005VOOL00,A1LHAXBM5GBJS2,3
B005VOOL00,A1H7Y5XKPGT0OS,4
B005VOOL00,ANCOMAI0I7LVG,3
B005VOOL00,A35JP8KSV9281K,5
B005VOOL00,A175N19FS2B4J,4
B005VOOL00,A1B6O7SAIYG2N0,4
B005VOOL00,ARYSDAZNRXN6G,5
B005VOOL00,A3M8R4JD1SIS76,5
B005VOOL00,A1HRYC60VTMYC0,5
B005VOOL00,A3FKGKUCI3DG9U,4
B008FHUKE6,A2TJG4N8LNJW23,1
B008FHUKE6,A2SZLNSI5KOQJT,1
B008FHUKE6,A17HMM1M7T9PJ1,4
B008FHUKE6,A2TJG4N8LNJW23,1
B008FHUKE6,A3NEAETOSXDBOM,5
B000CQC08C,A17GK9E70O7Y9R,5
B000CQC08C,A2OWR2PL3DLWS4,5
B000CQC08C,A2OWR2PL3DLWS4,5
B000CQC08C,A281NPSIMI1C2R,5
B000CQC08C,A281NPSIMI1C2R,5
B000CQC08C,A281NPSIMI1C2R,5
B000CQC08C,ADS5APY1NKTL4,5
B000CQC08C,A3MUSWDCTZINQZ,3
B000CQC08C,ADLVFFE4VBT8,5
B000CQC08C,A1AEQZM99LO9VA,2
B000CQC08C,ADLVFFE4VBT8,5
B000CQC08C,A1YUL9PCJR3JTY,4
B000CQC08C,A1YUL9PCJR3JTY,5
B000CQC08C,AK7CAW3N1XZV6,5
B000CQC08C,A281NPSIMI1C2R,5
B000CQC08C,A281NPSIMI1C2R,5
B000CQC08C,A2DPYMNI2HCIOI,3
B000CQC08C,AVFA1JB08RG8G,4
B000CQC08C,A3UUTDX2WNVUS3,5
B000CQC08C,A1AEQZM99LO9VA,3
B000CQC08C,A1SO1PGDNVMLXC,5
B000G7WWW6,A3OXHLG6DIBRW8,5
B000G7WWW6,A2YIO225BTKVPU,4
B000G7WWW6,A3UUTDX2WNVUS3,5
B000G7WWW6,A3BH49ZKESHDID,5
B000G7WWW6,A1ZH9LWMX5UCFJ,5
B000G7WWW6,A2YIO225BTKVPU,5
B000SV5DKS,A1Z54EM24Y40LL,5
B000SV5DKS,A1HRYC60VTMYC0,3
B000SV5DKS,ALL9XFM0Q1N4E,5
B000SV5DKS,A1WOMXOEX90ARI,5
B000SV5DKS,AMRMK86X3PKXD,5
B001E5E074,A3BH49ZKESHDID,3
B001E5E074,A1WX42M589VAMQ,4
B001E5E074,A2XNJJ9TF70P4J,4
B001E5E074,A2Y8IDC1FKGNJC,5
B001E5E074,AKMEY1BSHSDG7,5
B0018KLPFK,A3T0OTH5072YRE,5
B0018KLPFK,A2SZWFJX0783BF,5
B0018KLPFK,A1P2XYD265YE21,5
B0018KLPFK,AI0NMYA3LKXW1,5
B0018KLPFK,AYGJ96W5KQMUJ,4
B0018KLPFK,A1P2XYD265YE21,5
B0018KLPFK,A12ENBT314RFXR,5
B0018KLPFK,A1HOXKR7OKJ1X1,5
B0018KLPFK,A1P2XYD265YE21,5
B0018KLPFK,A1P2XYD265YE21,5
B0018KLPFK,A1LZJZIHUPLDV4,5
B0018KLPFK,A2LJJ4482V9LAW,1
B0018KLPFK,AJB5P7GVR0MT8,3
B0018KLPFK,A1LZJZIHUPLDV4,5
B0018KLPFK,A1P2XYD265YE21,5
B0018KLPFK,A1P2XYD265YE21,5
B0012KIB8K,AKZKG2Z7CNV27,1
B0012KIB8K,A1Z4LX3Q1YMF84,5
B0012KIB8K,A1IH42TUIZ2XJL,2
B0012KIB8K,A3F3B1JPACN215,5
B0012KIB8K,ATJN4KEHJBOC8,4
B003XDH6M6,A35X2JJI49OBZP,4
B003XDH6M6,A2MSQNPTNAAGL1,5
B003XDH6M6,A1LHAXBM5GBJS2,4
B003XDH6M6,A1A1BM6N28X9J0,4
B003XDH6M6,A2W9I628I6SE1U,4
B003XDH6M6,ADS5APY1NKTL4,5
B003XDH6M6,A22CW0ZHY3NJH8,3
B003XDH6M6,A1DH3QDZX8Z7GO,5
B003XDH6M6,A3R9H6OKZHHRJD,4
B003XDH6M6,A3EFSLEMHNPP6A,4
B003XDH6M6,A2XNOB1T796Y6B,1
B003XDH6M6,A1P2XYD265YE21,5
B00248EE4O,APP8XWYYV4PAA,4
B00248EE4O,A2FRFAQCWZJT3Q,5
B00248EE4O,A1X2LENOF84LCQ,4
B00248EE4O,A1ODOGXEYECQQ8,5
B00248EE4O,A25C2M3QF9G7OQ,5
B00248EE4O,A3EFSLEMHNPP6A,5
B00248EE4O,A2MSQNPTNAAGL1,5
B00248EE4O,A2FRFAQCWZJT3Q,5
B00248EE4O,AQLL2R1PPR46X,5
B00248EE4O,A2B8GXSCB1R05T,3
B00248EE4O,A2MNB77YGJ3CN0,5
B00248EE4O,AT9U5ZE5OO84C,5
B00248EE4O,AT9U5ZE5OO84C,5
B00248EE4O,A2Y8IDC1FKGNJC,5
B00248EE4O,A17V9XL4CWTQ6G,5
B00248EE4O,A1GQAKL9CGQLP1,5
B00248EE4O,A3VKBFC5K2INR4,5
B00248EE4O,ACYR6O588USK,5
B00248EE4O,A1LZJZIHUPLDV4,5
B00248EE4O,AWKZAUC0D8DYL,5
B00248EE4O,A2TO2BN3P4C00L,3
B00248EE4O,A1LZJZIHUPLDV4,5
B00248EE4O,A2R1HUYHXV7H18,5
B001RVFERK,A2LJJ4482V9LAW,5
B001RVFERK,A2YB7DLC3FOR7W,5
B001RVFERK,A17V9XL4CWTQ6G,5
B001RVFERK,A2MNB77YGJ3CN0,5
B001RVFERK,A3T0OTH5072YRE,3
B001RVFERK,A2NOW4U7W3F7RI,5
B001RVFERK,A1PI8VBCXXSGC7,4
B001RVFERK,A24ZV048V7J0MT,3
B001RVFERK,A3AZI828WJN1CD,3
B001RVFERK,A13MKSASQ6YWL7,3
B001RVFERK,ALL9XFM0Q1N4E,5
B001RVFERK,A3BBC8E7QT7N9I,4
B001RVFERK,A1ZH9LWMX5UCFJ,5
B001RVFERK,A3HPCRD9RX351S,5
B001RVFERK,A13K3ZLWAWN1EI,4
B001RVFERK,A3QNQQKJTL76H0,5
B001RVFERK,A3V1A3C9DTLPME,5
B001RVFERK,A1GYEGLX3P2Y7P,4
B001RVFERK,A2SZLNSI5KOQJT,4
B00008CQVA,A29JUMRL1US6YP,5
B00008CQVA,A58N07M0ZCYMB,5
B00008CQVA,A2FRFAQCWZJT3Q,3
B00008CQVA,A29JUMRL1US6YP,5
B00008CQVA,A29JUMRL1US6YP,5
B00008CQVA,A29JUMRL1US6YP,5
B00008CQVA,A29JUMRL1US6YP,5
B00008CQVA,A29JUMRL1US6YP,5
B00008CQVA,A29JUMRL1US6YP,5
B00008CQVA,A29JUMRL1US6YP,5
B00008CQVA,A29JUMRL1US6YP,5
B00008CQVA,A29JUMRL1US6YP,5
B00008CQVA,A29JUMRL1US6YP,5
B005K4Q1YA,A35R32TA60XD57,1
B005K4Q1YA,AKJHHD5VEH7VG,3
B005K4Q1YA,ALDAF4VVLFRHP,5
B005K4Q1YA,ALDAF4VVLFRHP,5
B005K4Q1YA,A1X2LENOF84LCQ,2
B005K4Q1YA,A35X2JJI49OBZP,4
B002EDGZB4,AVFA1JB08RG8G,4
B002EDGZB4,A2MNB77YGJ3CN0,5
B002EDGZB4,A36WGHR8TO5DKT,5
B002EDGZB4,A2C9XE9I8RSKNX,5
B002EDGZB4,A31N6KB160O508,5
B002EDGZB4,A2MUGFV2TDQ47K,1
B002AYIJDO,A3GGXJD0BMJ2W3,5
B002AYIJDO,A3GGXJD0BMJ2W3,5
B002AYIJDO,A33AQPJYH7UUXR,4
B002AYIJDO,A9NXTC0HTPSDO,5
B002AYIJDO,A3GGXJD0BMJ2W3,5
B004P7QDJ6,A1ODKP5Y7DPMM1,5
B004P7QDJ6,A1ODKP5Y7DPMM1,5
B004P7QDJ6,ABDCYK04CL6O4,5
B004P7QDJ6,ABDCYK04CL6O4,5
B004P7QDJ6,ABDCYK04CL6O4,5
B000H7GS5W,A2LJJ4482V9LAW,3
B000H7GS5W,A1RLP0R1N8H8C4,5
B000H7GS5W,A3RR2P5IS3DGPR,5
B000H7GS5W,A3LWC833HQIG7J,4
B000H7GS5W,A1T1YSCDW0PD25,4
B000CQE3IC,A3OXHLG6DIBRW8,4
B000CQE3IC,A2O421DTA8J0RW,5
B000CQE3IC,A1TMAVN4CEM8U8,5
B000CQE3IC,A1B05INWIDZ74O,5
B000CQE3IC,A2C9XE9I8RSKNX,5
B000CQE3IC,AQLL2R1PPR46X,5
B000CQE3IC,AEC90GPFKLAAW,4
B000CQE3IC,A3QA0BBQW08DLZ,4
B008114GDW,A1TMAVN4CEM8U8,5
B008114GDW,A7EK88GF8N40F,5
B008114GDW,A1TMAVN4CEM8U8,5
B008114GDW,A1TMAVN4CEM8U8,5
B008114GDW,A1TMAVN4CEM8U8,5
B008114GDW,A1TMAVN4CEM8U8,5
B008114GDW,A3094EPI56GKZ6,5
B008114GDW,A1P2XYD265YE21,5
B008114GDW,A361PLXEWB9UC1,5
B008114GDW,A1TMAVN4CEM8U8,5
B008114GDW,A2XNJJ9TF70P4J,1
B000FBQ4YU,ALSAOZ1V546VT,5
B000FBQ4YU,AXO4PQU0XG3TG,5
B000FBQ4YU,A13K3ZLWAWN1EI,5
B000FBQ4YU,A2OWR2PL3DLWS4,5
B000FBQ4YU,A2OWR2PL3DLWS4,5
B000FBQ4YU,A2OWR2PL3DLWS4,5
B000FBQ4YU,A13K3ZLWAWN1EI,5
B000FBQ4YU,ALSAOZ1V546VT,5
B000FBQ4YU,A2IYLMDQGBB4VG,2
B006BXV176,A2XNJJ9TF70P4J,1
B006BXV176,A1ZH9LWMX5UCFJ,5
B006BXV176,AMRMK86X3PKXD,4
B006BXV176,A1H7Y5XKPGT0OS,2
B006BXV176,A3MZNRSDQ32UUH,1
B000MRTSB8,A1HRYC60VTMYC0,5
B000MRTSB8,A1YJMG0QJXZLD4,5
B000MRTSB8,AYOMAHLWRQHUG,3
B000MRTSB8,AKMEY1BSHSDG7,5
B000MRTSB8,A1Z54EM24Y40LL,5
B003TC7WN4,A2UCZAWAN5QMJQ,4
B003TC7WN4,A35R32TA60XD57,5
B003TC7WN4,A2SZLNSI5KOQJT,4
B003TC7WN4,A2SZLNSI5KOQJT,5
B003TC7WN4,A17HMM1M7T9PJ1,4
B003TC7WN4,A2SZLNSI5KOQJT,3
B003TC7WN4,A26NFIQ7KWI8Y7,3
B003TC7WN4,A2TJG4N8LNJW23,4
B003TC7WN4,A2SZLNSI5KOQJT,3
B003TC7WN4,AYOMAHLWRQHUG,5
B003TC7WN4,A2D1LPEUCTNT8X,3
B003TC7WN4,A3OXRFCJI67IMN,4
B003TC7WN4,AQQLWCMRNDFGI,4
B003TC7WN4,A2KUUWP4ZZMOBP,4
B003TC7WN4,A2SZLNSI5KOQJT,4
B003TC7WN4,A26NFIQ7KWI8Y7,1
B003TC7WN4,AYOMAHLWRQHUG,5
B003TC7WN4,A35R32TA60XD57,5
B003TC7WN4,AQQLWCMRNDFGI,4
B0044CPA28,A25C2M3QF9G7OQ,5
B0044CPA28,A3NEAETOSXDBOM,3
B0044CPA28,A1X2LENOF84LCQ,2
B0044CPA28,A3D9NUCR4RXDPY,4
B0044CPA28,A1GYEGLX3P2Y7P,5
B0044CPA28,A2FRFAQCWZJT3Q,3
B0044CPA28,A2W9I628I6SE1U,4
B0044CPA28,AWKZAUC0D8DYL,3
B0044CPA28,A3M8R4JD1SIS76,4
B0044CPA28,A35JP8KSV9281K,5
B0044CPA28,A1F7YU6O5RU432,3
B004OQBC8K,A1Z54EM24Y40LL,5
B004OQBC8K,A1SO1PGDNVMLXC,5
B004OQBC8K,A2IYLMDQGBB4VG,3
B004OQBC8K,A3FY3H6F4249E0,5
B004OQBC8K,A2OWR5G2OAQF7C,4
B004OQBC8K,A1SO1PGDNVMLXC,3
B004OQBC8K,A1YUL9PCJR3JTY,3
B004OQBC8K,A1YUL9PCJR3JTY,4
B004OQBC8K,A1SO1PGDNVMLXC,5
B004OQBC8K,A3FY3H6F4249E0,5
B004OQBC8K,A1YJMG0QJXZLD4,4
B004OQBC8K,A1YUL9PCJR3JTY,5
B004OQBC8K,A3FY3H6F4249E0,5
B004OQBC8K,A3FY3H6F4249E0,5
B004OQBC8K,A281NPSIMI1C2R,5
B004OQBC8K,A1YUL9PCJR3JTY,4
B004OQBC8K,ADS5APY1NKTL4,5
B004OQBC8K,AI0NMYA3LKXW1,5
B004OQBC8K,A1UQBFCERIP7VJ,4
B00271OPVU,A2158Y2U61AU9G,5
B00271OPVU,A31N6KB160O508,5
B00271OPVU,AMPGRXQMO89X9,5
B00271OPVU,A1T1YSCDW0PD25,4
B00271OPVU,A2E3WMF9RWW2X2,5
B00271OPVU,A33REC3J2JU2EL,5
B00271OPVU,A2AOD7254MCKSH,5
B008JKU2CO,A1T1YSCDW0PD25,4
B008JKU2CO,AQLL2R1PPR46X,5
B008JKU2CO,A1LFSTBR7L7PUT,5
B008JKU2CO,A3FY3H6F4249E0,4
B008JKU2CO,A1T1YSCDW0PD25,4
B008JKU2CO,AY12DBB0U420B,4
B0029NIPSA,A2T5VEAFT6PUH3,4
B0029NIPSA,A2T5VEAFT6PUH3,4
B0029NIPSA,A2T5VEAFT6PUH3,4
B0029NIPSA,A2T5VEAFT6PUH3,5
B0029NIPSA,A2T5VEAFT6PUH3,5
B005HG9ET0,A3DOPYDOS49I3T,4
B005HG9ET0,A1LHAXBM5GBJS2,3
B005HG9ET0,A3MUSWDCTZINQZ,4
B005HG9ET0,A1JMR1N9NBYJ1X,4
B005HG9ET0,A1ZPY91VE3IDN1,4
B005HG9ET0,A26LD9FQHTM8ZH,4
B005HG9ET0,A35JP8KSV9281K,3
B005HG9ET0,ADLVFFE4VBT8,3
B005HG9ET0,AJQDIT55SZ3ZX,3
B005HG9ET0,A29M09QBG9TZLP,5
B005HG9ET0,A1AEPMPA12GUJ7,4
B005HG9ET0,A2YKWYC3WQJX5J,5
B005HG9ET0,A1YJMG0QJXZLD4,5
B005HG9ET0,A1SCANWWQTEG9I,2
B005HG9ET0,A3MDETK0D5UAIN,3
B005HG9ET0,AQ6AGWKWMTY8H,4
B005HG9ET0,A1ODOGXEYECQQ8,4
B005HG9ET0,AYB4ELCS5AM8P,5
B005HG9ET0,A1KEK09ZA6J9P8,5
B005HG9ET0,AEL6CQNQXONBX,4
B005HG9ET0,A1UQBFCERIP7VJ,4
B005HG9ET0,A1F7YU6O5RU432,5
B005HG9ET0,A2YB7DLC3FOR7W,5
B005HG9ET0,A1A1BM6N28X9J0,3
B005HG9ET0,A1W415JP5WEAJK,4
B005HG9ET0,A3QNQQKJTL76H0,4
B005HG9ET0,A3094EPI56GKZ6,5
B005HG9ET0,A1PI8VBCXXSGC7,4
B005HG9ET0,ALDAF4VVLFRHP,3
B005HG9ET0,A353U0L2HAMSHV,4
B005HG9ET0,A1V1EP514B5H7Y,3
B005HG9ET0,AKJHHD5VEH7VG,4
B005HG9ET0,A2X3L31KCXBHCL,5
B005HG9ET0,A2XNOB1T796Y6B,3
B005HG9ET0,A2SZLNSI5KOQJT,3
B005HG9ET0,A3EFSLEMHNPP6A,4
B005HG9ET0,A2W9I628I6SE1U,5
B005HG9ET0,A1RRMZKOMZ2M7J,3
B005HG9ET0,A2DPYMNI2HCIOI,4
B005HG9ET0,A36MP37DITBU6F,5
B005HG9ET0,A1P2XYD265YE21,4
B005HG9ET0,A1QBOC76MIOJYP,5
B005HG9ET0,AIEEK7AHXKZCC,5
B005HG9ET0,A3MZNRSDQ32UUH,3
B005HG9ET0,A2R1HUYHXV7H18,4
B005HG9ET0,A25C2M3QF9G7OQ,3
B005HG9ET0,A2MUGFV2TDQ47K,3
B005HG9ET0,A3RR2P5IS3DGPR,5
B005HG9ET0,A1HRYC60VTMYC0,5
B005HG9ET0,A1ONZ8JRPLBNUI,5
B005HG9ET0,A1RLP0R1N8H8C4,3
B005HG9ET0,A22CW0ZHY3NJH8,4
B005HG9ET0,A11OTLEDSW8ZXD,4
B005HG9ET0,ALSAOZ1V546VT,5
B005HG9ET0,AYOMAHLWRQHUG,2
B004E4EBMG,A2YKWYC3WQJX5J,3
B004E4EBMG,ALDAF4VVLFRHP,4
B004E4EBMG,A1JMR1N9NBYJ1X,5
B004E4EBMG,A1AEPMPA12GUJ7,4
B004E4EBMG,A2XNOB1T796Y6B,4
B004E4EBMG,A35W3JQYP0M655,5
B004E4EBMG,A7EK88GF8N40F,3
B004E4EBMG,A13WOT3RSXKRD5,4
B004E4EBMG,A1DH3QDZX8Z7GO,3
B004E4EBMG,A1V1EP514B5H7Y,4
B004E4EBMG,A1Z54EM24Y40LL,5
B004E4EBMG,A1KEK09ZA6J9P8,5
B004E4EBMG,A2KIVODZRTGY4U,5
B004E4EBMG,AEC90GPFKLAAW,3
B004E4EBMG,A100WO06OQR8BQ,5
B004E4EBMG,A1PI8VBCXXSGC7,3
B004E4EBMG,A353U0L2HAMSHV,4
B004E4EBMG,A3HPCRD9RX351S,3
B004E4EBMG,A16AXQ11SZA8SQ,4
B004E4EBMG,A3T0OTH5072YRE,2
B004E4EBMG,ARYSDAZNRXN6G,1
B004E4EBMG,A2TO2BN3P4C00L,2
B004E4EBMG,A1LHAXBM5GBJS2,4
B004E4EBMG,AKJHHD5VEH7VG,5
B004E4EBMG,A3M8R4JD1SIS76,5
B004E4EBMG,A3MDETK0D5UAIN,1
B004E4EBMG,A1X2LENOF84LCQ,3
B004E4EBMG,A1ODOGXEYECQQ8,3
B004E4EBMG,AQLL2R1PPR46X,3
B004E4EBMG,A1GYEGLX3P2Y7P,4
B004E4EBMG,A36MP37DITBU6F,5
B004E4EBMG,A3OXHLG6DIBRW8,3
B004E4EBMG,A1UQBFCERIP7VJ,1
B004E4EBMG,ADLVFFE4VBT8,2
B004E4EBMG,A3QNQQKJTL76H0,3
B004E4EBMG,A1ZPY91VE3IDN1,4
B004E4EBMG,A22CW0ZHY3NJH8,4
B000HDK0D2,AY1EF0GOH80EK,5
B000HDK0D2,AJCK6OKNWGIYG,5
B000HDK0D2,A1ZPY91VE3IDN1,5
B000HDK0D2,ATJN4KEHJBOC8,5
B000HDK0D2,A1PI8VBCXXSGC7,5
B000HDK0D2,A18L1CVUIQRE9L,5
B000HDK0D2,A3PJZ8TU8FDQ1K,5
B000HDK0D2,A393F381MA82AY,5
B000HDK0D2,A2YB7DLC3FOR7W,5
B000LKVD5U,A2OEUROGZDTXUJ,5
B000LKVD5U,A22PUBSSNP54L,5
B000LKVD5U,AYB4ELCS5AM8P,5
B000LKVD5U,A2MUGFV2TDQ47K,3
B000LKVD5U,A3RMGIKUWGPZOK,5
B000LKVD5U,A3PJZ8TU8FDQ1K,5
B000LKVD5U,A3PJZ8TU8FDQ1K,5
B000LKVD5U,A31N6KB160O508,4
B000LKVD5U,A31N6KB160O508,4
B000LKVD5U,A31N6KB160O508,4
B000LKVD5U,A1B05INWIDZ74O,3
B000LKVD5U,A1B05INWIDZ74O,5
B000LKVD5U,A2OEUROGZDTXUJ,4
B000LKVD5U,A38KP1POQ191WT,1
B000LKVD5U,ACYR6O588USK,5
B000LKVD5U,AY1EF0GOH80EK,5
B000LKVD5U,A2A1XYSB692L6J,5
B000LKVD5U,A3RMGIKUWGPZOK,3
B000LKVD5U,A2TN9C5E4A0I3F,1
B000LKVD5U,AR7TAEEUDHMUB,1
B000LKVD5U,ADS5APY1NKTL4,5
B000LKVD5U,A3RMGIKUWGPZOK,5
B000LKVD5U,A3PJZ8TU8FDQ1K,5
B000LKVD5U,A1Q7A78VSQ5GQ4,5
B000LKVD5U,A2A8KWCE8RKB9T,4
B000LKVD5U,A2OEUROGZDTXUJ,5
B000LKVD5U,A2II09GQGWOMTQ,5
B000LKVD5U,AQQLWCMRNDFGI,4
B000LKVD5U,A24ZV048V7J0MT,5
B000LKVD5U,A3RMGIKUWGPZOK,5
B000LKVD5U,A3PJZ8TU8FDQ1K,5
B000LKVD5U,A3PJZ8TU8FDQ1K,5
B000LKVD5U,A2YKWYC3WQJX5J,5
B000LKVD5U,AKMEY1BSHSDG7,5
B000LKVD5U,ADS5APY1NKTL4,5
B000LKVD5U,A3M174IC0VXOS2,5
B000LKVD5U,A2OL5WLCNZVD9K,3
B000HDK0DC,AY1EF0GOH80EK,5
B000HDK0DC,AJCK6OKNWGIYG,5
B000HDK0DC,A2158Y2U61AU9G,5
B000HDK0DC,A16KK3YHCWE29C,5
B000HDK0DC,A18L1CVUIQRE9L,5
B000HDK0DC,A1GYEGLX3P2Y7P,5
B000HDK0DC,A1ZPY91VE3IDN1,5
B000CQID6U,A3UUTDX2WNVUS3,5
B000CQID6U,A13GZCHAMKWYBT,5
B000CQID6U,A3FY3H6F4249E0,5
B000CQID6U,ADS5APY1NKTL4,5
B000CQID6U,A2OWR2PL3DLWS4,1
B000CQID6U,A1AEQZM99LO9VA,4
B000CQID6U,A3FY3H6F4249E0,5
B000CQID6U,A1AEQZM99LO9VA,1
B000CQID6U,A1SCANWWQTEG9I,2
B009B87SAC,A3TVZM3ZIXG8YW,1
B009B87SAC,A3TVZM3ZIXG8YW,1
B009B87SAC,A36JDIN9RAAIEC,5
B009B87SAC,A3TVZM3ZIXG8YW,1
B009B87SAC,A3TVZM3ZIXG8YW,1
B009B87SAC,A3TVZM3ZIXG8YW,1
B009B87SAC,A3TVZM3ZIXG8YW,1
B009B87SAC,A36JDIN9RAAIEC,5
B009B87SAC,A36JDIN9RAAIEC,5
B009B87SAC,A3TVZM3ZIXG8YW,1
B009B87SAC,A20OQMLRFNZADL,4
B009B87SAC,A1HRYC60VTMYC0,5
B009B87SAC,A2VUD4SPJO4V33,1
B009B87SAC,A3TVZM3ZIXG8YW,1
B009B87SAC,A3TVZM3ZIXG8YW,1
B009B87SAC,A3TVZM3ZIXG8YW,1
B002TN49F8,A1Q7A78VSQ5GQ4,5
B002TN49F8,A13MKSASQ6YWL7,3
B002TN49F8,AIEEK7AHXKZCC,5
B002TN49F8,A2D1LPEUCTNT8X,4
B002TN49F8,AJD41FBJD9010,2
B002TN49F8,A3F3B1JPACN215,5
B002TN49F8,A1H7Y5XKPGT0OS,3
B002TN49F8,ACYR6O588USK,5
B002TN49F8,A3QNQQKJTL76H0,4
B002TN49F8,A3PJZ8TU8FDQ1K,4
B002TN49F8,A3UUTDX2WNVUS3,5
B000YVGMZW,ALSAOZ1V546VT,5
B000YVGMZW,A3UUTDX2WNVUS3,5
B000YVGMZW,A37CENQP0ZNKVE,3
B000YVGMZW,A1WOMXOEX90ARI,3
B000YVGMZW,A1LFSTBR7L7PUT,5
B009M2LUEW,A2G7B7FKP2O2PU,5
B009M2LUEW,A2PNOU7NXB1JE4,3
B009M2LUEW,A281NPSIMI1C2R,5
B009M2LUEW,A2DPYMNI2HCIOI,4
B009M2LUEW,A3VKBFC5K2INR4,5
B0018AD7QK,AJQDIT55SZ3ZX,5
B0018AD7QK,A29313797NGT9L,4
B0018AD7QK,A1GYEGLX3P2Y7P,5
B0018AD7QK,A19SDJ2TSSL8HI,5
B0018AD7QK,A3OXHLG6DIBRW8,4
B0018AD7QK,A3OXHLG6DIBRW8,4
B0018AD7QK,AJQDIT55SZ3ZX,5
B0018AD7QK,AI0NMYA3LKXW1,5
B001E4S8GO,A2UCZAWAN5QMJQ,5
B001E4S8GO,A132ETQPMHQ585,5
B001E4S8GO,A1T1YSCDW0PD25,4
B001E4S8GO,A35R32TA60XD57,5
B001E4S8GO,A1HRYC60VTMYC0,5
B004YGQPAK,AKMEY1BSHSDG7,5
B004YGQPAK,A3T0OTH5072YRE,3
B004YGQPAK,AK8LOFYRZJJW0,3
B004YGQPAK,A2Y8IDC1FKGNJC,1
B004YGQPAK,A13MKSASQ6YWL7,3
B007I7YZJK,A3MUSWDCTZINQZ,4
B007I7YZJK,A35X2JJI49OBZP,4
B007I7YZJK,A11OTLEDSW8ZXD,4
B007I7YZJK,A1JMR1N9NBYJ1X,4
B007I7YZJK,A2MSQNPTNAAGL1,1
B007I7YZJK,AK7CAW3N1XZV6,4
B007I7YZJK,A2R6RA8FRBS608,5
B007I7YZJK,A1ONZ8JRPLBNUI,5
B007I7YZJK,A22PUBSSNP54L,5
B007I7YZJK,A1X2LENOF84LCQ,1
B007I7YZJK,ATJN4KEHJBOC8,4
B007I7YZJK,A35JP8KSV9281K,5
B007I7YZJK,A281NPSIMI1C2R,5
B007I7YZJK,A1B05INWIDZ74O,5
B007I7YZJK,A1B05INWIDZ74O,5
B007I7YZJK,A1A1BM6N28X9J0,5
B007I7YZJK,A1B05INWIDZ74O,5
B007I7YZJK,A3UUTDX2WNVUS3,2
B007I7YZJK,A1AEPMPA12GUJ7,4
B007I7YZJK,AKJHHD5VEH7VG,3
B007I7YZJK,A3PJZ8TU8FDQ1K,4
B007I7YZJK,A2XNOB1T796Y6B,3
B007I7YZJK,ATJN4KEHJBOC8,2
B007I7YZJK,A2MSQNPTNAAGL1,1
B001PMDYXW,A1Z4LX3Q1YMF84,2
B001PMDYXW,A1K82R24ROO2I7,5
B001PMDYXW,A2PNOU7NXB1JE4,3
B001PMDYXW,A11OTLEDSW8ZXD,3
B001PMDYXW,A2UCZAWAN5QMJQ,2
B001PMDYXW,A35R32TA60XD57,1
B001EO5ZHO,A3PJZ8TU8FDQ1K,5
B001EO5ZHO,A3OXHLG6DIBRW8,5
B001EO5ZHO,A3QNQQKJTL76H0,5
B001EO5ZHO,AMRMK86X3PKXD,5
B001EO5ZHO,A3094EPI56GKZ6,5
B001EO5ZHO,A1TJT6GXDGNN8Q,4
B001EO5ZHO,A2Y4S4CNGKF21S,1
B000CQIDHO,A1Z54EM24Y40LL,5
B000CQIDHO,A1SO1PGDNVMLXC,5
B000CQIDHO,A2IYLMDQGBB4VG,3
B000CQIDHO,A3FY3H6F4249E0,5
B000CQIDHO,A2OWR5G2OAQF7C,4
B000CQIDHO,A1SO1PGDNVMLXC,3
B000CQIDHO,A1YUL9PCJR3JTY,3
B000CQIDHO,A1YUL9PCJR3JTY,4
B000CQIDHO,A1SO1PGDNVMLXC,5
B000CQIDHO,A3FY3H6F4249E0,5
B000CQIDHO,A1YJMG0QJXZLD4,4
B000CQIDHO,A1YUL9PCJR3JTY,5
B000CQIDHO,A3FY3H6F4249E0,5
B000CQIDHO,A3FY3H6F4249E0,5
B000CQIDHO,A281NPSIMI1C2R,5
B000CQIDHO,A1YUL9PCJR3JTY,4
B000CQIDHO,ADS5APY1NKTL4,5
B000CQIDHO,AI0NMYA3LKXW1,5
B000CQIDHO,A1UQBFCERIP7VJ,4
B006N3IE6A,A2UCZAWAN5QMJQ,4
B006N3IE6A,A35R32TA60XD57,5
B006N3IE6A,A2SZLNSI5KOQJT,4
B006N3IE6A,A2SZLNSI5KOQJT,5
B006N3IE6A,A17HMM1M7T9PJ1,4
B006N3IE6A,A2SZLNSI5KOQJT,3
B006N3IE6A,A26NFIQ7KWI8Y7,3
B006N3IE6A,A2TJG4N8LNJW23,4
B006N3IE6A,A2SZLNSI5KOQJT,3
B006N3IE6A,AYOMAHLWRQHUG,5
B006N3IE6A,A2D1LPEUCTNT8X,3
B006N3IE6A,A3OXRFCJI67IMN,4
B006N3IE6A,AQQLWCMRNDFGI,4
B006N3IE6A,A2KUUWP4ZZMOBP,4
B006N3IE6A,A2SZLNSI5KOQJT,4
B006N3IE6A,A26NFIQ7KWI8Y7,1
B006N3IE6A,AYOMAHLWRQHUG,5
B006N3IE6A,A35R32TA60XD57,5
B006N3IE6A,AQQLWCMRNDFGI,4
B001397WYY,A1Z4LX3Q1YMF84,2
B001397WYY,A1K82R24ROO2I7,5
B001397WYY,A2PNOU7NXB1JE4,3
B001397WYY,A11OTLEDSW8ZXD,3
B001397WYY,A2UCZAWAN5QMJQ,2
B001397WYY,A35R32TA60XD57,1
B004FGWU9O,A2UCZAWAN5QMJQ,4
B004FGWU9O,A35R32TA60XD57,5
B004FGWU9O,A2SZLNSI5KOQJT,4
B004FGWU9O,A2SZLNSI5KOQJT,5
B004FGWU9O,A17HMM1M7T9PJ1,4
B004FGWU9O,A2SZLNSI5KOQJT,3
B004FGWU9O,A26NFIQ7KWI8Y7,3
B004FGWU9O,A2TJG4N8LNJW23,4
B004FGWU9O,A2SZLNSI5KOQJT,3
B004FGWU9O,AYOMAHLWRQHUG,5
B004FGWU9O,A2D1LPEUCTNT8X,3
B004FGWU9O,A3OXRFCJI67IMN,4
B004FGWU9O,AQQLWCMRNDFGI,4
B004FGWU9O,A2KUUWP4ZZMOBP,4
B004FGWU9O,A2SZLNSI5KOQJT,4
B004FGWU9O,A26NFIQ7KWI8Y7,1
B004FGWU9O,AYOMAHLWRQHUG,5
B004FGWU9O,A35R32TA60XD57,5
B004FGWU9O,AQQLWCMRNDFGI,4
B003R0LKUE,A1XGFW5016CGQI,5
B003R0LKUE,A1XGFW5016CGQI,5
B003R0LKUE,A6KL17KKN0A5L,5
B003R0LKUE,A35R32TA60XD57,2
B003R0LKUE,A2IYLMDQGBB4VG,5
B000E63LBU,A1P2XYD265YE21,5
B000E63LBU,A281NPSIMI1C2R,4
B000E63LBU,A3EPHBMU07LZ50,5
B000E63LBU,AR7TAEEUDHMUB,5
B000E63LBU,A2XNJJ9TF70P4J,5
B004HOLD60,A1X1CEGHTHMBL1,5
B004HOLD60,A3QNQQKJTL76H0,4
B004HOLD60,A1X1CEGHTHMBL1,5
B004HOLD60,A1X1CEGHTHMBL1,5
B004HOLD60,A1X1CEGHTHMBL1,5
B004HOLD60,A3QNQQKJTL76H0,4
B004HOLD60,A1TMAVN4CEM8U8,5
B004HOLD60,A1TMAVN4CEM8U8,5
B004HOLD60,A1TMAVN4CEM8U8,5
B004HOLD60,A1G60ANYI0HMEU,5
B004HOLD60,A1G60ANYI0HMEU,4
B004HOLD60,A1WX42M589VAMQ,5
B004HOLD60,A1G60ANYI0HMEU,4
B004HOLD60,A1SCANWWQTEG9I,3
B004HOLD60,A1N5FSCYN4796F,3
B004HOLD60,A1G60ANYI0HMEU,5
B004HOLD60,A1N5FSCYN4796F,5
B004HOLD60,A361PLXEWB9UC1,5
B004HOLD60,A1TMAVN4CEM8U8,5
B004HOLD60,A7EK88GF8N40F,5
B004HOLD60,A1TMAVN4CEM8U8,5
B004HOLD60,A3OXHLG6DIBRW8,5
B004HOLD60,A1SCANWWQTEG9I,3
B004HOLD60,A1X1CEGHTHMBL1,4
B000ESOV9Y,A1LZJZIHUPLDV4,5
B000ESOV9Y,A1LFSTBR7L7PUT,5
B000ESOV9Y,A3RR2P5IS3DGPR,3
B000ESOV9Y,A16KK3YHCWE29C,4
B000ESOV9Y,A132ETQPMHQ585,4
B001SITXH4,A2Y4S4CNGKF21S,3
B001SITXH4,A1YP5WLIHGG136,4
B001SITXH4,A2II09GQGWOMTQ,5
B001SITXH4,A370Z6I5GBWU44,4
B001SITXH4,A250AXLRBVYKB4,5
B001AMLQNW,AJQDIT55SZ3ZX,5
B001AMLQNW,A29313797NGT9L,4
B001AMLQNW,A1GYEGLX3P2Y7P,5
B001AMLQNW,A19SDJ2TSSL8HI,5
B001AMLQNW,A3OXHLG6DIBRW8,4
B001AMLQNW,A3OXHLG6DIBRW8,4
B001AMLQNW,AJQDIT55SZ3ZX,5
B001AMLQNW,AI0NMYA3LKXW1,5
B002VC22UG,A35W3JQYP0M655,5
B002VC22UG,A1IU7S4HCK1XK0,5
B002VC22UG,AZV26LP92E6WU,5
B002VC22UG,A2582KMXLK2P06,2
B002VC22UG,A1T1YSCDW0PD25,5
B002VC22UG,A370Z6I5GBWU44,5
B002VC22UG,A22CW0ZHY3NJH8,5
B002VC22UG,A383XURHVF8ON6,5
B002VC22UG,APP8XWYYV4PAA,3
B000H1217M,A3AZI828WJN1CD,5
B000H1217M,A19123D9G66E0O,5
B000H1217M,A33AQPJYH7UUXR,4
B000H1217M,AMPGRXQMO89X9,5
B000H1217M,A1V1EP514B5H7Y,3
B000H1217M,A383XURHVF8ON6,5
B000H1217M,A3DOPYDOS49I3T,5
B000H1217M,A3DOPYDOS49I3T,5
B000H1217M,A9NXTC0HTPSDO,5
B000H1217M,A9NXTC0HTPSDO,5
B000H1217M,A26LD9FQHTM8ZH,5
B000H1217M,A383XURHVF8ON6,5
B000H1217M,A383XURHVF8ON6,5
B000H1217M,A3HPCRD9RX351S,5
B000H1217M,A3DOPYDOS49I3T,5
B000H1217M,A17HMM1M7T9PJ1,5
B001SIXXWU,A2Y4S4CNGKF21S,3
B001SIXXWU,A1YP5WLIHGG136,4
B001SIXXWU,A2II09GQGWOMTQ,5
B001SIXXWU,A370Z6I5GBWU44,4
B001SIXXWU,A250AXLRBVYKB4,5
B005VUILWI,A17V9XL4CWTQ6G,3
B005VUILWI,ARYSDAZNRXN6G,5
B005VUILWI,A1X2LENOF84LCQ,3
B005VUILWI,A7EK88GF8N40F,4
B005VUILWI,A2FRFAQCWZJT3Q,3
B005VUILWI,AJQDIT55SZ3ZX,5
B0029JIG9C,A24ZV048V7J0MT,4
B0029JIG9C,A35LT14WG5BX0T,5
B0029JIG9C,A36WGHR8TO5DKT,4
B0029JIG9C,AZV26LP92E6WU,5
B0029JIG9C,AYB4ELCS5AM8P,5
B0029JIG9C,ABDCYK04CL6O4,5
B001FCFYU8,A17GK9E70O7Y9R,5
B001FCFYU8,A2OWR2PL3DLWS4,5
B001FCFYU8,A2OWR2PL3DLWS4,5
B001FCFYU8,A281NPSIMI1C2R,5
B001FCFYU8,A281NPSIMI1C2R,5
B001FCFYU8,A281NPSIMI1C2R,5
B001FCFYU8,ADS5APY1NKTL4,5
B001FCFYU8,A3MUSWDCTZINQZ,3
B001FCFYU8,ADLVFFE4VBT8,5
B001FCFYU8,A1AEQZM99LO9VA,2
B001FCFYU8,ADLVFFE4VBT8,5
B001FCFYU8,A1YUL9PCJR3JTY,4
B001FCFYU8,A1YUL9PCJR3JTY,5
B001FCFYU8,AK7CAW3N1XZV6,5
B001FCFYU8,A281NPSIMI1C2R,5
B001FCFYU8,A281NPSIMI1C2R,5
B001FCFYU8,A2DPYMNI2HCIOI,3
B001FCFYU8,AVFA1JB08RG8G,4
B001FCFYU8,A3UUTDX2WNVUS3,5
B001FCFYU8,A1AEQZM99LO9VA,3
B001FCFYU8,A1SO1PGDNVMLXC,5
B006N3I1HM,A2TJG4N8LNJW23,1
B006N3I1HM,A2SZLNSI5KOQJT,1
B006N3I1HM,A17HMM1M7T9PJ1,4
B006N3I1HM,A2TJG4N8LNJW23,1
B006N3I1HM,A3NEAETOSXDBOM,5
B000YSTIL0,APP8XWYYV4PAA,4
B000YSTIL0,A2FRFAQCWZJT3Q,5
B000YSTIL0,A1X2LENOF84LCQ,4
B000YSTIL0,A1ODOGXEYECQQ8,5
B000YSTIL0,A25C2M3QF9G7OQ,5
B000YSTIL0,A3EFSLEMHNPP6A,5
B000YSTIL0,A2MSQNPTNAAGL1,5
B000YSTIL0,A2FRFAQCWZJT3Q,5
B000YSTIL0,AQLL2R1PPR46X,5
B000YSTIL0,A2B8GXSCB1R05T,3
B000YSTIL0,A2MNB77YGJ3CN0,5
B000YSTIL0,AT9U5ZE5OO84C,5
B000YSTIL0,AT9U5ZE5OO84C,5
B000YSTIL0,A2Y8IDC1FKGNJC,5
B000YSTIL0,A17V9XL4CWTQ6G,5
B000YSTIL0,A1GQAKL9CGQLP1,5
B000YSTIL0,A3VKBFC5K2INR4,5
B000YSTIL0,ACYR6O588USK,5
B000YSTIL0,A1LZJZIHUPLDV4,5
B000YSTIL0,AWKZAUC0D8DYL,5
B000YSTIL0,A2TO2BN3P4C00L,3
B000YSTIL0,A1LZJZIHUPLDV4,5
B000YSTIL0,A2R1HUYHXV7H18,5
B008ATDIDE,A3BH49ZKESHDID,3
B008ATDIDE,A1WX42M589VAMQ,4
B008ATDIDE,A2XNJJ9TF70P4J,4
B008ATDIDE,A2Y8IDC1FKGNJC,5
B008ATDIDE,AKMEY1BSHSDG7,5
B007JFXWRC,A1AEPMPA12GUJ7,3
B007JFXWRC,A1N5FSCYN4796F,3
B007JFXWRC,A1KEK09ZA6J9P8,3
B007JFXWRC,A2XNOB1T796Y6B,4
B007JFXWRC,A1YJMG0QJXZLD4,2
B007JFXWRC,A2R6RA8FRBS608,5
B007JFXWRC,A1P2XYD265YE21,5
B007JFXWRC,AF3BYMPWKWO8F,2
B001KUWFPC,A2G7B7FKP2O2PU,5
B001KUWFPC,A2PNOU7NXB1JE4,3
B001KUWFPC,A281NPSIMI1C2R,5
B001KUWFPC,A2DPYMNI2HCIOI,4
B001KUWFPC,A3VKBFC5K2INR4,5
B001EO5U8I,A16KK3YHCWE29C,3
B001EO5U8I,A1YUL9PCJR3JTY,4
B001EO5U8I,AXO4PQU0XG3TG,4
B001EO5U8I,A3MUSWDCTZINQZ,5
B001EO5U8I,A1LZJZIHUPLDV4,5
B001EO5U8I,A1YUL9PCJR3JTY,4
B001EO5U8I,A2FRFAQCWZJT3Q,5
B001EO5U8I,A1LZJZIHUPLDV4,5
B001EO5U8I,A16KK3YHCWE29C,3
B000NIFO96,A2E3WMF9RWW2X2,5
B000NIFO96,A2B8GXSCB1R05T,5
B000NIFO96,A1YUL9PCJR3JTY,5
B000NIFO96,A1YUL9PCJR3JTY,5
B000NIFO96,A13HRSMJ5TOWEZ,5
B000NIFO96,A281NPSIMI1C2R,5
B000NIFO96,A1AEQZM99LO9VA,3
B000NIFO96,A2B8GXSCB1R05T,5
B004JGQ15Y,A1X2LENOF84LCQ,4
B004JGQ15Y,AEL6CQNQXONBX,5
B004JGQ15Y,A22CW0ZHY3NJH8,3
B004JGQ15Y,A3EPHBMU07LZ50,4
B004JGQ15Y,ALDAF4VVLFRHP,5
B004JGQ15Y,A13MKSASQ6YWL7,4
B004JGQ15Y,A2KIVODZRTGY4U,5
B004JGQ15Y,AKJHHD5VEH7VG,3
B004JGQ15Y,A1KEK09ZA6J9P8,5
B004JGQ15Y,A1W415JP5WEAJK,5
B004JGQ15Y,A1B6O7SAIYG2N0,3
B004JGQ15E,A3MUSWDCTZINQZ,5
B004JGQ15E,A3MDETK0D5UAIN,5
B004JGQ15E,A2KIVODZRTGY4U,4
B004JGQ15E,A1AEPMPA12GUJ7,4
B004JGQ15E,ACAXV4V8PBCE3,5
B004JGQ15E,A1W415JP5WEAJK,4
B004JGQ15E,A1P2XYD265YE21,5
B004JGQ15E,A281NPSIMI1C2R,5
B004JGQ15E,A1PI8VBCXXSGC7,4
B004JGQ15E,AQLL2R1PPR46X,5
B004JGQ15E,A2TO2BN3P4C00L,4
B004JGQ15E,A100WO06OQR8BQ,5
B004JGQ15E,AWKZAUC0D8DYL,5
B004JGQ15E,A1A1BM6N28X9J0,5
B004JGQ15E,A3EFSLEMHNPP6A,4
B004JGQ15E,A1RRMZKOMZ2M7J,2
B004JGQ15E,A13MKSASQ6YWL7,5
B004JGQ15E,A3R9H6OKZHHRJD,5
B004JGQ15E,ANCOMAI0I7LVG,5
B004JGQ15E,A1JMR1N9NBYJ1X,4
B004JGQ15E,A2MNB77YGJ3CN0,5
B004JGQ15E,A3MZNRSDQ32UUH,5
B004JGQ15E,AKJHHD5VEH7VG,5
B002DHNIBG,A2SZWFJX0783BF,5
B002DHNIBG,A1T1YSCDW0PD25,4
B002DHNIBG,A1GQAKL9CGQLP1,5
B002DHNIBG,A2X3L31KCXBHCL,5
B002DHNIBG,A38KP1POQ191WT,5
B004P7T7RQ,A1ODKP5Y7DPMM1,5
B004P7T7RQ,A1ODKP5Y7DPMM1,5
B004P7T7RQ,ABDCYK04CL6O4,5
B004P7T7RQ,ABDCYK04CL6O4,5
B004P7T7RQ,ABDCYK04CL6O4,5
B005QRPGQU,A1LHAXBM5GBJS2,4
B005QRPGQU,AMPGRXQMO89X9,3
B005QRPGQU,A1YJMG0QJXZLD4,5
B005QRPGQU,A2O421DTA8J0RW,5
B005QRPGQU,A35LT14WG5BX0T,4
B006W5WAL4,A25C2M3QF9G7OQ,4
B006W5WAL4,ANCOMAI0I7LVG,5
B006W5WAL4,A2YIO225BTKVPU,5
B006W5WAL4,A1V1EP514B5H7Y,5
B006W5WAL4,A1YJMG0QJXZLD4,3
B006W5WAL4,A19123D9G66E0O,4
B0002DGRSY,A29JUMRL1US6YP,5
B0002DGRSY,AJD41FBJD9010,5
B0002DGRSY,AJD41FBJD9010,5
B0002DGRSY,AJD41FBJD9010,5
B0002DGRSY,AJD41FBJD9010,5
B0002DGRSY,AJD41FBJD9010,5
B0002DGRSY,AJD41FBJD9010,5
B005K4Q34S,A35R32TA60XD57,1
B005K4Q34S,AKJHHD5VEH7VG,3
B005K4Q34S,ALDAF4VVLFRHP,5
B005K4Q34S,ALDAF4VVLFRHP,5
B005K4Q34S,A1X2LENOF84LCQ,2
B005K4Q34S,A35X2JJI49OBZP,4
B000CQBZV0,A2E3WMF9RWW2X2,5
B000CQBZV0,A2B8GXSCB1R05T,5
B000CQBZV0,A1YUL9PCJR3JTY,5
B000CQBZV0,A1YUL9PCJR3JTY,5
B000CQBZV0,A13HRSMJ5TOWEZ,5
B000CQBZV0,A281NPSIMI1C2R,5
B000CQBZV0,A1AEQZM99LO9VA,3
B000CQBZV0,A2B8GXSCB1R05T,5
B000FA393U,A35W3JQYP0M655,5
B000FA393U,A1IU7S4HCK1XK0,5
B000FA393U,AZV26LP92E6WU,5
B000FA393U,A2582KMXLK2P06,2
B000FA393U,A1T1YSCDW0PD25,5
B000FA393U,A370Z6I5GBWU44,5
B000FA393U,A22CW0ZHY3NJH8,5
B000FA393U,A383XURHVF8ON6,5
B000FA393U,APP8XWYYV4PAA,3
B003VXHGDM,A2UCZAWAN5QMJQ,4
B003VXHGDM,A35R32TA60XD57,5
B003VXHGDM,A2SZLNSI5KOQJT,4
B003VXHGDM,A2SZLNSI5KOQJT,5
B003VXHGDM,A17HMM1M7T9PJ1,4
B003VXHGDM,A2SZLNSI5KOQJT,3
B003VXHGDM,A26NFIQ7KWI8Y7,3
B003VXHGDM,A2TJG4N8LNJW23,4
B003VXHGDM,A2SZLNSI5KOQJT,3
B003VXHGDM,AYOMAHLWRQHUG,5
B003VXHGDM,A2D1LPEUCTNT8X,3
B003VXHGDM,A3OXRFCJI67IMN,4
B003VXHGDM,AQQLWCMRNDFGI,4
B003VXHGDM,A2KUUWP4ZZMOBP,4
B003VXHGDM,A2SZLNSI5KOQJT,4
B003VXHGDM,A26NFIQ7KWI8Y7,1
B003VXHGDM,AYOMAHLWRQHUG,5
B003VXHGDM,A35R32TA60XD57,5
B003VXHGDM,AQQLWCMRNDFGI,4
B000G18NO8,A1LZJZIHUPLDV4,5
B000G18NO8,AY12DBB0U420B,4
B000G18NO8,A281NPSIMI1C2R,5
B000G18NO8,A3VKBFC5K2INR4,4
B000G18NO8,A2XNJJ9TF70P4J,2
B0034EFIYC,A2AOD7254MCKSH,5
B0034EFIYC,A2C9XE9I8RSKNX,4
B0034EFIYC,A2D1LPEUCTNT8X,5
B0034EFIYC,A2158Y2U61AU9G,2
B0034EFIYC,A1WX42M589VAMQ,5
B0034EFIYC,A2TN9C5E4A0I3F,2
B003BGRUPI,A2E3WMF9RWW2X2,5
B003BGRUPI,A2B8GXSCB1R05T,5
B003BGRUPI,A1YUL9PCJR3JTY,5
B003BGRUPI,A1YUL9PCJR3JTY,5
B003BGRUPI,A13HRSMJ5TOWEZ,5
B003BGRUPI,A281NPSIMI1C2R,5
B003BGRUPI,A1AEQZM99LO9VA,3
B003BGRUPI,A2B8GXSCB1R05T,5
B0061IUIDY,A3EPHBMU07LZ50,4
B0061IUIDY,A2FRFAQCWZJT3Q,3
B0061IUIDY,A2M9D9BDHONV3Y,2
B0061IUIDY,A3FKGKUCI3DG9U,5
B0061IUIDY,A26A64X86VL1R4,3
B0061IUIDY,AQLL2R1PPR46X,4
B0061IUIDY,A16WPA6JV83YXT,4
B0061IUIDY,A1H7Y5XKPGT0OS,5
B0061IUIDY,AEC90GPFKLAAW,3
B0061IUIDY,A281NPSIMI1C2R,3
B0061IUIDY,A3EPHBMU07LZ50,4
B0061IUIDY,A2Y8IDC1FKGNJC,4
B0061IUIDY,A3FKGKUCI3DG9U,4
B0061IUIDY,ADS5APY1NKTL4,5
B0061IUIDY,A281NPSIMI1C2R,5
B0061IUIDY,A35X2JJI49OBZP,4
B0061IUIDY,A1IU7S4HCK1XK0,4
B0061IUIDY,ALSAOZ1V546VT,5
B0061IUIDY,A2M9D9BDHONV3Y,4
B0061IUIDY,A1SCANWWQTEG9I,4
B0061IUIDY,ARYSDAZNRXN6G,5
B0061IUIDY,A3MUSWDCTZINQZ,4
B0061IUIDY,A2W9I628I6SE1U,4
B0061IUIDY,A281NPSIMI1C2R,5
B0061IUIDY,A1F7YU6O5RU432,5
B0061IUIDY,A3FKGKUCI3DG9U,5
B0061IUIDY,A1H7Y5XKPGT0OS,5
B0061IUIDY,A1KEK09ZA6J9P8,5
B0061IUIDY,A3R9H6OKZHHRJD,4
B0061IUIDY,A1HRYC60VTMYC0,3
B0061IUIDY,A29M09QBG9TZLP,5
B0061IUIDY,A3EFSLEMHNPP6A,3
B0061IUIDY,AT9U5ZE5OO84C,3
B0061IUIDY,AEC90GPFKLAAW,4
B0061IUIDY,A3FY3H6F4249E0,5
B0061IUIDY,A383XURHVF8ON6,3
B0061IUIDY,A58N07M0ZCYMB,4
B0061IUIDY,A13GZCHAMKWYBT,4
B0061IUIDY,ARYSDAZNRXN6G,5
B0061IUIDY,A16WPA6JV83YXT,5
B000Q5X8DK,A2X3L31KCXBHCL,3
B000Q5X8DK,A2Y8IDC1FKGNJC,5
B000Q5X8DK,A1AEPMPA12GUJ7,4
B000Q5X8DK,A1LZJZIHUPLDV4,5
B000Q5X8DK,A1X2LENOF84LCQ,3
B000Q5X8DK,A16AXQ11SZA8SQ,5
B000Q5X8DK,A1LHAXBM5GBJS2,4
B000Q5X8DK,A13MKSASQ6YWL7,5
B000Q5X8DK,A25C2M3QF9G7OQ,4
B000Q5X8DK,A26LD9FQHTM8ZH,5
B000Q5X8DK,A2LJJ4482V9LAW,2
B000Q5X8DK,AXO4PQU0XG3TG,4
B000Q5X8DK,AQLL2R1PPR46X,5
B000Q5X8DK,AWKZAUC0D8DYL,5
B000Q5X8DK,AJCK6OKNWGIYG,5
B000Q5X8DK,A35X2JJI49OBZP,5
B001BDDT8K,A1RRMZKOMZ2M7J,4
B001BDDT8K,A1AEPMPA12GUJ7,3
B001BDDT8K,A1Q7A78VSQ5GQ4,5
B001BDDT8K,AF3BYMPWKWO8F,1
B001BDDT8K,A3FKGKUCI3DG9U,3
B001BDDT8K,A3FKGKUCI3DG9U,3
B001BDDT8K,A3FKGKUCI3DG9U,3
B001BDDT8K,A3FKGKUCI3DG9U,3
B001BDDT8K,A2PNOU7NXB1JE4,3
B001BDDT8K,A2FRFAQCWZJT3Q,4
B001BDDT8K,A2W9I628I6SE1U,4
B001BDDT8K,A1RLP0R1N8H8C4,5
B001BDDT8K,A25C2M3QF9G7OQ,3
B001BDDT8K,A1JMR1N9NBYJ1X,4
B001BDDT8K,A2PNOU7NXB1JE4,4
B001BDDT8K,A1Z4LX3Q1YMF84,5
B001BDDT8K,A1RLP0R1N8H8C4,5
B001BDDT8K,A250AXLRBVYKB4,5
B001BDDT8K,APP8XWYYV4PAA,5
B001BDDT8K,AF3BYMPWKWO8F,3
B001BDDT8K,AF3BYMPWKWO8F,1
B001BDDT8K,A1KEK09ZA6J9P8,5
B001BDDT8K,AF3BYMPWKWO8F,1
B001BDDT8K,A2PNOU7NXB1JE4,2
B001BDDT8K,AF3BYMPWKWO8F,1
B001BDDT8K,A16AXQ11SZA8SQ,5
B001BDDT8K,AK8LOFYRZJJW0,4
B001BDDT8K,A13MKSASQ6YWL7,5
B001BDDT8K,AQLL2R1PPR46X,5
B001BDDT8K,AQLL2R1PPR46X,5
B001BDDT8K,A2G7B7FKP2O2PU,5
B001BDDT8K,AF3BYMPWKWO8F,1
B001BDDT8K,A3MZNRSDQ32UUH,5
B001BDDT8K,A2G7B7FKP2O2PU,5
B001BDDT8K,A1JMR1N9NBYJ1X,4
B001BDDT8K,APP8XWYYV4PAA,5
B001BDDT8K,A2R1HUYHXV7H18,4
B001BDDT8K,AF3BYMPWKWO8F,1
B001BDDT8K,AF3BYMPWKWO8F,1
B001BDDT8K,AF3BYMPWKWO8F,1
B001BDDT8K,A2YSFKX18XTHED,5
B001BDDT8K,A3FKGKUCI3DG9U,3
B001BDDT8K,A3FKGKUCI3DG9U,3
B001BDDT8K,A2FRFAQCWZJT3Q,5
B001BDDT8K,A1HRYC60VTMYC0,5
B001BDDT8K,A250AXLRBVYKB4,4
B006WYSFZK,A2OEUROGZDTXUJ,5
B006WYSFZK,A22PUBSSNP54L,5
B006WYSFZK,AYB4ELCS5AM8P,5
B006WYSFZK,A2MUGFV2TDQ47K,3
B006WYSFZK,A3RMGIKUWGPZOK,5
B006WYSFZK,A3PJZ8TU8FDQ1K,5
B006WYSFZK,A3PJZ8TU8FDQ1K,5
B006WYSFZK,A31N6KB160O508,4
B006WYSFZK,A31N6KB160O508,4
B006WYSFZK,A31N6KB160O508,4
B006WYSFZK,A1B05INWIDZ74O,3
B006WYSFZK,A1B05INWIDZ74O,5
B006WYSFZK,A2OEUROGZDTXUJ,4
B006WYSFZK,A38KP1POQ191WT,1
B006WYSFZK,ACYR6O588USK,5
B006WYSFZK,AY1EF0GOH80EK,5
B006WYSFZK,A2A1XYSB692L6J,5
B006WYSFZK,A3RMGIKUWGPZOK,3
B006WYSFZK,A2TN9C5E4A0I3F,1
B006WYSFZK,AR7TAEEUDHMUB,1
B006WYSFZK,ADS5APY1NKTL4,5
B006WYSFZK,A3RMGIKUWGPZOK,5
B006WYSFZK,A3PJZ8TU8FDQ1K,5
B006WYSFZK,A1Q7A78VSQ5GQ4,5
B006WYSFZK,A2A8KWCE8RKB9T,4
B006WYSFZK,A2OEUROGZDTXUJ,5
B006WYSFZK,A2II09GQGWOMTQ,5
B006WYSFZK,AQQLWCMRNDFGI,4
B006WYSFZK,A24ZV048V7J0MT,5
B006WYSFZK,A3RMGIKUWGPZOK,5
B006WYSFZK,A3PJZ8TU8FDQ1K,5
B006WYSFZK,A3PJZ8TU8FDQ1K,5
B006WYSFZK,A2YKWYC3WQJX5J,5
B006WYSFZK,AKMEY1BSHSDG7,5
B006WYSFZK,ADS5APY1NKTL4,5
B006WYSFZK,A3M174IC0VXOS2,5
B006WYSFZK,A2OL5WLCNZVD9K,3
B001E4Q5GO,A2KUUWP4ZZMOBP,5
B001E4Q5GO,AKMEY1BSHSDG7,5
B001E4Q5GO,A1X1CEGHTHMBL1,5
B001E4Q5GO,A17GK9E70O7Y9R,5
B001E4Q5GO,A3OXHLG6DIBRW8,4
B000F9XBIE,A1Z54EM24Y40LL,5
B000F9XBIE,A1HRYC60VTMYC0,3
B000F9XBIE,ALL9XFM0Q1N4E,5
B000F9XBIE,A1WOMXOEX90ARI,5
B000F9XBIE,AMRMK86X3PKXD,5
B001BM4RC8,APP8XWYYV4PAA,5
B001BM4RC8,ACAIEIV03NBHY,4
B001BM4RC8,A106ZCP7RSXMRU,5
B001BM4RC8,A16KK3YHCWE29C,5
B001BM4RC8,AQQLWCMRNDFGI,3
B001BM4RC8,A3VKBFC5K2INR4,5
B001BM4RC8,A1LZJZIHUPLDV4,5
B001BM4RC8,A36MP37DITBU6F,5
B001BM4RC8,A16KK3YHCWE29C,5
B001BM4RC8,A106ZCP7RSXMRU,5
B001BM4RC8,A17GK9E70O7Y9R,4
B001BM4RC8,A2A8KWCE8RKB9T,5
B003CK7MME,A2E3WMF9RWW2X2,5
B003CK7MME,A2B8GXSCB1R05T,5
B003CK7MME,A1YUL9PCJR3JTY,5
B003CK7MME,A1YUL9PCJR3JTY,5
B003CK7MME,A13HRSMJ5TOWEZ,5
B003CK7MME,A281NPSIMI1C2R,5
B003CK7MME,A1AEQZM99LO9VA,3
B003CK7MME,A2B8GXSCB1R05T,5
B001E50WDA,A2A1XYSB692L6J,5
B001E50WDA,A1ODOGXEYECQQ8,5
B001E50WDA,A1X1CEGHTHMBL1,5
B001E50WDA,A3OXHLG6DIBRW8,5
B001E50WDA,AJQDIT55SZ3ZX,5
B001E50WDA,AJQDIT55SZ3ZX,5
B006MONQMC,A1YJMG0QJXZLD4,3
B006MONQMC,AYB4ELCS5AM8P,3
B006MONQMC,A1KEK09ZA6J9P8,4
B006MONQMC,A1ZPY91VE3IDN1,4
B006MONQMC,A22CW0ZHY3NJH8,3
B006MONQMC,A3OXHLG6DIBRW8,4
B006MONQMC,A1JMR1N9NBYJ1X,5
B006MONQMC,AIEEK7AHXKZCC,3
B006MONQMC,AEL6CQNQXONBX,4
B006MONQMC,AY1EF0GOH80EK,5
B006MONQMC,A35X2JJI49OBZP,3
B006MONQMC,A2Y8IDC1FKGNJC,2
B006MONQMC,AKMEY1BSHSDG7,5
B006MONQMC,A1ONZ8JRPLBNUI,4
B006MONQMC,A1LHAXBM5GBJS2,4
B006MONQMC,A35JP8KSV9281K,4
B006MONQMC,A22PUBSSNP54L,3
B006MONQMC,A2MUGFV2TDQ47K,3
B006MONQMC,A36MP37DITBU6F,4
B006MONQMC,A1W415JP5WEAJK,4
B006MONQMC,A3QNQQKJTL76H0,3
B006MONQMC,A353U0L2HAMSHV,4
B006MONQMC,A2YKWYC3WQJX5J,2
B006MONQMC,AQ6AGWKWMTY8H,3
B006MONQMC,A1SCANWWQTEG9I,2
B006MONQMC,A1GYEGLX3P2Y7P,4
B006MONQMC,A11OTLEDSW8ZXD,4
B006MONQMC,AWKZAUC0D8DYL,3
B006MONQMC,A2XNOB1T796Y6B,2
B006MONQMC,A7EK88GF8N40F,3
B006MONQMC,A1TMAVN4CEM8U8,5
B006MONQMC,ARYSDAZNRXN6G,5
B006MONQMC,AMRMK86X3PKXD,2
B006MONQMC,A2YB7DLC3FOR7W,3
B006MONQMC,A2R1HUYHXV7H18,4
B006MONQMC,AKJHHD5VEH7VG,5
B006MONQMC,A3MDETK0D5UAIN,1
B006MONQMC,A100WO06OQR8BQ,1
B006MONQMC,A16AXQ11SZA8SQ,1
B006MONQMC,ADS5APY1NKTL4,1
B006MONQMC,A25C2M3QF9G7OQ,3
B006MONQMC,A1A1BM6N28X9J0,1
B006MONQMC,A3T0OTH5072YRE,3
B006MONQMC,A1AEPMPA12GUJ7,4
B006MONQMC,A13MKSASQ6YWL7,5
B006MONQMC,A1QBOC76MIOJYP,5
B006MONQMC,A1F7YU6O5RU432,4
B006MONQMC,A1ODOGXEYECQQ8,4
B006MONQMC,A1PI8VBCXXSGC7,4
B006MONQMC,ALDAF4VVLFRHP,4
B006MONQMC,A3094EPI56GKZ6,3
B006MONQMC,A1V1EP514B5H7Y,2
B006MONQMC,A2SZLNSI5KOQJT,4
B006MONQMC,ADLVFFE4VBT8,1
B001P3PR54,A132ETQPMHQ585,5
B001P3PR54,AJQDIT55SZ3ZX,1
B001P3PR54,A3HPCRD9RX351S,5
B001P3PR54,A1ZPY91VE3IDN1,4
B001P3PR54,A2YKWYC3WQJX5J,4
B00164X9SE,A35W3JQYP0M655,5
B00164X9SE,A1IU7S4HCK1XK0,5
B00164X9SE,AZV26LP92E6WU,5
B00164X9SE,A2582KMXLK2P06,2
B00164X9SE,A1T1YSCDW0PD25,5
B00164X9SE,A370Z6I5GBWU44,5
B00164X9SE,A22CW0ZHY3NJH8,5
B00164X9SE,A383XURHVF8ON6,5
B00164X9SE,APP8XWYYV4PAA,3
B0014WYY1E,A1KEK09ZA6J9P8,5
B0014WYY1E,A11ED8O95W2103,5
B0014WYY1E,A2X3L31KCXBHCL,5
B0014WYY1E,AVFA1JB08RG8G,5
B0014WYY1E,A38KP1POQ191WT,5
B0014WYY1E,A1LHAXBM5GBJS2,4
B0014WYY1E,A13K3ZLWAWN1EI,5
B0054I4LTO,A1A1BM6N28X9J0,3
B0054I4LTO,A35LT14WG5BX0T,5
B0054I4LTO,A3MZNRSDQ32UUH,5
B0054I4LTO,AMRMK86X3PKXD,5
B0054I4LTO,A1UQBFCERIP7VJ,4
B0054I4LTO,A3OXHLG6DIBRW8,4
B0029JI9OE,A24ZV048V7J0MT,4
B0029JI9OE,A35LT14WG5BX0T,5
B0029JI9OE,A36WGHR8TO5DKT,4
B0029JI9OE,AZV26LP92E6WU,5
B0029JI9OE,AYB4ELCS5AM8P,5
B0029JI9OE,ABDCYK04CL6O4,5
B005QRPGYW,A1LHAXBM5GBJS2,4
B005QRPGYW,AMPGRXQMO89X9,3
B005QRPGYW,A1YJMG0QJXZLD4,5
B005QRPGYW,A2O421DTA8J0RW,5
B005QRPGYW,A35LT14WG5BX0T,4
B001LFEUCM,A1P2XYD265YE21,5
B001LFEUCM,A1P2XYD265YE21,5
B001LFEUCM,A1RLP0R1N8H8C4,4
B001LFEUCM,AJB5P7GVR0MT8,2
B001LFEUCM,AQLL2R1PPR46X,2
B000AYGXKC,AJQDIT55SZ3ZX,5
B000AYGXKC,A29313797NGT9L,4
B000AYGXKC,A1GYEGLX3P2Y7P,5
B000AYGXKC,A19SDJ2TSSL8HI,5
B000AYGXKC,A3OXHLG6DIBRW8,4
B000AYGXKC,A3OXHLG6DIBRW8,4
B000AYGXKC,AJQDIT55SZ3ZX,5
B000AYGXKC,AI0NMYA3LKXW1,5
B006HYLW32,A2LJJ4482V9LAW,5
B006HYLW32,A2YB7DLC3FOR7W,5
B006HYLW32,A17V9XL4CWTQ6G,5
B006HYLW32,A2MNB77YGJ3CN0,5
B006HYLW32,A3T0OTH5072YRE,3
B006HYLW32,A2NOW4U7W3F7RI,5
B006HYLW32,A1PI8VBCXXSGC7,4
B006HYLW32,A24ZV048V7J0MT,3
B006HYLW32,A3AZI828WJN1CD,3
B006HYLW32,A13MKSASQ6YWL7,3
B006HYLW32,ALL9XFM0Q1N4E,5
B006HYLW32,A3BBC8E7QT7N9I,4
B006HYLW32,A1ZH9LWMX5UCFJ,5
B006HYLW32,A3HPCRD9RX351S,5
B006HYLW32,A13K3ZLWAWN1EI,4
B006HYLW32,A3QNQQKJTL76H0,5
B006HYLW32,A3V1A3C9DTLPME,5
B006HYLW32,A1GYEGLX3P2Y7P,4
B006HYLW32,A2SZLNSI5KOQJT,4
B007RTR9G0,A1V1EP514B5H7Y,5
B007RTR9G0,A3094EPI56GKZ6,5
B007RTR9G0,A16AXQ11SZA8SQ,4
B007RTR9G0,A2MUGFV2TDQ47K,3
B007RTR9G0,AJQDIT55SZ3ZX,1
B007RTR9G0,A1P2XYD265YE21,3
B007RTR9G0,A2KIVODZRTGY4U,2
B007RTR9G0,A2X3L31KCXBHCL,1
B007RTR9G0,A3OXHLG6DIBRW8,2
B007RTR9G0,AKMEY1BSHSDG7,4
B007RTR9G0,A26LD9FQHTM8ZH,1
B007RTR9G0,A1GYEGLX3P2Y7P,3
B007RTR9G0,A1ODOGXEYECQQ8,2
B007RTR9G0,AEL6CQNQXONBX,2
B007RTR9G0,ANCOMAI0I7LVG,1
B007RTR9G0,A35JP8KSV9281K,3
B007RTR9G0,A1QBOC76MIOJYP,4
B007RTR9G0,A3MUSWDCTZINQZ,4
B004728MI4,A2OEUROGZDTXUJ,5
B004728MI4,A22PUBSSNP54L,5
B004728MI4,AYB4ELCS5AM8P,5
B004728MI4,A2MUGFV2TDQ47K,3
B004728MI4,A3RMGIKUWGPZOK,5
B004728MI4,A3PJZ8TU8FDQ1K,5
B004728MI4,A3PJZ8TU8FDQ1K,5
B004728MI4,A31N6KB160O508,4
B004728MI4,A31N6KB160O508,4
B004728MI4,A31N6KB160O508,4
B004728MI4,A1B05INWIDZ74O,3
B004728MI4,A1B05INWIDZ74O,5
B004728MI4,A2OEUROGZDTXUJ,4
B004728MI4,A38KP1POQ191WT,1
B004728MI4,ACYR6O588USK,5
B004728MI4,AY1EF0GOH80EK,5
B004728MI4,A2A1XYSB692L6J,5
B004728MI4,A3RMGIKUWGPZOK,3
B004728MI4,A2TN9C5E4A0I3F,1
B004728MI4,AR7TAEEUDHMUB,1
B004728MI4,ADS5APY1NKTL4,5
B004728MI4,A3RMGIKUWGPZOK,5
B004728MI4,A3PJZ8TU8FDQ1K,5
B004728MI4,A1Q7A78VSQ5GQ4,5
B004728MI4,A2A8KWCE8RKB9T,4
B004728MI4,A2OEUROGZDTXUJ,5
B004728MI4,A2II09GQGWOMTQ,5
B004728MI4,AQQLWCMRNDFGI,4
B004728MI4,A24ZV048V7J0MT,5
B004728MI4,A3RMGIKUWGPZOK,5
B004728MI4,A3PJZ8TU8FDQ1K,5
B004728MI4,A3PJZ8TU8FDQ1K,5
B004728MI4,A2YKWYC3WQJX5J,5
B004728MI4,AKMEY1BSHSDG7,5
B004728MI4,ADS5APY1NKTL4,5
B004728MI4,A3M174IC0VXOS2,5
B004728MI4,A2OL5WLCNZVD9K,3
B000LKTVCC,A22PUBSSNP54L,5
B000LKTVCC,ADS5APY1NKTL4,5
B000LKTVCC,AQQLWCMRNDFGI,4
B000LKTVCC,A1Q7A78VSQ5GQ4,5
B000LKTVCC,AYB4ELCS5AM8P,5
B000LKTVCC,AJCK6OKNWGIYG,5
B001SAXPEO,A2OEUROGZDTXUJ,5
B001SAXPEO,A22PUBSSNP54L,5
B001SAXPEO,AYB4ELCS5AM8P,5
B001SAXPEO,A2MUGFV2TDQ47K,3
B001SAXPEO,A3RMGIKUWGPZOK,5
B001SAXPEO,A3PJZ8TU8FDQ1K,5
B001SAXPEO,A3PJZ8TU8FDQ1K,5
B001SAXPEO,A31N6KB160O508,4
B001SAXPEO,A31N6KB160O508,4
B001SAXPEO,A31N6KB160O508,4
B001SAXPEO,A1B05INWIDZ74O,3
B001SAXPEO,A1B05INWIDZ74O,5
B001SAXPEO,A2OEUROGZDTXUJ,4
B001SAXPEO,A38KP1POQ191WT,1
B001SAXPEO,ACYR6O588USK,5
B001SAXPEO,AY1EF0GOH80EK,5
B001SAXPEO,A2A1XYSB692L6J,5
B001SAXPEO,A3RMGIKUWGPZOK,3
B001SAXPEO,A2TN9C5E4A0I3F,1
B001SAXPEO,AR7TAEEUDHMUB,1
B001SAXPEO,ADS5APY1NKTL4,5
B001SAXPEO,A3RMGIKUWGPZOK,5
B001SAXPEO,A3PJZ8TU8FDQ1K,5
B001SAXPEO,A1Q7A78VSQ5GQ4,5
B001SAXPEO,A2A8KWCE8RKB9T,4
B001SAXPEO,A2OEUROGZDTXUJ,5
B001SAXPEO,A2II09GQGWOMTQ,5
B001SAXPEO,AQQLWCMRNDFGI,4
B001SAXPEO,A24ZV048V7J0MT,5
B001SAXPEO,A3RMGIKUWGPZOK,5
B001SAXPEO,A3PJZ8TU8FDQ1K,5
B001SAXPEO,A3PJZ8TU8FDQ1K,5
B001SAXPEO,A2YKWYC3WQJX5J,5
B001SAXPEO,AKMEY1BSHSDG7,5
B001SAXPEO,ADS5APY1NKTL4,5
B001SAXPEO,A3M174IC0VXOS2,5
B001SAXPEO,A2OL5WLCNZVD9K,3
B0029JLU2C,A24ZV048V7J0MT,4
B0029JLU2C,A35LT14WG5BX0T,5
B0029JLU2C,A36WGHR8TO5DKT,4
B0029JLU2C,AZV26LP92E6WU,5
B0029JLU2C,AYB4ELCS5AM8P,5
B0029JLU2C,ABDCYK04CL6O4,5
B002DZIL24,A2MNB77YGJ3CN0,4
B002DZIL24,A3LWC833HQIG7J,4
B002DZIL24,A13GZCHAMKWYBT,5
B002DZIL24,A1XGFW5016CGQI,5
B002DZIL24,A3RR2P5IS3DGPR,5
B007JT7ARQ,A2II09GQGWOMTQ,5
B007JT7ARQ,ALSAOZ1V546VT,5
B007JT7ARQ,A1DH3QDZX8Z7GO,4
B007JT7ARQ,A2G7B7FKP2O2PU,5
B007JT7ARQ,A2TO2BN3P4C00L,4
B007JT7ARQ,ACYR6O588USK,5
B007JT7ARQ,A2Y8IDC1FKGNJC,4
B007JT7ARQ,A100WO06OQR8BQ,5
B007JT7ARQ,A3FKGKUCI3DG9U,5
B000H0ZJHW,A3AZI828WJN1CD,5
B000H0ZJHW,A19123D9G66E0O,5
B000H0ZJHW,A33AQPJYH7UUXR,4
B000H0ZJHW,AMPGRXQMO89X9,5
B000H0ZJHW,A1V1EP514B5H7Y,3
B000H0ZJHW,A383XURHVF8ON6,5
B000H0ZJHW,A3DOPYDOS49I3T,5
B000H0ZJHW,A3DOPYDOS49I3T,5
B000H0ZJHW,A9NXTC0HTPSDO,5
B000H0ZJHW,A9NXTC0HTPSDO,5
B000H0ZJHW,A26LD9FQHTM8ZH,5
B000H0ZJHW,A383XURHVF8ON6,5
B000H0ZJHW,A383XURHVF8ON6,5
B000H0ZJHW,A3HPCRD9RX351S,5
B000H0ZJHW,A3DOPYDOS49I3T,5
B000H0ZJHW,A17HMM1M7T9PJ1,5
B003YBLF2E,A3PJZ8TU8FDQ1K,5
B003YBLF2E,A35X2JJI49OBZP,4
B003YBLF2E,A3EFSLEMHNPP6A,2
B003YBLF2E,A3FKGKUCI3DG9U,4
B003YBLF2E,A1KEK09ZA6J9P8,4
B003YBLF2E,A1PI8VBCXXSGC7,4
B003YBLF2E,A2TN9C5E4A0I3F,1
B003YBLF2E,A3T0OTH5072YRE,4
B003YBLF2E,A3D9NUCR4RXDPY,4
B003YBLF2E,AWKZAUC0D8DYL,5
B003YBLF2E,A1HRYC60VTMYC0,5
B003YBLF2E,A3DOPYDOS49I3T,5
B003YBLF2E,A22PUBSSNP54L,3
B003YBLF2E,A2OL5WLCNZVD9K,5
B003YBLF2E,AT9U5ZE5OO84C,3
B003YBLF2E,A13MKSASQ6YWL7,3
B003YBLF2E,A281NPSIMI1C2R,4
B007JT7AIA,A1TMAVN4CEM8U8,4
B007JT7AIA,A2X3L31KCXBHCL,5
B007JT7AIA,AEL6CQNQXONBX,4
B007JT7AIA,A1QBOC76MIOJYP,5
B007JT7AIA,A353U0L2HAMSHV,4
B007JT7AIA,A29M09QBG9TZLP,5
B007JT7AIA,A25C2M3QF9G7OQ,5
B007JT7AIA,A11OTLEDSW8ZXD,4
B007JT7AIA,A13WOT3RSXKRD5,4
B007JT7AIA,A2Y8IDC1FKGNJC,4
B001KVPC8I,A2OL5WLCNZVD9K,5
B001KVPC8I,A1X1CEGHTHMBL1,5
B001KVPC8I,AJCK6OKNWGIYG,5
B001KVPC8I,A1TMAVN4CEM8U8,5
B001KVPC8I,A1TMAVN4CEM8U8,5
B000EQX57K,APP8XWYYV4PAA,5
B000EQX57K,ACAIEIV03NBHY,4
B000EQX57K,A106ZCP7RSXMRU,5
B000EQX57K,A16KK3YHCWE29C,5
B000EQX57K,AQQLWCMRNDFGI,3
B000EQX57K,A3VKBFC5K2INR4,5
B000EQX57K,A1LZJZIHUPLDV4,5
B000EQX57K,A36MP37DITBU6F,5
B000EQX57K,A16KK3YHCWE29C,5
B000EQX57K,A106ZCP7RSXMRU,5
B000EQX57K,A17GK9E70O7Y9R,4
B000EQX57K,A2A8KWCE8RKB9T,5
B000CQID1K,A3OXHLG6DIBRW8,4
B000CQID1K,A2O421DTA8J0RW,5
B000CQID1K,A1TMAVN4CEM8U8,5
B000CQID1K,A1B05INWIDZ74O,5
B000CQID1K,A2C9XE9I8RSKNX,5
B000CQID1K,AQLL2R1PPR46X,5
B000CQID1K,AEC90GPFKLAAW,4
B000CQID1K,A3QA0BBQW08DLZ,4
B004HOSGWE,A1X1CEGHTHMBL1,5
B004HOSGWE,A3QNQQKJTL76H0,4
B004HOSGWE,A1X1CEGHTHMBL1,5
B004HOSGWE,A1X1CEGHTHMBL1,5
B004HOSGWE,A1X1CEGHTHMBL1,5
B004HOSGWE,A3QNQQKJTL76H0,4
B004HOSGWE,A1TMAVN4CEM8U8,5
B004HOSGWE,A1TMAVN4CEM8U8,5
B004HOSGWE,A1TMAVN4CEM8U8,5
B004HOSGWE,A1G60ANYI0HMEU,5
B004HOSGWE,A1G60ANYI0HMEU,4
B004HOSGWE,A1WX42M589VAMQ,5
B004HOSGWE,A1G60ANYI0HMEU,4
B004HOSGWE,A1SCANWWQTEG9I,3
B004HOSGWE,A1N5FSCYN4796F,3
B004HOSGWE,A1G60ANYI0HMEU,5
B004HOSGWE,A1N5FSCYN4796F,5
B004HOSGWE,A361PLXEWB9UC1,5
B004HOSGWE,A1TMAVN4CEM8U8,5
B004HOSGWE,A7EK88GF8N40F,5
B004HOSGWE,A1TMAVN4CEM8U8,5
B004HOSGWE,A3OXHLG6DIBRW8,5
B004HOSGWE,A1SCANWWQTEG9I,3
B004HOSGWE,A1X1CEGHTHMBL1,4
B003VZ7W52,A370Z6I5GBWU44,4
B003VZ7W52,A19123D9G66E0O,4
B003VZ7W52,A2NOW4U7W3F7RI,5
B003VZ7W52,A3EPHBMU07LZ50,4
B003VZ7W52,AZV26LP92E6WU,5
B003VZ7W52,A1XGFW5016CGQI,5
B003VZ7W52,A1YJMG0QJXZLD4,5
B003VZ7W52,AJCK6OKNWGIYG,4
B007JFMH8M,AWKZAUC0D8DYL,5
B007JFMH8M,A1ZH9LWMX5UCFJ,4
B007JFMH8M,A1LHAXBM5GBJS2,4
B007JFMH8M,A35W3JQYP0M655,4
B007JFMH8M,A1QBOC76MIOJYP,3
B007JFMH8M,A3R9H6OKZHHRJD,3
B007JFMH8M,A1N5FSCYN4796F,2
B007JFMH8M,A100WO06OQR8BQ,3
B007JFMH8M,A1A1BM6N28X9J0,1
B007JFMH8M,A1YJMG0QJXZLD4,5
B002EDIJL8,AVFA1JB08RG8G,4
B002EDIJL8,A2MNB77YGJ3CN0,5
B002EDIJL8,A36WGHR8TO5DKT,5
B002EDIJL8,A2C9XE9I8RSKNX,5
B002EDIJL8,A31N6KB160O508,5
B002EDIJL8,A2MUGFV2TDQ47K,1
B001EO5U3I,A3OXRFCJI67IMN,5
B001EO5U3I,AKMEY1BSHSDG7,5
B001EO5U3I,A22PUBSSNP54L,3
B001EO5U3I,A3PJZ8TU8FDQ1K,5
B001EO5U3I,AXO4PQU0XG3TG,4
B001EO5U3I,AJB5P7GVR0MT8,5
B001EO5U3I,A2PNOU7NXB1JE4,5
B001EO5U3I,A1IU7S4HCK1XK0,5
B001EO5U3I,A17GK9E70O7Y9R,5
B001EO5U3I,ACAXV4V8PBCE3,5
B001EO5U3I,A1ZPY91VE3IDN1,5
B000G6Q4FI,A22PUBSSNP54L,5
B000G6Q4FI,ADS5APY1NKTL4,5
B000G6Q4FI,AQQLWCMRNDFGI,4
B000G6Q4FI,A1Q7A78VSQ5GQ4,5
B000G6Q4FI,AYB4ELCS5AM8P,5
B000G6Q4FI,AJCK6OKNWGIYG,5
B005K4Q68Q,AKJHHD5VEH7VG,3
B005K4Q68Q,A3OXHLG6DIBRW8,5
B005K4Q68Q,A3OXHLG6DIBRW8,5
B005K4Q68Q,A35R32TA60XD57,1
B005K4Q68Q,A2YHXAZLCLDT8D,5
B0030VJ8YU,A4DTM6B4IBYQX,5
B0030VJ8YU,A4DTM6B4IBYQX,5
B0030VJ8YU,A20P8VC55KPPCT,5
B0030VJ8YU,A4DTM6B4IBYQX,2
B0030VJ8YU,A20P8VC55KPPCT,5
B0030VJ8YU,A20P8VC55KPPCT,5
